temperature_2m,relative_humidity_2m,apparent_temperature,precipitation,rain,weather_code,wind_speed_10m,soil_moisture_0_to_7cm,timestamp,european_aqi,us_aqi,uv_index,pm2_5,pm10,nitrogen_dioxide,sulphur_dioxide,carbon_monoxide,ozone,sunrise,sunset,is_daylight,city
28.2,91,35.6,0.0,0.0,3,2.4,0.259,2026-08-25 00:00:00,92,157,0.0,89.2,98.0,77.8,47.7,1014.0,19.0,2026-08-25 05:55:00,2026-08-25 18:50:00,False,Delhi
28.0,92,35.4,0.0,0.0,3,1.9,0.259,2026-08-25 01:00:00,93,157,0.0,89.4,99.2,75.2,46.4,859.0,22.0,2026-08-25 05:55:00,2026-08-25 18:50:00,False,Delhi
27.9,92,35.1,0.0,0.0,3,2.9,0.259,2026-08-25 02:00:00,93,158,0.0,78.9,87.1,70.4,44.3,766.0,26.0,2026-08-25 05:55:00,2026-08-25 18:50:00,False,Delhi
27.8,92,35.1,0.0,0.0,3,2.1,0.259,2026-08-25 03:00:00,93,158,0.0,66.1,74.3,62.7,40.7,710.0,30.0,2026-08-25 05:55:00,2026-08-25 18:50:00,False,Delhi
27.6,93,35.0,0.0,0.0,3,1.9,0.259,2026-08-25 04:00:00,93,157,0.0,46.3,52.6,52.9,36.2,717.0,36.0,2026-08-25 05:55:00,2026-08-25 18:50:00,False,Delhi
26.2,97,33.1,0.0,0.0,3,2.1,0.251,2026-08-25 05:00:00,91,156,0.0,61.5,74.5,37.1,31.3,775.0,53.0,2026-08-25 05:55:00,2026-08-25 18:50:00,False,Delhi
26.5,97,33.6,1.2,1.2,55,1.6,0.267,2026-08-25 06:00:00,91,156,0.05,64.5,76.8,39.8,34.7,929.0,54.0,2026-08-25 05:55:00,2026-08-25 18:50:00,True,Delhi
26.6,97,33.3,0.9,0.9,53,4.5,0.279,2026-08-25 07:00:00,91,156,0.3,65.2,79.9,43.3,39.5,1136.0,57.0,2026-08-25 05:55:00,2026-08-25 18:50:00,True,Delhi
27.2,93,34.1,0.5,0.5,53,3.3,0.285,2026-08-25 08:00:00,91,156,1.35,67.1,84.1,43.5,43.5,1254.0,74.0,2026-08-25 05:55:00,2026-08-25 18:50:00,True,Delhi
28.5,88,35.9,0.1,0.1,51,1.6,0.285,2026-08-25 09:00:00,91,156,2.45,62.6,84.8,37.5,46.4,1203.0,115.0,2026-08-25 05:55:00,2026-08-25 18:50:00,True,Delhi
29.6,82,36.7,0.0,0.0,3,3.5,0.282,2026-08-25 10:00:00,91,156,5.2,57.9,84.1,28.3,48.6,1064.0,169.0,2026-08-25 05:55:00,2026-08-25 18:50:00,True,Delhi
30.9,70,36.9,0.0,0.0,2,2.9,0.288,2026-08-25 11:00:00,91,156,5.45,60.5,93.1,20.6,49.2,933.0,214.0,2026-08-25 05:55:00,2026-08-25 18:50:00,True,Delhi
31.3,67,37.0,0.0,0.0,2,4.4,0.283,2026-08-25 12:00:00,91,156,5.65,62.6,94.1,15.7,47.4,832.0,244.0,2026-08-25 05:55:00,2026-08-25 18:50:00,True,Delhi
32.2,63,38.7,0.0,0.0,3,3.2,0.277,2026-08-25 13:00:00,91,156,5.25,65.2,95.9,12.3,44.0,740.0,264.0,2026-08-25 05:55:00,2026-08-25 18:50:00,True,Delhi
32.3,63,38.4,0.0,0.0,1,2.7,0.271,2026-08-25 14:00:00,91,156,3.7,69.4,102.0,11.2,41.0,690.0,274.0,2026-08-25 05:55:00,2026-08-25 18:50:00,True,Delhi
32.6,62,38.7,0.0,0.0,2,2.8,0.265,2026-08-25 15:00:00,92,162,2.25,71.0,103.6,9.4,38.1,640.0,274.0,2026-08-25 05:55:00,2026-08-25 18:50:00,True,Delhi
32.4,63,38.5,0.0,0.0,1,1.5,0.26,2026-08-25 16:00:00,92,197,1.0,72.2,105.9,9.8,35.6,634.0,262.0,2026-08-25 05:55:00,2026-08-25 18:50:00,True,Delhi
29.0,89,36.1,0.0,0.0,3,7.3,0.29,2026-08-25 17:00:00,93,211,0.15,50.8,60.8,29.9,38.6,832.0,166.0,2026-08-25 05:55:00,2026-08-25 18:50:00,True,Delhi
28.9,89,36.4,0.5,0.5,53,3.9,0.294,2026-08-25 18:00:00,93,215,0.0,52.4,60.1,35.6,40.2,1471.0,143.0,2026-08-25 05:55:00,2026-08-25 18:50:00,True,Delhi
28.4,94,36.0,0.2,0.2,51,4.5,0.296,2026-08-25 19:00:00,93,213,0.0,57.4,63.3,43.7,42.5,2316.0,112.0,2026-08-25 05:55:00,2026-08-25 18:50:00,False,Delhi
28.3,93,35.8,0.0,0.0,3,4.0,0.296,2026-08-25 20:00:00,93,206,0.0,67.3,71.9,51.4,45.5,2819.0,84.0,2026-08-25 05:55:00,2026-08-25 18:50:00,False,Delhi
27.9,94,35.2,0.0,0.0,2,5.0,0.296,2026-08-25 21:00:00,93,189,0.0,78.0,81.5,58.2,49.6,2684.0,65.0,2026-08-25 05:55:00,2026-08-25 18:50:00,False,Delhi
27.6,92,34.1,0.0,0.0,3,6.7,0.296,2026-08-25 22:00:00,94,158,0.0,88.0,91.3,64.6,54.4,2208.0,49.0,2026-08-25 05:55:00,2026-08-25 18:50:00,False,Delhi
27.9,91,34.8,0.0,0.0,3,4.6,0.301,2026-08-25 23:00:00,94,159,0.0,97.3,100.4,69.5,58.3,1736.0,37.0,2026-08-25 05:55:00,2026-08-25 18:50:00,False,Delhi
27.5,92,34.5,0.0,0.0,3,3.6,0.301,2026-08-26 00:00:00,95,159,0.0,103.6,106.4,72.0,60.5,1350.0,29.0,2026-08-26 05:56:00,2026-08-26 18:49:00,False,Delhi
27.2,93,34.0,0.0,0.0,3,4.5,0.301,2026-08-26 01:00:00,95,160,0.0,109.4,112.0,72.9,61.8,968.0,23.0,2026-08-26 05:56:00,2026-08-26 18:49:00,False,Delhi
27.1,94,33.9,0.0,0.0,3,3.5,0.3,2026-08-26 02:00:00,96,160,0.0,115.3,117.8,73.8,62.9,690.0,19.0,2026-08-26 05:56:00,2026-08-26 18:49:00,False,Delhi
27.0,94,33.8,0.0,0.0,2,3.5,0.3,2026-08-26 03:00:00,97,161,0.0,120.1,122.5,76.4,63.7,564.0,10.0,2026-08-26 05:56:00,2026-08-26 18:49:00,False,Delhi
26.9,94,33.7,0.0,0.0,2,2.9,0.3,2026-08-26 04:00:00,99,163,0.0,125.3,128.5,78.9,64.4,541.0,1.0,2026-08-26 05:56:00,2026-08-26 18:49:00,False,Delhi
27.4,96,34.8,0.0,0.0,3,3.1,0.29,2026-08-26 05:00:00,101,165,0.0,95.9,97.1,52.5,63.1,574.0,36.0,2026-08-26 05:56:00,2026-08-26 18:49:00,False,Delhi
26.5,94,32.6,1.2,1.2,55,6.3,0.303,2026-08-26 06:00:00,103,166,0.1,105.2,106.4,49.8,66.4,691.0,57.0,2026-08-26 05:56:00,2026-08-26 18:49:00,True,Delhi
26.1,98,32.9,9.0,9.0,65,2.7,0.418,2026-08-26 07:00:00,104,167,0.65,98.5,100.1,45.7,70.8,864.0,88.0,2026-08-26 05:56:00,2026-08-26 18:49:00,True,Delhi
26.6,96,33.7,1.7,1.7,61,1.5,0.421,2026-08-26 08:00:00,105,168,1.9,82.9,86.6,40.2,72.7,964.0,124.0,2026-08-26 05:56:00,2026-08-26 18:49:00,True,Delhi
28.4,89,35.4,0.4,0.4,51,4.4,0.411,2026-08-26 09:00:00,106,169,3.45,66.1,72.6,32.0,70.0,912.0,169.0,2026-08-26 05:56:00,2026-08-26 18:49:00,True,Delhi
29.5,84,36.6,0.2,0.2,51,3.9,0.402,2026-08-26 10:00:00,106,169,5.1,62.9,72.2,22.4,64.8,786.0,220.0,2026-08-26 05:56:00,2026-08-26 18:49:00,True,Delhi
29.5,82,36.7,0.1,0.1,51,1.5,0.393,2026-08-26 11:00:00,106,169,6.2,65.9,77.8,14.9,59.5,698.0,261.0,2026-08-26 05:56:00,2026-08-26 18:49:00,True,Delhi
30.5,80,37.8,0.1,0.1,51,5.4,0.386,2026-08-26 12:00:00,106,169,6.15,71.5,85.9,10.8,54.8,694.0,289.0,2026-08-26 05:56:00,2026-08-26 18:49:00,True,Delhi
31.2,78,39.3,0.0,0.0,3,2.7,0.377,2026-08-26 13:00:00,106,170,4.8,77.3,93.6,8.9,49.9,727.0,307.0,2026-08-26 05:56:00,2026-08-26 18:49:00,True,Delhi
32.1,71,39.5,0.0,0.0,3,2.3,0.369,2026-08-26 14:00:00,107,179,3.55,78.5,96.2,9.2,45.5,764.0,311.0,2026-08-26 05:56:00,2026-08-26 18:49:00,True,Delhi
32.3,66,38.6,0.1,0.1,51,4.0,0.363,2026-08-26 15:00:00,107,208,2.0,78.9,97.3,10.4,40.7,736.0,297.0,2026-08-26 05:56:00,2026-08-26 18:49:00,True,Delhi
31.8,69,38.0,0.2,0.2,51,4.6,0.36,2026-08-26 16:00:00,107,222,0.9,78.7,102.7,13.7,36.2,712.0,268.0,2026-08-26 05:56:00,2026-08-26 18:49:00,True,Delhi
28.7,92,36.2,0.3,0.3,51,5.4,0.254,2026-08-26 17:00:00,108,232,0.2,90.8,134.1,36.8,43.9,860.0,186.0,2026-08-26 05:56:00,2026-08-26 18:49:00,True,Delhi
28.8,91,36.5,0.1,0.1,51,2.8,0.255,2026-08-26 18:00:00,109,233,0.0,94.8,118.0,54.1,46.2,1389.0,146.0,2026-08-26 05:56:00,2026-08-26 18:49:00,True,Delhi
28.4,93,35.8,0.1,0.1,51,6.0,0.255,2026-08-26 19:00:00,110,228,0.0,111.1,129.5,77.6,49.2,2090.0,90.0,2026-08-26 05:56:00,2026-08-26 18:49:00,False,Delhi
28.2,93,35.2,0.0,0.0,3,7.8,0.256,2026-08-26 20:00:00,112,217,0.0,119.0,135.5,92.3,50.8,2509.0,49.0,2026-08-26 05:56:00,2026-08-26 18:49:00,False,Delhi
28.0,94,34.8,0.0,0.0,3,8.2,0.256,2026-08-26 21:00:00,114,201,0.0,117.1,147.1,89.9,49.8,2391.0,36.0,2026-08-26 05:56:00,2026-08-26 18:49:00,False,Delhi
27.8,93,34.5,0.0,0.0,3,6.8,0.256,2026-08-26 22:00:00,115,177,0.0,112.5,176.0,78.7,47.4,1991.0,37.0,2026-08-26 05:56:00,2026-08-26 18:49:00,False,Delhi
28.9,92,36.2,0.0,0.0,3,6.7,0.245,2026-08-26 23:00:00,116,178,0.0,106.2,185.3,68.1,44.2,1620.0,39.0,2026-08-26 05:56:00,2026-08-26 18:49:00,False,Delhi
28.4,92,35.5,0.0,0.0,3,6.9,0.245,2026-08-27 00:00:00,116,178,0.0,98.7,176.5,61.0,39.9,1374.0,37.0,2026-08-27 05:56:00,2026-08-27 18:48:00,False,Delhi
28.1,92,35.0,0.0,0.0,3,7.4,0.245,2026-08-27 01:00:00,116,178,0.0,91.7,156.9,54.5,34.9,1157.0,36.0,2026-08-27 05:56:00,2026-08-27 18:48:00,False,Delhi
27.9,92,34.5,0.0,0.0,3,6.8,0.245,2026-08-27 02:00:00,115,178,0.0,85.0,147.1,49.5,31.1,989.0,34.0,2026-08-27 05:56:00,2026-08-27 18:48:00,False,Delhi
27.6,92,34.3,0.0,0.0,3,5.5,0.245,2026-08-27 03:00:00,114,177,0.0,82.2,140.6,46.7,29.0,877.0,30.0,2026-08-27 05:56:00,2026-08-27 18:48:00,False,Delhi
27.4,91,33.9,0.0,0.0,3,5.3,0.245,2026-08-27 04:00:00,113,176,0.0,81.0,122.5,45.4,28.2,815.0,25.0,2026-08-27 05:56:00,2026-08-27 18:48:00,False,Delhi
28.3,90,35.1,0.0,0.0,3,5.7,0.231,2026-08-27 05:00:00,112,174,0.0,72.4,98.7,39.4,28.2,800.0,33.0,2026-08-27 05:56:00,2026-08-27 18:48:00,False,Delhi
28.1,90,34.8,0.0,0.0,2,6.0,0.232,2026-08-27 06:00:00,111,174,0.05,77.3,96.2,39.9,31.6,866.0,39.0,2026-08-27 05:56:00,2026-08-27 18:48:00,True,Delhi
29.0,88,35.9,0.0,0.0,3,6.7,0.231,2026-08-27 07:00:00,110,173,0.4,74.7,103.8,40.4,36.4,980.0,48.0,2026-08-27 05:56:00,2026-08-27 18:48:00,True,Delhi
30.0,83,37.6,0.0,0.0,3,3.1,0.23,2026-08-27 08:00:00,109,172,1.05,69.2,94.3,39.2,40.4,1038.0,67.0,2026-08-27 05:56:00,2026-08-27 18:48:00,True,Delhi
30.6,81,38.4,0.0,0.0,3,2.2,0.229,2026-08-27 09:00:00,109,172,1.8,61.9,86.1,34.9,43.2,975.0,102.0,2026-08-27 05:56:00,2026-08-27 18:48:00,True,Delhi
31.9,76,40.3,0.0,0.0,3,0.4,0.224,2026-08-27 10:00:00,109,172,3.0,60.1,85.2,28.9,45.3,855.0,147.0,2026-08-27 05:56:00,2026-08-27 18:48:00,True,Delhi
33.8,52,39.2,0.0,0.0,3,2.9,0.231,2026-08-27 11:00:00,109,172,3.3,61.2,85.9,23.7,46.0,774.0,185.0,2026-08-27 05:56:00,2026-08-27 18:48:00,True,Delhi
34.4,50,39.5,0.0,0.0,3,4.6,0.224,2026-08-27 12:00:00,108,171,3.4,60.5,84.3,19.5,44.9,781.0,213.0,2026-08-27 05:56:00,2026-08-27 18:48:00,True,Delhi
32.3,61,36.9,0.0,0.0,3,9.0,0.22,2026-08-27 13:00:00,108,171,3.45,64.0,88.2,16.0,42.5,825.0,233.0,2026-08-27 05:56:00,2026-08-27 18:48:00,True,Delhi
31.8,70,37.8,0.0,0.0,3,7.1,0.215,2026-08-27 14:00:00,108,171,3.05,65.7,97.6,15.0,39.8,852.0,244.0,2026-08-27 05:56:00,2026-08-27 18:48:00,True,Delhi
31.8,71,38.3,0.0,0.0,3,6.2,0.211,2026-08-27 15:00:00,107,170,1.95,66.4,94.3,15.7,36.2,759.0,243.0,2026-08-27 05:56:00,2026-08-27 18:48:00,True,Delhi
32.3,71,39.6,0.0,0.0,3,2.5,0.207,2026-08-27 16:00:00,107,170,1.0,63.1,87.8,18.9,32.3,648.0,232.0,2026-08-27 05:56:00,2026-08-27 18:48:00,True,Delhi
30.4,77,36.8,0.0,0.0,3,5.6,0.212,2026-08-27 17:00:00,106,192,0.25,60.8,79.6,28.3,31.1,771.0,209.0,2026-08-27 05:56:00,2026-08-27 18:48:00,True,Delhi
30.0,80,37.2,0.0,0.0,3,2.0,0.211,2026-08-27 18:00:00,105,204,0.0,70.8,84.5,50.1,34.9,1386.0,166.0,2026-08-27 05:56:00,2026-08-27 18:48:00,True,Delhi
29.4,85,36.5,0.0,0.0,3,4.8,0.211,2026-08-27 19:00:00,104,205,0.0,86.6,98.7,78.1,41.5,2234.0,112.0,2026-08-27 05:56:00,2026-08-27 18:48:00,False,Delhi
29.1,87,36.2,0.0,0.0,3,4.9,0.211,2026-08-27 20:00:00,104,200,0.0,95.9,110.1,97.7,46.8,2792.0,70.0,2026-08-27 05:56:00,2026-08-27 18:48:00,False,Delhi
28.9,85,35.7,0.0,0.0,3,5.4,0.211,2026-08-27 21:00:00,103,178,0.0,97.6,111.5,101.1,49.6,2811.0,52.0,2026-08-27 05:56:00,2026-08-27 18:48:00,False,Delhi
28.8,84,35.1,0.0,0.0,2,6.7,0.211,2026-08-27 22:00:00,102,166,0.0,102.2,111.5,96.0,51.2,2539.0,46.0,2026-08-27 05:56:00,2026-08-27 18:48:00,False,Delhi
29.1,86,35.8,0.0,0.0,1,7.2,0.211,2026-08-27 23:00:00,102,166,0.0,106.4,115.3,90.7,51.8,2194.0,42.0,2026-08-27 05:56:00,2026-08-27 18:48:00,False,Delhi
28.4,88,34.9,0.0,0.0,1,7.6,0.211,2026-08-28 00:00:00,102,166,0.0,108.7,119.7,88.2,51.5,1800.0,35.0,2026-08-28 05:57:00,2026-08-28 18:47:00,False,Delhi
28.0,89,34.5,0.0,0.0,1,6.3,0.211,2026-08-28 01:00:00,102,166,0.0,112.7,126.2,85.3,50.3,1332.0,29.0,2026-08-28 05:57:00,2026-08-28 18:47:00,False,Delhi
27.8,89,34.3,0.0,0.0,2,5.0,0.211,2026-08-28 02:00:00,103,167,0.0,114.8,132.7,81.2,47.9,933.0,24.0,2026-08-28 05:57:00,2026-08-28 18:47:00,False,Delhi
27.9,86,33.9,0.0,0.0,3,6.8,0.212,2026-08-28 03:00:00,104,167,0.0,114.6,140.2,75.5,44.0,632.0,17.0,2026-08-28 05:57:00,2026-08-28 18:47:00,False,Delhi
28.3,77,32.9,0.0,0.0,1,9.4,0.211,2026-08-28 04:00:00,105,168,0.0,112.7,149.9,68.4,39.0,400.0,11.0,2026-08-28 05:57:00,2026-08-28 18:47:00,False,Delhi
26.2,94,30.9,0.0,0.0,3,13.9,0.215,2026-08-28 05:00:00,106,169,0.0,54.6,116.6,31.1,26.1,290.0,47.0,2026-08-28 05:57:00,2026-08-28 18:47:00,False,Delhi
27.0,89,32.3,0.5,0.5,53,9.8,0.221,2026-08-28 06:00:00,105,169,0.1,51.3,109.9,29.1,23.1,393.0,52.0,2026-08-28 05:57:00,2026-08-28 18:47:00,True,Delhi
28.1,88,34.3,0.0,0.0,3,7.4,0.221,2026-08-28 07:00:00,105,168,0.7,51.9,105.9,26.1,19.0,618.0,60.0,2026-08-28 05:57:00,2026-08-28 18:47:00,True,Delhi
29.5,80,35.6,0.0,0.0,2,6.2,0.22,2026-08-28 08:00:00,104,167,1.95,53.9,136.0,22.3,15.8,740.0,73.0,2026-08-28 05:57:00,2026-08-28 18:47:00,True,Delhi
30.8,70,35.7,0.0,0.0,1,11.2,0.217,2026-08-28 09:00:00,103,167,3.8,66.1,246.8,17.0,14.5,632.0,97.0,2026-08-28 05:57:00,2026-08-28 18:47:00,True,Delhi
31.9,65,37.4,0.0,0.0,2,10.2,0.212,2026-08-28 10:00:00,103,167,5.6,79.6,330.6,11.0,14.1,421.0,126.0,2026-08-28 05:57:00,2026-08-28 18:47:00,True,Delhi
32.6,60,38.3,0.0,0.0,2,10.9,0.211,2026-08-28 11:00:00,104,168,7.05,93.1,408.9,6.6,13.9,262.0,148.0,2026-08-28 05:57:00,2026-08-28 18:47:00,True,Delhi
33.4,57,38.8,0.0,0.0,1,10.8,0.204,2026-08-28 12:00:00,105,169,6.7,104.5,489.9,4.4,13.7,215.0,157.0,2026-08-28 05:57:00,2026-08-28 18:47:00,True,Delhi
33.9,54,39.3,0.0,0.0,1,10.7,0.197,2026-08-28 13:00:00,107,170,6.0,108.5,514.1,3.8,13.7,221.0,157.0,2026-08-28 05:57:00,2026-08-28 18:47:00,True,Delhi
34.2,52,39.0,0.0,0.0,1,11.0,0.19,2026-08-28 14:00:00,109,171,4.3,119.0,609.1,5.4,13.8,255.0,153.0,2026-08-28 05:57:00,2026-08-28 18:47:00,True,Delhi
34.1,52,38.2,0.0,0.0,1,11.5,0.184,2026-08-28 15:00:00,117,173,2.45,126.2,666.8,8.9,13.7,277.0,144.0,2026-08-28 05:57:00,2026-08-28 18:47:00,True,Delhi
33.8,54,37.7,0.0,0.0,0,10.9,0.179,2026-08-28 16:00:00,127,175,1.0,130.4,687.3,14.5,13.7,327.0,130.0,2026-08-28 05:57:00,2026-08-28 18:47:00,True,Delhi
33.5,58,38.2,0.0,0.0,0,9.5,0.166,2026-08-28 17:00:00,137,177,0.3,118.5,577.4,21.5,14.3,509.0,106.0,2026-08-28 05:57:00,2026-08-28 18:47:00,True,Delhi
31.9,67,37.9,0.0,0.0,0,4.6,0.165,2026-08-28 18:00:00,145,178,0.0,124.8,517.8,39.3,20.6,982.0,82.0,2026-08-28 05:57:00,2026-08-28 18:47:00,True,Delhi
31.2,71,37.5,0.0,0.0,0,3.4,0.165,2026-08-28 19:00:00,152,180,0.0,141.6,564.4,63.9,29.5,1585.0,48.0,2026-08-28 05:57:00,2026-08-28 18:47:00,False,Delhi
30.6,73,37.0,0.0,0.0,0,3.1,0.165,2026-08-28 20:00:00,160,181,0.0,160.7,588.6,83.1,37.2,1942.0,21.0,2026-08-28 05:57:00,2026-08-28 18:47:00,False,Delhi
29.8,77,36.0,0.0,0.0,1,4.2,0.165,2026-08-28 21:00:00,168,183,0.0,170.9,573.7,92.3,43.1,1846.0,9.0,2026-08-28 05:57:00,2026-08-28 18:47:00,False,Delhi
29.3,78,35.6,0.0,0.0,2,4.0,0.166,2026-08-28 22:00:00,176,192,0.0,177.9,556.9,96.1,47.8,1503.0,4.0,2026-08-28 05:57:00,2026-08-28 18:47:00,False,Delhi
29.4,79,35.7,0.0,0.0,1,3.9,0.169,2026-08-28 23:00:00,183,204,0.0,177.4,517.8,96.2,49.3,1156.0,1.0,2026-08-28 05:57:00,2026-08-28 18:47:00,False,Delhi
28.7,79,34.6,0.0,0.0,1,4.3,0.169,2026-08-29 00:00:00,190,228,0.0,165.3,458.2,92.5,46.0,858.0,0.0,2026-08-29 05:57:00,2026-08-29 18:46:00,False,Delhi
28.4,80,33.9,0.0,0.0,2,5.6,0.17,2026-08-29 01:00:00,195,248,0.0,146.7,383.7,85.2,39.4,556.0,1.0,2026-08-29 05:57:00,2026-08-29 18:46:00,False,Delhi
28.2,79,33.3,0.0,0.0,3,7.5,0.17,2026-08-29 02:00:00,200,263,0.0,124.8,303.6,75.7,32.7,336.0,4.0,2026-08-29 05:57:00,2026-08-29 18:46:00,False,Delhi
27.9,79,32.8,0.0,0.0,2,8.2,0.17,2026-08-29 03:00:00,203,273,0.0,102.7,263.6,63.3,26.1,247.0,9.0,2026-08-29 05:57:00,2026-08-29 18:46:00,False,Delhi
27.8,79,32.2,0.0,0.0,1,9.8,0.17,2026-08-29 04:00:00,205,281,0.0,85.0,266.4,48.8,19.4,240.0,16.0,2026-08-29 05:57:00,2026-08-29 18:46:00,False,Delhi
28.2,78,32.5,0.0,0.0,3,12.3,0.157,2026-08-29 05:00:00,207,288,0.0,81.5,380.9,21.7,10.0,259.0,38.0,2026-08-29 05:57:00,2026-08-29 18:46:00,False,Delhi
27.9,78,32.1,0.0,0.0,3,11.9,0.157,2026-08-29 06:00:00,211,303,0.15,85.4,424.7,20.4,10.4,305.0,45.0,2026-08-29 05:57:00,2026-08-29 18:46:00,True,Delhi
28.5,75,32.7,0.0,0.0,3,11.7,0.156,2026-08-29 07:00:00,216,319,0.75,95.2,489.9,18.4,11.1,376.0,55.0,2026-08-29 05:57:00,2026-08-29 18:46:00,True,Delhi
29.5,71,33.5,0.0,0.0,2,12.6,0.155,2026-08-29 08:00:00,223,339,2.15,103.8,542.0,15.9,11.7,412.0,70.0,2026-08-29 05:57:00,2026-08-29 18:46:00,True,Delhi
30.6,67,34.7,0.0,0.0,3,12.4,0.152,2026-08-29 09:00:00,229,361,4.2,111.5,599.8,12.5,12.3,374.0,92.0,2026-08-29 05:57:00,2026-08-29 18:46:00,True,Delhi
31.8,63,36.7,0.0,0.0,2,12.3,0.147,2026-08-29 10:00:00,235,379,6.1,118.7,642.6,8.5,12.8,300.0,119.0,2026-08-29 05:57:00,2026-08-29 18:46:00,True,Delhi
33.3,57,38.9,0.0,0.0,1,10.9,0.143,2026-08-29 11:00:00,240,395,7.25,122.9,663.1,5.7,13.4,244.0,139.0,2026-08-29 05:57:00,2026-08-29 18:46:00,True,Delhi
34.1,55,40.1,0.0,0.0,0,10.5,0.137,2026-08-29 12:00:00,245,407,6.95,122.0,648.2,4.1,13.9,225.0,150.0,2026-08-29 05:57:00,2026-08-29 18:46:00,True,Delhi
34.7,52,40.6,0.0,0.0,0,10.2,0.131,2026-08-29 13:00:00,247,413,5.8,120.1,629.6,3.5,14.5,224.0,154.0,2026-08-29 05:57:00,2026-08-29 18:46:00,True,Delhi
34.9,50,40.1,0.0,0.0,2,10.5,0.126,2026-08-29 14:00:00,249,418,3.95,118.5,612.8,5.3,14.9,241.0,152.0,2026-08-29 05:57:00,2026-08-29 18:46:00,True,Delhi
34.8,50,39.0,0.0,0.0,2,10.3,0.122,2026-08-29 15:00:00,249,418,2.1,117.1,603.5,9.5,14.8,257.0,142.0,2026-08-29 05:57:00,2026-08-29 18:46:00,True,Delhi
34.5,51,38.2,0.0,0.0,3,10.4,0.118,2026-08-29 16:00:00,248,416,0.9,114.6,577.4,16.0,14.7,291.0,124.0,2026-08-29 05:57:00,2026-08-29 18:46:00,True,Delhi
33.8,54,38.1,0.0,0.0,1,8.6,0.111,2026-08-29 17:00:00,246,411,0.3,91.0,419.1,20.0,13.4,398.0,106.0,2026-08-29 05:57:00,2026-08-29 18:46:00,True,Delhi
32.5,65,38.8,0.0,0.0,3,3.2,0.111,2026-08-29 18:00:00,244,405,0.0,95.7,352.0,36.1,18.3,674.0,82.0,2026-08-29 05:57:00,2026-08-29 18:46:00,True,Delhi
31.9,70,38.8,0.0,0.0,3,1.3,0.111,2026-08-29 19:00:00,241,397,0.0,108.7,364.1,58.3,25.0,1022.0,50.0,2026-08-29 05:57:00,2026-08-29 18:46:00,False,Delhi
31.0,74,37.7,0.0,0.0,3,3.6,0.112,2026-08-29 20:00:00,238,387,0.0,120.1,372.5,75.7,30.9,1213.0,24.0,2026-08-29 05:57:00,2026-08-29 18:46:00,False,Delhi
30.6,74,36.7,0.0,0.0,3,5.1,0.112,2026-08-29 21:00:00,234,375,0.0,128.1,366.9,84.2,35.5,1105.0,12.0,2026-08-29 05:57:00,2026-08-29 18:46:00,False,Delhi
30.0,75,36.3,0.0,0.0,3,3.8,0.112,2026-08-29 22:00:00,231,365,0.0,136.0,357.6,87.9,39.1,839.0,6.0,2026-08-29 05:57:00,2026-08-29 18:46:00,False,Delhi
30.2,74,36.0,0.0,0.0,3,5.5,0.113,2026-08-29 23:00:00,227,354,0.0,136.9,341.8,87.6,39.9,605.0,4.0,2026-08-29 05:57:00,2026-08-29 18:46:00,False,Delhi
29.4,77,35.3,0.0,0.0,3,5.6,0.113,2026-08-30 00:00:00,224,345,0.0,130.4,320.4,83.0,36.0,467.0,4.0,2026-08-30 05:58:00,2026-08-30 18:45:00,False,Delhi
29.1,77,34.6,0.0,0.0,1,7.1,0.114,2026-08-30 01:00:00,222,338,0.0,117.6,297.1,74.3,29.2,361.0,7.0,2026-08-30 05:58:00,2026-08-30 18:45:00,False,Delhi
28.8,76,33.8,0.0,0.0,0,7.5,0.114,2026-08-30 02:00:00,221,333,0.0,98.7,295.2,63.7,22.9,285.0,12.0,2026-08-30 05:58:00,2026-08-30 18:45:00,False,Delhi
28.4,74,32.8,0.0,0.0,0,8.4,0.114,2026-08-30 03:00:00,221,333,0.0,82.7,303.6,49.7,17.9,245.0,19.0,2026-08-30 05:58:00,2026-08-30 18:45:00,False,Delhi
27.9,75,32.1,0.0,0.0,1,8.4,0.114,2026-08-30 04:00:00,221,335,0.0,72.2,299.0,33.7,13.4,235.0,28.0,2026-08-30 05:58:00,2026-08-30 18:45:00,False,Delhi
28.4,72,32.3,0.0,0.0,0,10.6,0.112,2026-08-30 05:00:00,222,337,0.0,80.8,421.0,16.7,8.7,239.0,46.0,2026-08-30 05:58:00,2026-08-30 18:45:00,False,Delhi
28.1,73,32.0,0.0,0.0,1,9.9,0.112,2026-08-30 06:00:00,222,339,0.1,84.3,440.5,15.5,9.6,262.0,53.0,2026-08-30 05:58:00,2026-08-30 18:45:00,True,Delhi
28.9,71,33.1,0.0,0.0,2,9.0,0.112,2026-08-30 07:00:00,223,340,0.75,95.2,476.8,13.7,10.8,299.0,63.0,2026-08-30 05:58:00,2026-08-30 18:45:00,True,Delhi
29.8,68,33.8,0.0,0.0,2,10.8,0.111,2026-08-30 08:00:00,222,339,2.2,101.5,530.9,11.7,11.8,315.0,76.0,2026-08-30 05:58:00,2026-08-30 18:45:00,True,Delhi
30.8,65,35.1,0.0,0.0,3,9.9,0.109,2026-08-30 09:00:00,222,338,4.2,108.0,571.8,9.2,12.3,289.0,94.0,2026-08-30 05:58:00,2026-08-30 18:45:00,True,Delhi
32.3,61,36.9,0.0,0.0,3,9.7,0.107,2026-08-30 10:00:00,222,337,6.15,114.6,603.5,6.5,12.6,242.0,115.0,2026-08-30 05:58:00,2026-08-30 18:45:00,True,Delhi
33.2,56,38.3,0.0,0.0,3,10.0,0.108,2026-08-30 11:00:00,221,335,6.95,119.0,625.8,4.5,12.9,206.0,131.0,2026-08-30 05:58:00,2026-08-30 18:45:00,True,Delhi
33.7,53,38.1,0.0,0.0,3,9.0,0.105,2026-08-30 12:00:00,221,333,6.5,100.8,478.7,3.5,13.1,193.0,140.0,2026-08-30 05:58:00,2026-08-30 18:45:00,True,Delhi
33.4,54,37.7,0.0,0.0,3,7.4,0.103,2026-08-30 13:00:00,218,324,5.95,93.1,422.8,3.3,13.3,192.0,145.0,2026-08-30 05:58:00,2026-08-30 18:45:00,True,Delhi
33.3,54,37.7,0.0,0.0,3,6.6,0.102,2026-08-30 14:00:00,214,313,4.1,88.7,393.9,4.2,13.5,197.0,144.0,2026-08-30 05:58:00,2026-08-30 18:45:00,True,Delhi
34.0,51,38.3,0.0,0.0,3,5.7,0.1,2026-08-30 15:00:00,211,302,2.25,85.0,373.5,5.3,13.2,193.0,138.0,2026-08-30 05:58:00,2026-08-30 18:45:00,True,Delhi
33.7,51,37.5,0.1,0.1,51,8.2,0.099,2026-08-30 16:00:00,207,288,0.95,82.7,347.4,7.6,12.8,197.0,127.0,2026-08-30 05:58:00,2026-08-30 18:45:00,True,Delhi
33.6,54,37.8,0.1,0.1,51,8.6,0.1,2026-08-30 17:00:00,203,275,0.25,75.4,276.6,15.0,16.2,251.0,118.0,2026-08-30 05:58:00,2026-08-30 18:45:00,True,Delhi
32.3,63,37.6,0.0,0.0,3,6.3,0.099,2026-08-30 18:00:00,201,266,0.0,84.3,228.2,34.9,23.0,421.0,91.0,2026-08-30 05:58:00,2026-08-30 18:45:00,True,Delhi
31.4,69,37.3,0.0,0.0,3,5.3,0.099,2026-08-30 19:00:00,198,259,0.0,97.8,241.2,62.2,32.4,641.0,54.0,2026-08-30 05:58:00,2026-08-30 18:45:00,False,Delhi
31.0,70,36.7,0.0,0.0,3,6.0,0.099,2026-08-30 20:00:00,196,252,0.0,109.9,241.2,81.4,39.2,762.0,26.0,2026-08-30 05:58:00,2026-08-30 18:45:00,False,Delhi
30.5,71,36.0,0.0,0.0,3,6.2,0.099,2026-08-30 21:00:00,194,244,0.0,113.2,225.4,85.2,41.3,691.0,15.0,2026-08-30 05:58:00,2026-08-30 18:45:00,False,Delhi
30.0,72,35.6,0.0,0.0,3,5.2,0.099,2026-08-30 22:00:00,192,235,0.0,109.9,201.2,80.9,40.9,521.0,13.0,2026-08-30 05:58:00,2026-08-30 18:45:00,False,Delhi
30.0,74,35.7,0.0,0.0,3,6.0,0.096,2026-08-30 23:00:00,189,226,0.0,101.7,175.1,75.3,39.2,378.0,12.0,2026-08-30 05:58:00,2026-08-30 18:45:00,False,Delhi
26.4,88,31.1,0.5,0.5,53,9.9,0.278,2026-08-25 00:00:00,40,65,0.0,17.5,46.8,5.3,3.9,165.0,39.0,2026-08-25 06:22:00,2026-08-25 18:59:00,False,Mumbai
26.0,90,30.7,0.0,0.0,2,10.6,0.278,2026-08-25 01:00:00,41,65,0.0,16.6,44.9,4.8,3.5,136.0,40.0,2026-08-25 06:22:00,2026-08-25 18:59:00,False,Mumbai
26.3,87,30.8,0.2,0.2,51,10.5,0.281,2026-08-25 02:00:00,42,65,0.0,16.6,44.7,4.5,3.3,118.0,40.0,2026-08-25 06:22:00,2026-08-25 18:59:00,False,Mumbai
26.3,85,30.8,0.1,0.1,51,9.8,0.281,2026-08-25 03:00:00,43,66,0.0,17.2,48.9,4.2,3.2,108.0,40.0,2026-08-25 06:22:00,2026-08-25 18:59:00,False,Mumbai
25.7,88,30.4,0.3,0.3,51,7.3,0.285,2026-08-25 04:00:00,44,66,0.0,17.2,50.5,4.0,3.3,109.0,41.0,2026-08-25 06:22:00,2026-08-25 18:59:00,False,Mumbai
26.3,89,31.5,0.3,0.3,51,7.5,0.295,2026-08-25 05:00:00,46,66,0.0,17.3,51.2,3.9,3.3,137.0,41.0,2026-08-25 06:22:00,2026-08-25 18:59:00,False,Mumbai
25.9,90,31.1,0.5,0.5,53,6.1,0.301,2026-08-25 06:00:00,47,66,0.0,17.6,50.1,5.2,4.0,225.0,40.0,2026-08-25 06:22:00,2026-08-25 18:59:00,False,Mumbai
26.5,88,32.0,0.3,0.3,51,5.7,0.304,2026-08-25 07:00:00,48,67,0.3,18.1,48.1,6.9,5.0,339.0,40.0,2026-08-25 06:22:00,2026-08-25 18:59:00,True,Mumbai
27.5,81,32.6,0.5,0.5,53,6.3,0.309,2026-08-25 08:00:00,49,67,1.25,18.6,46.8,8.0,5.9,399.0,44.0,2026-08-25 06:22:00,2026-08-25 18:59:00,True,Mumbai
28.8,70,32.8,0.4,0.4,51,9.6,0.31,2026-08-25 09:00:00,50,67,2.8,19.2,47.3,7.7,6.8,350.0,55.0,2026-08-25 06:22:00,2026-08-25 18:59:00,True,Mumbai
29.4,69,33.8,0.2,0.2,51,11.9,0.305,2026-08-25 10:00:00,51,67,4.7,20.0,48.2,6.8,7.7,246.0,70.0,2026-08-25 06:22:00,2026-08-25 18:59:00,True,Mumbai
28.6,75,33.5,0.3,0.3,51,12.8,0.306,2026-08-25 11:00:00,52,68,6.05,21.4,50.1,6.0,8.2,167.0,83.0,2026-08-25 06:22:00,2026-08-25 18:59:00,True,Mumbai
29.3,74,34.9,0.4,0.4,51,14.2,0.302,2026-08-25 12:00:00,53,68,6.8,22.9,50.9,5.6,8.1,147.0,92.0,2026-08-25 06:22:00,2026-08-25 18:59:00,True,Mumbai
29.3,74,34.9,0.4,0.4,51,13.0,0.298,2026-08-25 13:00:00,54,68,6.55,22.4,48.5,5.4,7.7,152.0,98.0,2026-08-25 06:22:00,2026-08-25 18:59:00,True,Mumbai
29.1,74,34.1,0.6,0.6,53,15.3,0.297,2026-08-25 14:00:00,55,68,5.25,20.4,43.5,5.7,7.4,163.0,98.0,2026-08-25 06:22:00,2026-08-25 18:59:00,True,Mumbai
28.8,74,32.7,0.4,0.4,51,14.8,0.295,2026-08-25 15:00:00,56,69,3.45,19.7,41.4,7.1,7.5,172.0,90.0,2026-08-25 06:22:00,2026-08-25 18:59:00,True,Mumbai
28.9,75,32.8,0.2,0.2,51,14.4,0.292,2026-08-25 16:00:00,56,69,1.75,19.2,40.9,9.0,7.7,187.0,76.0,2026-08-25 06:22:00,2026-08-25 18:59:00,True,Mumbai
28.9,75,32.9,0.1,0.1,51,14.2,0.276,2026-08-25 17:00:00,56,69,0.45,23.3,60.8,9.3,6.1,206.0,58.0,2026-08-25 06:22:00,2026-08-25 18:59:00,True,Mumbai
28.1,80,32.5,0.1,0.1,51,11.9,0.275,2026-08-25 18:00:00,56,69,0.05,22.6,61.5,9.2,5.8,235.0,53.0,2026-08-25 06:22:00,2026-08-25 18:59:00,True,Mumbai
27.7,81,32.0,0.1,0.1,51,12.0,0.275,2026-08-25 19:00:00,57,69,0.0,22.2,61.2,8.9,5.3,269.0,45.0,2026-08-25 06:22:00,2026-08-25 18:59:00,False,Mumbai
27.5,82,31.7,0.0,0.0,2,13.1,0.274,2026-08-25 20:00:00,58,70,0.0,22.2,62.2,8.5,4.9,289.0,40.0,2026-08-25 06:22:00,2026-08-25 18:59:00,False,Mumbai
27.4,83,31.7,0.1,0.1,51,13.3,0.274,2026-08-25 21:00:00,59,70,0.0,22.1,61.9,7.8,4.6,289.0,39.0,2026-08-25 06:22:00,2026-08-25 18:59:00,False,Mumbai
26.5,85,30.5,0.8,0.8,53,12.9,0.282,2026-08-25 22:00:00,60,70,0.0,21.6,59.4,6.9,4.3,276.0,41.0,2026-08-25 06:22:00,2026-08-25 18:59:00,False,Mumbai
26.9,85,31.3,0.5,0.5,53,11.7,0.286,2026-08-25 23:00:00,60,70,0.0,20.8,56.1,6.1,4.0,253.0,42.0,2026-08-25 06:22:00,2026-08-25 18:59:00,False,Mumbai
26.8,85,31.3,0.0,0.0,2,10.2,0.286,2026-08-26 00:00:00,60,70,0.0,20.5,54.7,5.4,3.7,214.0,43.0,2026-08-26 06:22:00,2026-08-26 18:58:00,False,Mumbai
26.9,83,31.3,0.1,0.1,51,10.8,0.286,2026-08-26 01:00:00,61,71,0.0,20.6,56.9,4.8,3.4,166.0,43.0,2026-08-26 06:22:00,2026-08-26 18:58:00,False,Mumbai
26.6,85,30.9,0.0,0.0,1,11.0,0.285,2026-08-26 02:00:00,61,71,0.0,20.6,58.7,4.4,3.2,132.0,44.0,2026-08-26 06:22:00,2026-08-26 18:58:00,False,Mumbai
26.6,85,31.0,0.0,0.0,1,10.3,0.285,2026-08-26 03:00:00,61,71,0.0,19.4,53.2,4.1,3.2,118.0,45.0,2026-08-26 06:22:00,2026-08-26 18:58:00,False,Mumbai
26.5,85,31.0,0.0,0.0,0,9.6,0.285,2026-08-26 04:00:00,61,72,0.0,18.6,49.7,3.9,3.4,119.0,45.0,2026-08-26 06:22:00,2026-08-26 18:58:00,False,Mumbai
26.1,88,31.0,0.0,0.0,0,7.9,0.284,2026-08-26 05:00:00,61,72,0.0,18.2,51.3,4.0,3.0,142.0,46.0,2026-08-26 06:22:00,2026-08-26 18:58:00,False,Mumbai
26.2,88,31.3,0.0,0.0,1,6.5,0.284,2026-08-26 06:00:00,61,72,0.0,19.0,53.9,4.9,3.7,210.0,46.0,2026-08-26 06:22:00,2026-08-26 18:58:00,False,Mumbai
26.7,86,31.7,0.3,0.3,51,7.9,0.287,2026-08-26 07:00:00,61,72,0.4,18.8,52.0,6.0,4.6,299.0,47.0,2026-08-26 06:22:00,2026-08-26 18:58:00,True,Mumbai
27.2,82,31.8,0.3,0.3,51,9.5,0.29,2026-08-26 08:00:00,61,72,1.5,19.9,53.3,6.7,5.4,346.0,51.0,2026-08-26 06:22:00,2026-08-26 18:58:00,True,Mumbai
27.8,79,32.1,0.6,0.6,53,11.1,0.292,2026-08-26 09:00:00,61,72,3.4,21.1,54.8,6.4,5.9,308.0,61.0,2026-08-26 06:22:00,2026-08-26 18:58:00,True,Mumbai
28.3,79,33.1,0.4,0.4,51,11.9,0.291,2026-08-26 10:00:00,61,72,5.5,21.9,55.3,5.5,6.3,227.0,74.0,2026-08-26 06:22:00,2026-08-26 18:58:00,True,Mumbai
29.4,73,34.6,0.4,0.4,51,13.7,0.301,2026-08-26 11:00:00,62,72,7.5,22.2,55.3,4.9,6.5,166.0,84.0,2026-08-26 06:22:00,2026-08-26 18:58:00,True,Mumbai
29.1,75,34.4,0.8,0.8,53,16.2,0.302,2026-08-26 12:00:00,62,72,8.3,22.1,54.4,4.6,6.4,152.0,88.0,2026-08-26 06:22:00,2026-08-26 18:58:00,True,Mumbai
29.4,76,35.4,0.3,0.3,51,14.9,0.297,2026-08-26 13:00:00,62,72,7.5,21.9,52.7,4.5,6.1,157.0,88.0,2026-08-26 06:22:00,2026-08-26 18:58:00,True,Mumbai
29.4,76,35.3,0.0,0.0,1,14.8,0.289,2026-08-26 14:00:00,62,72,5.7,20.8,50.4,4.9,5.8,168.0,84.0,2026-08-26 06:22:00,2026-08-26 18:58:00,True,Mumbai
28.8,78,33.5,0.0,0.0,2,14.6,0.282,2026-08-26 15:00:00,62,72,3.7,19.3,46.8,6.1,5.6,178.0,75.0,2026-08-26 06:22:00,2026-08-26 18:58:00,True,Mumbai
28.4,80,32.7,0.1,0.1,51,14.5,0.278,2026-08-26 16:00:00,62,72,1.65,17.9,43.9,7.7,5.5,192.0,62.0,2026-08-26 06:22:00,2026-08-26 18:58:00,True,Mumbai
28.4,79,32.7,0.1,0.1,51,14.3,0.245,2026-08-26 17:00:00,62,72,0.45,16.6,43.7,7.7,4.4,213.0,51.0,2026-08-26 06:22:00,2026-08-26 18:58:00,True,Mumbai
27.9,82,32.4,0.1,0.1,51,12.5,0.244,2026-08-26 18:00:00,62,72,0.05,16.2,43.3,8.0,4.5,250.0,48.0,2026-08-26 06:22:00,2026-08-26 18:58:00,True,Mumbai
27.5,83,32.3,0.1,0.1,51,10.5,0.243,2026-08-26 19:00:00,61,71,0.0,16.3,43.9,8.3,4.7,293.0,43.0,2026-08-26 06:22:00,2026-08-26 18:58:00,False,Mumbai
27.3,84,32.1,0.1,0.1,51,10.3,0.244,2026-08-26 20:00:00,61,71,0.0,16.3,44.5,8.4,4.8,318.0,40.0,2026-08-26 06:22:00,2026-08-26 18:58:00,False,Mumbai
27.2,84,32.0,0.1,0.1,51,10.3,0.244,2026-08-26 21:00:00,61,70,0.0,16.6,45.2,8.0,4.7,312.0,40.0,2026-08-26 06:22:00,2026-08-26 18:58:00,False,Mumbai
26.9,85,31.6,0.1,0.1,51,9.9,0.245,2026-08-26 22:00:00,61,70,0.0,16.4,45.1,7.4,4.5,286.0,41.0,2026-08-26 06:22:00,2026-08-26 18:58:00,False,Mumbai
26.8,84,31.1,0.3,0.3,51,11.2,0.245,2026-08-26 23:00:00,60,69,0.0,16.8,47.1,6.7,4.3,254.0,42.0,2026-08-26 06:22:00,2026-08-26 18:58:00,False,Mumbai
26.4,87,30.9,0.7,0.7,53,10.9,0.253,2026-08-27 00:00:00,60,69,0.0,16.1,44.2,6.0,4.0,211.0,43.0,2026-08-27 06:22:00,2026-08-27 18:57:00,False,Mumbai
26.4,87,30.6,0.5,0.5,53,12.9,0.258,2026-08-27 01:00:00,60,69,0.0,14.8,38.5,5.3,3.8,161.0,43.0,2026-08-27 06:22:00,2026-08-27 18:57:00,False,Mumbai
26.1,89,30.4,0.5,0.5,53,12.8,0.263,2026-08-27 02:00:00,58,68,0.0,14.7,38.9,4.8,3.6,125.0,44.0,2026-08-27 06:22:00,2026-08-27 18:57:00,False,Mumbai
26.2,84,29.8,0.2,0.2,51,13.9,0.265,2026-08-27 03:00:00,57,68,0.0,14.8,39.3,4.4,3.5,113.0,45.0,2026-08-27 06:22:00,2026-08-27 18:57:00,False,Mumbai
26.1,90,30.3,0.2,0.2,51,13.6,0.267,2026-08-27 04:00:00,56,67,0.0,14.4,38.0,4.2,3.6,116.0,45.0,2026-08-27 06:22:00,2026-08-27 18:57:00,False,Mumbai
26.5,86,30.5,0.4,0.4,51,13.7,0.264,2026-08-27 05:00:00,55,67,0.0,13.5,32.4,4.6,4.0,126.0,45.0,2026-08-27 06:22:00,2026-08-27 18:57:00,False,Mumbai
26.3,86,30.1,0.3,0.3,51,14.7,0.267,2026-08-27 06:00:00,53,67,0.0,14.0,33.6,5.4,4.3,149.0,45.0,2026-08-27 06:22:00,2026-08-27 18:57:00,False,Mumbai
26.9,84,30.8,0.2,0.2,51,14.9,0.269,2026-08-27 07:00:00,51,66,0.4,15.7,36.0,6.5,4.7,179.0,45.0,2026-08-27 06:22:00,2026-08-27 18:57:00,True,Mumbai
27.7,78,31.3,0.2,0.2,51,15.6,0.268,2026-08-27 08:00:00,50,66,1.4,16.5,37.3,7.0,5.1,197.0,48.0,2026-08-27 06:22:00,2026-08-27 18:57:00,True,Mumbai
28.4,74,31.6,0.1,0.1,51,17.4,0.265,2026-08-27 09:00:00,49,66,3.3,18.2,43.4,6.5,5.3,189.0,55.0,2026-08-27 06:22:00,2026-08-27 18:57:00,True,Mumbai
28.6,73,32.0,0.2,0.2,51,16.4,0.261,2026-08-27 10:00:00,48,66,5.35,18.5,44.5,5.4,5.5,167.0,65.0,2026-08-27 06:22:00,2026-08-27 18:57:00,True,Mumbai
29.1,72,33.3,0.4,0.4,51,16.9,0.261,2026-08-27 11:00:00,47,65,6.65,18.3,40.6,4.6,5.6,151.0,72.0,2026-08-27 06:22:00,2026-08-27 18:57:00,True,Mumbai
29.6,69,34.4,0.1,0.1,51,16.9,0.254,2026-08-27 12:00:00,46,65,7.5,17.8,36.6,4.3,5.5,146.0,76.0,2026-08-27 06:22:00,2026-08-27 18:57:00,True,Mumbai
29.4,70,34.4,0.3,0.3,51,16.7,0.249,2026-08-27 13:00:00,44,65,6.95,17.6,35.0,4.1,5.3,146.0,78.0,2026-08-27 06:22:00,2026-08-27 18:57:00,True,Mumbai
29.2,72,33.8,0.2,0.2,51,17.8,0.243,2026-08-27 14:00:00,43,64,6.1,17.3,35.7,4.4,5.1,152.0,77.0,2026-08-27 06:22:00,2026-08-27 18:57:00,True,Mumbai
28.7,74,32.9,0.3,0.3,51,16.8,0.239,2026-08-27 15:00:00,41,64,3.6,16.2,35.3,5.2,4.8,164.0,69.0,2026-08-27 06:22:00,2026-08-27 18:57:00,True,Mumbai
28.5,75,31.9,0.4,0.4,51,16.2,0.238,2026-08-27 16:00:00,41,64,1.7,15.4,34.6,6.4,4.5,183.0,58.0,2026-08-27 06:22:00,2026-08-27 18:57:00,True,Mumbai
28.9,71,32.2,0.1,0.1,51,15.7,0.234,2026-08-27 17:00:00,40,64,0.5,14.4,32.6,7.4,4.3,206.0,49.0,2026-08-27 06:22:00,2026-08-27 18:57:00,True,Mumbai
27.8,78,31.5,0.3,0.3,51,14.2,0.235,2026-08-27 18:00:00,39,63,0.05,13.7,30.6,8.2,4.5,242.0,44.0,2026-08-27 06:22:00,2026-08-27 18:57:00,True,Mumbai
27.4,78,31.1,0.6,0.6,53,13.2,0.241,2026-08-27 19:00:00,39,63,0.0,13.1,28.6,9.0,5.0,284.0,41.0,2026-08-27 06:22:00,2026-08-27 18:57:00,False,Mumbai
27.3,82,31.3,0.4,0.4,51,13.4,0.245,2026-08-27 20:00:00,38,63,0.0,12.1,24.7,9.1,5.2,305.0,39.0,2026-08-27 06:22:00,2026-08-27 18:57:00,False,Mumbai
26.8,84,30.9,0.3,0.3,51,13.5,0.247,2026-08-27 21:00:00,37,63,0.0,11.3,24.6,8.3,5.1,293.0,39.0,2026-08-27 06:22:00,2026-08-27 18:57:00,False,Mumbai
26.9,84,31.1,0.4,0.4,51,12.7,0.251,2026-08-27 22:00:00,37,62,0.0,10.9,24.2,7.0,4.7,261.0,41.0,2026-08-27 06:22:00,2026-08-27 18:57:00,False,Mumbai
27.1,84,31.1,0.3,0.3,51,15.0,0.251,2026-08-27 23:00:00,36,62,0.0,10.5,23.8,5.8,4.3,226.0,43.0,2026-08-27 06:22:00,2026-08-27 18:57:00,False,Mumbai
27.0,83,30.8,0.2,0.2,51,15.6,0.253,2026-08-28 00:00:00,35,61,0.0,10.8,26.3,4.8,3.8,188.0,44.0,2026-08-28 06:22:00,2026-08-28 18:56:00,False,Mumbai
27.0,83,30.7,0.1,0.1,51,15.7,0.254,2026-08-28 01:00:00,34,61,0.0,10.4,24.7,3.9,3.2,147.0,44.0,2026-08-28 06:22:00,2026-08-28 18:56:00,False,Mumbai
26.7,84,30.3,0.1,0.1,51,15.7,0.254,2026-08-28 02:00:00,33,61,0.0,9.7,21.6,3.3,2.8,117.0,44.0,2026-08-28 06:22:00,2026-08-28 18:56:00,False,Mumbai
26.6,84,30.2,0.1,0.1,51,15.6,0.255,2026-08-28 03:00:00,33,60,0.0,10.1,24.3,3.0,2.6,104.0,44.0,2026-08-28 06:22:00,2026-08-28 18:56:00,False,Mumbai
26.9,83,30.5,0.1,0.1,51,15.5,0.255,2026-08-28 04:00:00,32,60,0.0,9.7,23.5,3.1,2.6,101.0,43.0,2026-08-28 06:22:00,2026-08-28 18:56:00,False,Mumbai
27.1,80,30.3,0.0,0.0,3,16.8,0.264,2026-08-28 05:00:00,31,59,0.0,12.7,30.7,3.3,2.6,111.0,43.0,2026-08-28 06:22:00,2026-08-28 18:56:00,False,Mumbai
26.8,85,30.7,0.7,0.7,53,15.1,0.271,2026-08-28 06:00:00,31,59,0.0,12.6,31.5,4.4,3.2,142.0,43.0,2026-08-28 06:22:00,2026-08-28 18:56:00,False,Mumbai
27.2,86,31.5,0.0,0.0,2,14.8,0.27,2026-08-28 07:00:00,31,59,0.35,13.0,30.2,5.8,4.0,185.0,42.0,2026-08-28 06:22:00,2026-08-28 18:56:00,True,Mumbai
28.1,73,30.8,0.5,0.5,53,17.3,0.273,2026-08-28 08:00:00,31,59,1.55,12.1,25.5,6.7,4.7,209.0,45.0,2026-08-28 06:22:00,2026-08-28 18:56:00,True,Mumbai
28.1,75,31.2,0.3,0.3,51,17.1,0.272,2026-08-28 09:00:00,31,59,3.35,11.4,24.5,6.4,5.2,197.0,53.0,2026-08-28 06:22:00,2026-08-28 18:56:00,True,Mumbai
28.2,75,31.7,0.4,0.4,51,18.2,0.27,2026-08-28 10:00:00,30,58,4.75,13.1,27.4,5.5,5.5,166.0,64.0,2026-08-28 06:22:00,2026-08-28 18:56:00,True,Mumbai
28.2,74,31.7,0.2,0.2,51,19.5,0.264,2026-08-28 11:00:00,29,58,6.6,13.3,26.8,4.8,5.7,144.0,72.0,2026-08-28 06:22:00,2026-08-28 18:56:00,True,Mumbai
28.2,74,32.0,0.3,0.3,51,20.5,0.259,2026-08-28 12:00:00,30,57,7.7,12.9,24.3,4.6,5.6,140.0,75.0,2026-08-28 06:22:00,2026-08-28 18:56:00,True,Mumbai
29.0,76,32.7,0.2,0.2,51,21.1,0.254,2026-08-28 13:00:00,30,57,8.05,12.0,22.1,4.7,5.4,144.0,75.0,2026-08-28 06:22:00,2026-08-28 18:56:00,True,Mumbai
29.1,75,33.4,0.1,0.1,51,21.1,0.248,2026-08-28 14:00:00,29,57,5.0,12.8,25.5,5.2,5.2,156.0,72.0,2026-08-28 06:22:00,2026-08-28 18:56:00,True,Mumbai
29.0,75,32.9,0.1,0.1,51,19.8,0.242,2026-08-28 15:00:00,27,56,3.75,12.7,21.7,6.6,5.0,180.0,65.0,2026-08-28 06:22:00,2026-08-28 18:56:00,True,Mumbai
28.6,76,31.9,0.1,0.1,51,18.9,0.238,2026-08-28 16:00:00,26,56,1.7,11.4,21.0,8.5,4.9,211.0,55.0,2026-08-28 06:22:00,2026-08-28 18:56:00,True,Mumbai
27.5,79,30.5,0.2,0.2,51,19.4,0.269,2026-08-28 17:00:00,26,56,0.55,12.0,22.0,5.8,3.0,232.0,47.0,2026-08-28 06:22:00,2026-08-28 18:56:00,True,Mumbai
28.1,77,31.3,0.3,0.3,51,17.3,0.27,2026-08-28 18:00:00,25,55,0.05,13.1,23.5,6.3,3.4,238.0,45.0,2026-08-28 06:22:00,2026-08-28 18:56:00,True,Mumbai
27.4,79,30.9,0.4,0.4,51,15.0,0.272,2026-08-28 19:00:00,25,55,0.0,12.7,23.2,6.9,4.0,234.0,42.0,2026-08-28 06:22:00,2026-08-28 18:56:00,False,Mumbai
27.0,84,30.9,0.5,0.5,53,14.5,0.278,2026-08-28 20:00:00,25,55,0.0,12.3,22.5,7.3,4.4,224.0,40.0,2026-08-28 06:22:00,2026-08-28 18:56:00,False,Mumbai
27.2,82,31.2,0.2,0.2,51,13.8,0.279,2026-08-28 21:00:00,25,55,0.0,11.7,21.4,7.2,4.5,205.0,39.0,2026-08-28 06:22:00,2026-08-28 18:56:00,False,Mumbai
27.0,83,30.9,0.1,0.1,51,14.2,0.28,2026-08-28 22:00:00,25,55,0.0,12.2,24.9,6.7,4.4,179.0,39.0,2026-08-28 06:22:00,2026-08-28 18:56:00,False,Mumbai
26.9,84,30.6,0.2,0.2,51,15.8,0.272,2026-08-28 23:00:00,25,55,0.0,12.5,27.0,6.1,4.2,155.0,39.0,2026-08-28 06:22:00,2026-08-28 18:56:00,False,Mumbai
27.0,83,30.5,0.0,0.0,2,16.8,0.272,2026-08-29 00:00:00,25,56,0.0,11.7,24.9,5.3,3.8,136.0,39.0,2026-08-29 06:22:00,2026-08-29 18:55:00,False,Mumbai
26.9,83,30.4,0.0,0.0,2,16.4,0.271,2026-08-29 01:00:00,25,56,0.0,10.9,22.4,4.3,3.2,119.0,40.0,2026-08-29 06:22:00,2026-08-29 18:55:00,False,Mumbai
26.8,84,30.4,0.0,0.0,3,15.7,0.271,2026-08-29 02:00:00,25,56,0.0,11.1,23.4,3.5,2.8,107.0,40.0,2026-08-29 06:22:00,2026-08-29 18:55:00,False,Mumbai
26.2,85,29.6,0.1,0.1,51,16.8,0.271,2026-08-29 03:00:00,25,56,0.0,10.8,24.0,3.1,2.6,99.0,40.0,2026-08-29 06:22:00,2026-08-29 18:55:00,False,Mumbai
26.3,85,30.1,0.1,0.1,51,13.6,0.271,2026-08-29 04:00:00,25,56,0.0,10.2,23.2,2.9,2.6,96.0,41.0,2026-08-29 06:22:00,2026-08-29 18:55:00,False,Mumbai
26.9,84,30.6,0.4,0.4,51,15.9,0.281,2026-08-29 05:00:00,25,56,0.0,10.3,25.0,2.5,2.1,107.0,42.0,2026-08-29 06:22:00,2026-08-29 18:55:00,False,Mumbai
27.1,83,30.7,0.1,0.1,51,16.9,0.281,2026-08-29 06:00:00,24,56,0.0,10.9,26.2,4.0,2.7,146.0,41.0,2026-08-29 06:22:00,2026-08-29 18:55:00,False,Mumbai
27.4,78,30.5,0.1,0.1,51,16.9,0.28,2026-08-29 07:00:00,24,56,0.35,11.3,24.9,6.0,3.4,200.0,39.0,2026-08-29 06:22:00,2026-08-29 18:55:00,True,Mumbai
27.4,82,31.4,0.1,0.1,51,14.2,0.279,2026-08-29 08:00:00,24,55,1.2,12.5,25.7,7.0,4.0,229.0,40.0,2026-08-29 06:22:00,2026-08-29 18:55:00,True,Mumbai
28.2,75,31.5,0.5,0.5,53,16.6,0.281,2026-08-29 09:00:00,24,55,2.75,13.2,26.4,6.1,4.1,211.0,46.0,2026-08-29 06:22:00,2026-08-29 18:55:00,True,Mumbai
28.2,78,31.9,0.6,0.6,53,17.1,0.282,2026-08-29 10:00:00,24,56,5.85,12.7,24.6,4.3,4.0,170.0,55.0,2026-08-29 06:22:00,2026-08-29 18:55:00,True,Mumbai
28.2,73,31.5,0.6,0.6,53,20.2,0.276,2026-08-29 11:00:00,25,56,7.8,12.2,23.6,3.0,3.9,139.0,62.0,2026-08-29 06:22:00,2026-08-29 18:55:00,True,Mumbai
28.9,71,32.4,0.2,0.2,51,20.9,0.271,2026-08-29 12:00:00,26,56,8.85,12.7,24.6,2.8,3.9,132.0,66.0,2026-08-29 06:22:00,2026-08-29 18:55:00,True,Mumbai
28.5,76,32.7,0.5,0.5,53,19.7,0.269,2026-08-29 13:00:00,27,55,7.65,12.8,24.8,3.2,4.0,136.0,67.0,2026-08-29 06:22:00,2026-08-29 18:55:00,True,Mumbai
28.2,75,31.4,0.1,0.1,51,19.1,0.263,2026-08-29 14:00:00,26,56,6.3,13.2,25.1,3.8,4.0,145.0,66.0,2026-08-29 06:22:00,2026-08-29 18:55:00,True,Mumbai
28.2,79,31.6,0.2,0.2,51,18.9,0.261,2026-08-29 15:00:00,24,56,3.2,12.7,25.3,4.7,3.9,159.0,60.0,2026-08-29 06:22:00,2026-08-29 18:55:00,True,Mumbai
28.3,76,31.5,0.0,0.0,3,18.8,0.257,2026-08-29 16:00:00,24,56,1.55,12.4,24.6,5.8,3.7,177.0,52.0,2026-08-29 06:22:00,2026-08-29 18:55:00,True,Mumbai
27.9,80,31.2,0.1,0.1,51,19.6,0.246,2026-08-29 17:00:00,24,56,0.45,16.6,37.7,5.1,2.5,195.0,45.0,2026-08-29 06:22:00,2026-08-29 18:55:00,True,Mumbai
27.7,79,31.0,0.1,0.1,51,17.9,0.244,2026-08-29 18:00:00,25,56,0.05,14.7,31.9,5.6,2.9,215.0,43.0,2026-08-29 06:22:00,2026-08-29 18:55:00,True,Mumbai
26.8,81,30.0,0.4,0.4,51,16.1,0.247,2026-08-29 19:00:00,25,56,0.0,13.9,29.2,6.3,3.5,234.0,41.0,2026-08-29 06:22:00,2026-08-29 18:55:00,False,Mumbai
27.0,81,30.4,0.1,0.1,51,15.5,0.248,2026-08-29 20:00:00,26,56,0.0,13.2,27.2,6.6,3.8,241.0,39.0,2026-08-29 06:22:00,2026-08-29 18:55:00,False,Mumbai
26.9,83,30.7,0.1,0.1,51,14.6,0.248,2026-08-29 21:00:00,26,56,0.0,11.8,24.9,6.0,3.7,228.0,39.0,2026-08-29 06:22:00,2026-08-29 18:55:00,False,Mumbai
27.1,81,30.6,0.1,0.1,51,15.7,0.249,2026-08-29 22:00:00,26,56,0.0,10.5,21.9,4.9,3.3,204.0,40.0,2026-08-29 06:22:00,2026-08-29 18:55:00,False,Mumbai
27.2,79,30.7,0.1,0.1,51,14.7,0.241,2026-08-29 23:00:00,26,56,0.0,9.5,19.7,4.0,2.9,178.0,41.0,2026-08-29 06:22:00,2026-08-29 18:55:00,False,Mumbai
26.9,80,30.5,0.1,0.1,51,14.1,0.241,2026-08-30 00:00:00,25,56,0.0,8.5,17.4,3.4,2.6,152.0,41.0,2026-08-30 06:23:00,2026-08-30 18:55:00,False,Mumbai
26.9,80,30.6,0.1,0.1,51,13.3,0.242,2026-08-30 01:00:00,25,56,0.0,8.2,16.9,3.0,2.3,124.0,41.0,2026-08-30 06:23:00,2026-08-30 18:55:00,False,Mumbai
26.8,81,30.1,0.2,0.2,51,15.2,0.243,2026-08-30 02:00:00,25,55,0.0,7.7,15.3,2.7,2.1,105.0,41.0,2026-08-30 06:23:00,2026-08-30 18:55:00,False,Mumbai
26.6,84,30.2,0.0,0.0,1,15.6,0.243,2026-08-30 03:00:00,25,55,0.0,7.7,16.4,2.6,2.1,97.0,41.0,2026-08-30 06:23:00,2026-08-30 18:55:00,False,Mumbai
26.6,84,30.2,0.0,0.0,2,16.2,0.242,2026-08-30 04:00:00,24,55,0.0,7.4,15.1,2.8,2.2,98.0,40.0,2026-08-30 06:23:00,2026-08-30 18:55:00,False,Mumbai
26.6,84,30.2,0.0,0.0,2,16.0,0.245,2026-08-30 05:00:00,24,55,0.0,7.3,15.9,2.6,2.0,107.0,41.0,2026-08-30 06:23:00,2026-08-30 18:55:00,False,Mumbai
26.8,83,30.4,0.1,0.1,51,15.9,0.244,2026-08-30 06:00:00,24,55,0.0,7.7,17.1,3.4,2.7,131.0,41.0,2026-08-30 06:23:00,2026-08-30 18:55:00,False,Mumbai
27.2,82,31.0,0.3,0.3,51,14.7,0.247,2026-08-30 07:00:00,23,54,0.45,8.5,16.4,4.4,3.6,163.0,41.0,2026-08-30 06:23:00,2026-08-30 18:55:00,True,Mumbai
27.8,79,31.3,0.2,0.2,51,16.6,0.248,2026-08-30 08:00:00,23,54,1.6,9.3,17.0,4.9,4.3,180.0,43.0,2026-08-30 06:23:00,2026-08-30 18:55:00,True,Mumbai
28.4,77,31.7,0.2,0.2,51,18.7,0.246,2026-08-30 09:00:00,22,54,3.5,9.8,19.6,4.4,4.5,169.0,50.0,2026-08-30 06:23:00,2026-08-30 18:55:00,True,Mumbai
28.9,74,32.5,0.1,0.1,51,18.8,0.242,2026-08-30 10:00:00,24,54,6.45,10.0,19.4,3.5,4.5,143.0,59.0,2026-08-30 06:23:00,2026-08-30 18:55:00,True,Mumbai
29.1,73,33.5,0.2,0.2,51,17.4,0.234,2026-08-30 11:00:00,26,53,8.55,10.9,20.1,2.8,4.4,124.0,65.0,2026-08-30 06:23:00,2026-08-30 18:55:00,True,Mumbai
29.4,70,34.1,0.2,0.2,51,18.7,0.229,2026-08-30 12:00:00,27,53,8.65,11.4,20.0,2.7,4.3,119.0,67.0,2026-08-30 06:23:00,2026-08-30 18:55:00,True,Mumbai
29.5,70,33.9,0.3,0.3,51,19.5,0.224,2026-08-30 13:00:00,27,53,8.15,11.2,19.7,3.0,4.2,119.0,67.0,2026-08-30 06:23:00,2026-08-30 18:55:00,True,Mumbai
29.3,71,33.2,0.3,0.3,51,20.2,0.221,2026-08-30 14:00:00,26,53,5.95,11.3,19.4,3.3,4.1,124.0,65.0,2026-08-30 06:23:00,2026-08-30 18:55:00,True,Mumbai
29.1,72,32.6,0.2,0.2,51,19.5,0.217,2026-08-30 15:00:00,24,53,3.9,10.7,18.6,3.7,3.9,133.0,61.0,2026-08-30 06:23:00,2026-08-30 18:55:00,True,Mumbai
28.7,74,31.7,0.1,0.1,51,19.3,0.213,2026-08-30 16:00:00,22,53,1.75,10.8,19.0,4.3,3.7,145.0,54.0,2026-08-30 06:23:00,2026-08-30 18:55:00,True,Mumbai
28.5,75,31.8,0.0,0.0,1,17.3,0.211,2026-08-30 17:00:00,21,53,0.55,10.4,18.3,4.8,3.5,160.0,49.0,2026-08-30 06:23:00,2026-08-30 18:55:00,True,Mumbai
27.7,80,31.5,0.1,0.1,51,15.3,0.21,2026-08-30 18:00:00,20,52,0.05,11.1,20.3,5.0,3.6,180.0,47.0,2026-08-30 06:23:00,2026-08-30 18:55:00,True,Mumbai
27.4,81,31.3,0.1,0.1,51,14.5,0.21,2026-08-30 19:00:00,20,52,0.0,11.9,21.9,5.4,3.8,202.0,45.0,2026-08-30 06:23:00,2026-08-30 18:55:00,False,Mumbai
27.4,81,31.2,0.0,0.0,0,14.6,0.209,2026-08-30 20:00:00,20,52,0.0,12.8,23.6,5.5,3.9,215.0,43.0,2026-08-30 06:23:00,2026-08-30 18:55:00,False,Mumbai
27.2,82,31.3,0.0,0.0,0,13.2,0.209,2026-08-30 21:00:00,20,52,0.0,13.0,24.0,5.4,3.8,212.0,42.0,2026-08-30 06:23:00,2026-08-30 18:55:00,False,Mumbai
27.1,83,31.3,0.0,0.0,1,12.8,0.208,2026-08-30 22:00:00,20,52,0.0,12.5,23.5,5.1,3.6,199.0,41.0,2026-08-30 06:23:00,2026-08-30 18:55:00,False,Mumbai
26.4,87,30.8,0.1,0.1,51,11.6,0.2,2026-08-30 23:00:00,20,52,0.0,11.6,21.7,4.7,3.4,182.0,40.0,2026-08-30 06:23:00,2026-08-30 18:55:00,False,Mumbai
25.0,81,27.9,0.2,0.2,51,11.7,0.268,2026-08-25 00:00:00,23,54,0.0,16.2,24.3,11.4,6.4,205.0,47.0,2026-08-25 06:01:00,2026-08-25 18:35:00,False,Hyderabad
24.3,85,27.6,0.4,0.4,51,9.4,0.272,2026-08-25 01:00:00,23,55,0.0,14.8,22.2,10.4,6.0,179.0,42.0,2026-08-25 06:01:00,2026-08-25 18:35:00,False,Hyderabad
23.3,90,26.4,0.4,0.4,51,11.1,0.276,2026-08-25 02:00:00,24,56,0.0,13.2,19.7,9.6,5.6,164.0,39.0,2026-08-25 06:01:00,2026-08-25 18:35:00,False,Hyderabad
23.5,89,26.5,0.0,0.0,3,12.0,0.276,2026-08-25 03:00:00,25,57,0.0,12.5,18.4,8.8,5.2,149.0,39.0,2026-08-25 06:01:00,2026-08-25 18:35:00,False,Hyderabad
23.9,87,26.7,0.0,0.0,3,12.8,0.275,2026-08-25 04:00:00,26,57,0.0,12.1,17.8,8.0,4.9,144.0,42.0,2026-08-25 06:01:00,2026-08-25 18:35:00,False,Hyderabad
23.9,84,26.1,0.0,0.0,3,14.2,0.26,2026-08-25 05:00:00,26,58,0.0,10.0,15.1,7.1,4.5,158.0,43.0,2026-08-25 06:01:00,2026-08-25 18:35:00,False,Hyderabad
23.7,85,26.3,0.0,0.0,3,12.2,0.26,2026-08-25 06:00:00,27,58,0.1,10.6,15.7,7.2,4.9,212.0,41.0,2026-08-25 06:01:00,2026-08-25 18:35:00,False,Hyderabad
24.5,83,27.3,0.0,0.0,3,12.0,0.259,2026-08-25 07:00:00,27,59,0.75,13.0,22.3,7.2,5.5,285.0,39.0,2026-08-25 06:01:00,2026-08-25 18:35:00,True,Hyderabad
25.4,78,27.6,0.1,0.1,51,15.7,0.257,2026-08-25 08:00:00,28,59,2.15,13.0,22.9,6.8,5.7,327.0,41.0,2026-08-25 06:01:00,2026-08-25 18:35:00,True,Hyderabad
26.5,73,28.7,0.0,0.0,3,15.5,0.253,2026-08-25 09:00:00,28,59,4.0,14.7,28.1,5.4,5.3,306.0,49.0,2026-08-25 06:01:00,2026-08-25 18:35:00,True,Hyderabad
27.4,69,30.3,0.0,0.0,3,14.1,0.249,2026-08-25 10:00:00,29,60,5.65,20.7,44.6,3.6,4.7,253.0,61.0,2026-08-25 06:01:00,2026-08-25 18:35:00,True,Hyderabad
27.8,68,31.9,0.6,0.6,53,13.5,0.254,2026-08-25 11:00:00,29,61,4.95,16.4,36.0,2.3,4.1,216.0,70.0,2026-08-25 06:01:00,2026-08-25 18:35:00,True,Hyderabad
27.2,70,30.0,0.4,0.4,51,11.7,0.253,2026-08-25 12:00:00,30,61,4.4,17.2,41.4,1.9,3.7,206.0,74.0,2026-08-25 06:01:00,2026-08-25 18:35:00,True,Hyderabad
27.8,67,30.8,0.3,0.3,51,13.3,0.25,2026-08-25 13:00:00,30,62,4.25,17.0,42.1,1.9,3.4,211.0,75.0,2026-08-25 06:01:00,2026-08-25 18:35:00,True,Hyderabad
28.6,64,31.9,0.4,0.4,51,13.5,0.248,2026-08-25 14:00:00,31,62,3.7,17.3,44.7,2.3,3.2,245.0,76.0,2026-08-25 06:01:00,2026-08-25 18:35:00,True,Hyderabad
29.0,60,31.4,0.1,0.1,51,15.0,0.243,2026-08-25 15:00:00,31,63,2.95,17.4,45.1,2.9,3.0,340.0,77.0,2026-08-25 06:01:00,2026-08-25 18:35:00,True,Hyderabad
28.9,60,30.7,0.1,0.1,51,14.9,0.239,2026-08-25 16:00:00,32,63,1.3,17.2,41.7,3.9,3.0,464.0,78.0,2026-08-25 06:01:00,2026-08-25 18:35:00,True,Hyderabad
28.0,68,30.9,0.2,0.2,51,11.9,0.22,2026-08-25 17:00:00,32,63,0.3,19.6,40.9,5.6,3.6,536.0,80.0,2026-08-25 06:01:00,2026-08-25 18:35:00,True,Hyderabad
27.0,72,29.8,0.0,0.0,1,12.1,0.218,2026-08-25 18:00:00,32,64,0.0,19.8,34.8,8.1,4.3,508.0,74.0,2026-08-25 06:01:00,2026-08-25 18:35:00,True,Hyderabad
26.3,74,29.2,0.0,0.0,1,11.7,0.217,2026-08-25 19:00:00,33,64,0.0,20.5,33.8,11.5,5.3,427.0,66.0,2026-08-25 06:01:00,2026-08-25 18:35:00,False,Hyderabad
25.8,77,28.9,0.0,0.0,1,10.1,0.216,2026-08-25 20:00:00,33,64,0.0,21.2,34.5,13.7,6.1,356.0,59.0,2026-08-25 06:01:00,2026-08-25 18:35:00,False,Hyderabad
25.3,80,28.6,0.0,0.0,1,9.2,0.215,2026-08-25 21:00:00,33,64,0.0,22.1,36.1,13.8,6.4,321.0,56.0,2026-08-25 06:01:00,2026-08-25 18:35:00,False,Hyderabad
25.1,80,28.2,0.0,0.0,1,9.5,0.215,2026-08-25 22:00:00,33,64,0.0,22.6,37.5,12.7,6.5,296.0,54.0,2026-08-25 06:01:00,2026-08-25 18:35:00,False,Hyderabad
25.4,76,27.9,0.0,0.0,0,12.1,0.22,2026-08-25 23:00:00,33,64,0.0,22.2,36.9,11.5,6.3,267.0,52.0,2026-08-25 06:01:00,2026-08-25 18:35:00,False,Hyderabad
25.3,76,27.6,0.0,0.0,0,12.8,0.219,2026-08-26 00:00:00,33,65,0.0,20.6,34.1,10.5,5.8,224.0,50.0,2026-08-26 06:01:00,2026-08-26 18:34:00,False,Hyderabad
24.9,77,27.0,0.0,0.0,0,13.9,0.219,2026-08-26 01:00:00,34,65,0.0,17.6,28.7,9.3,5.2,177.0,48.0,2026-08-26 06:01:00,2026-08-26 18:34:00,False,Hyderabad
24.5,79,26.6,0.0,0.0,0,13.5,0.218,2026-08-26 02:00:00,34,65,0.0,14.6,23.5,8.5,4.7,145.0,46.0,2026-08-26 06:01:00,2026-08-26 18:34:00,False,Hyderabad
24.2,80,26.3,0.0,0.0,0,13.3,0.217,2026-08-26 03:00:00,34,65,0.0,12.5,20.5,8.3,4.5,135.0,42.0,2026-08-26 06:01:00,2026-08-26 18:34:00,False,Hyderabad
23.7,82,25.9,0.0,0.0,1,13.2,0.216,2026-08-26 04:00:00,34,65,0.0,11.4,18.7,8.5,4.5,141.0,37.0,2026-08-26 06:01:00,2026-08-26 18:34:00,False,Hyderabad
23.5,86,25.8,0.0,0.0,3,13.9,0.245,2026-08-26 05:00:00,34,65,0.0,12.5,21.8,7.8,4.5,161.0,36.0,2026-08-26 06:01:00,2026-08-26 18:34:00,False,Hyderabad
23.7,84,25.8,0.0,0.0,3,15.4,0.244,2026-08-26 06:00:00,34,65,0.05,13.2,21.8,7.7,4.9,209.0,36.0,2026-08-26 06:01:00,2026-08-26 18:34:00,False,Hyderabad
24.2,82,26.5,0.0,0.0,0,14.1,0.243,2026-08-26 07:00:00,35,66,0.55,14.2,23.0,7.6,5.4,271.0,36.0,2026-08-26 06:01:00,2026-08-26 18:34:00,True,Hyderabad
25.6,76,27.2,0.0,0.0,1,18.4,0.24,2026-08-26 08:00:00,35,66,2.45,14.8,26.2,7.0,5.6,305.0,40.0,2026-08-26 06:01:00,2026-08-26 18:34:00,True,Hyderabad
26.9,68,28.3,0.0,0.0,1,19.1,0.236,2026-08-26 09:00:00,35,66,4.65,15.4,30.3,5.5,5.1,284.0,51.0,2026-08-26 06:01:00,2026-08-26 18:34:00,True,Hyderabad
27.8,64,29.9,0.0,0.0,1,17.7,0.23,2026-08-26 10:00:00,35,66,6.75,15.7,32.1,3.5,4.3,235.0,66.0,2026-08-26 06:01:00,2026-08-26 18:34:00,True,Hyderabad
28.4,60,31.0,0.1,0.1,51,16.7,0.225,2026-08-26 11:00:00,34,65,8.2,15.9,33.6,2.1,3.7,199.0,78.0,2026-08-26 06:01:00,2026-08-26 18:34:00,True,Hyderabad
29.1,57,32.1,0.1,0.1,51,16.4,0.219,2026-08-26 12:00:00,34,65,8.3,16.8,36.6,1.6,3.4,190.0,84.0,2026-08-26 06:01:00,2026-08-26 18:34:00,True,Hyderabad
29.7,54,32.5,0.1,0.1,51,16.6,0.212,2026-08-26 13:00:00,35,65,6.95,16.6,36.0,1.8,3.2,194.0,88.0,2026-08-26 06:01:00,2026-08-26 18:34:00,True,Hyderabad
30.0,53,32.4,0.2,0.2,51,17.2,0.207,2026-08-26 14:00:00,36,65,4.4,16.2,34.3,2.3,3.1,215.0,89.0,2026-08-26 06:01:00,2026-08-26 18:34:00,True,Hyderabad
30.1,52,31.7,0.1,0.1,51,16.5,0.201,2026-08-26 15:00:00,36,65,2.75,16.8,34.6,3.0,3.1,264.0,89.0,2026-08-26 06:01:00,2026-08-26 18:34:00,True,Hyderabad
29.8,53,30.7,0.0,0.0,2,17.2,0.196,2026-08-26 16:00:00,35,65,1.15,16.6,32.8,4.1,3.2,329.0,87.0,2026-08-26 06:01:00,2026-08-26 18:34:00,True,Hyderabad
28.3,62,30.5,0.1,0.1,51,11.8,0.204,2026-08-26 17:00:00,34,65,0.3,16.5,31.4,7.0,3.4,377.0,79.0,2026-08-26 06:01:00,2026-08-26 18:34:00,True,Hyderabad
27.1,70,30.0,0.0,0.0,1,9.8,0.202,2026-08-26 18:00:00,34,65,0.0,18.5,31.8,11.6,4.5,395.0,70.0,2026-08-26 06:01:00,2026-08-26 18:34:00,True,Hyderabad
26.2,75,29.8,0.0,0.0,1,6.6,0.201,2026-08-26 19:00:00,34,65,0.0,21.7,34.5,18.0,5.9,397.0,56.0,2026-08-26 06:01:00,2026-08-26 18:34:00,False,Hyderabad
25.7,78,29.4,0.0,0.0,3,6.5,0.201,2026-08-26 20:00:00,34,65,0.0,24.9,38.4,22.7,7.1,390.0,46.0,2026-08-26 06:01:00,2026-08-26 18:34:00,False,Hyderabad
25.7,78,29.2,0.0,0.0,3,7.7,0.2,2026-08-26 21:00:00,34,65,0.0,27.2,41.8,24.4,7.7,379.0,41.0,2026-08-26 06:01:00,2026-08-26 18:34:00,False,Hyderabad
25.8,76,28.9,0.0,0.0,3,9.2,0.2,2026-08-26 22:00:00,35,66,0.0,28.9,46.1,24.4,8.0,359.0,38.0,2026-08-26 06:01:00,2026-08-26 18:34:00,False,Hyderabad
26.1,73,28.7,0.0,0.0,2,11.6,0.204,2026-08-26 23:00:00,35,66,0.0,28.1,45.6,23.0,7.9,328.0,38.0,2026-08-26 06:01:00,2026-08-26 18:34:00,False,Hyderabad
25.9,73,28.3,0.0,0.0,2,12.2,0.203,2026-08-27 00:00:00,36,67,0.0,25.4,42.6,19.3,7.4,275.0,41.0,2026-08-27 06:01:00,2026-08-27 18:33:00,False,Hyderabad
25.6,75,27.8,0.0,0.0,3,13.9,0.203,2026-08-27 01:00:00,36,67,0.0,24.0,42.5,14.2,6.5,211.0,46.0,2026-08-27 06:01:00,2026-08-27 18:33:00,False,Hyderabad
25.4,75,27.2,0.0,0.0,2,15.3,0.202,2026-08-27 02:00:00,37,67,0.0,23.1,40.5,10.3,5.8,166.0,49.0,2026-08-27 06:01:00,2026-08-27 18:33:00,False,Hyderabad
24.8,78,26.8,0.0,0.0,3,14.5,0.201,2026-08-27 03:00:00,37,68,0.0,19.7,31.8,9.1,5.6,151.0,46.0,2026-08-27 06:01:00,2026-08-27 18:33:00,False,Hyderabad
24.6,78,26.6,0.0,0.0,3,14.2,0.2,2026-08-27 04:00:00,38,69,0.0,16.3,23.9,9.2,5.5,155.0,41.0,2026-08-27 06:01:00,2026-08-27 18:33:00,False,Hyderabad
24.2,78,25.8,0.0,0.0,2,16.1,0.197,2026-08-27 05:00:00,38,69,0.0,10.2,14.8,7.0,4.3,171.0,36.0,2026-08-27 06:01:00,2026-08-27 18:33:00,False,Hyderabad
23.9,79,25.4,0.0,0.0,3,15.9,0.196,2026-08-27 06:00:00,38,69,0.1,9.3,13.7,6.9,4.4,208.0,35.0,2026-08-27 06:01:00,2026-08-27 18:33:00,False,Hyderabad
24.4,78,26.4,0.0,0.0,3,14.0,0.195,2026-08-27 07:00:00,38,69,0.55,9.3,13.7,6.7,4.5,257.0,34.0,2026-08-27 06:01:00,2026-08-27 18:33:00,True,Hyderabad
25.5,73,26.8,0.0,0.0,2,19.0,0.192,2026-08-27 08:00:00,37,68,1.65,9.1,16.0,6.1,4.4,284.0,37.0,2026-08-27 06:01:00,2026-08-27 18:33:00,True,Hyderabad
27.0,66,27.9,0.0,0.0,3,20.1,0.188,2026-08-27 09:00:00,37,68,2.9,10.5,23.1,4.9,3.9,265.0,45.0,2026-08-27 06:01:00,2026-08-27 18:33:00,True,Hyderabad
27.4,64,28.4,0.0,0.0,3,19.5,0.184,2026-08-27 10:00:00,36,67,4.1,12.6,30.4,3.3,3.3,224.0,57.0,2026-08-27 06:01:00,2026-08-27 18:33:00,True,Hyderabad
27.9,61,28.6,0.0,0.0,3,20.1,0.181,2026-08-27 11:00:00,36,67,5.1,16.2,42.8,2.1,2.8,195.0,67.0,2026-08-27 06:01:00,2026-08-27 18:33:00,True,Hyderabad
28.7,58,29.7,0.0,0.0,3,19.8,0.176,2026-08-27 12:00:00,36,67,5.45,15.7,39.7,1.6,2.6,190.0,74.0,2026-08-27 06:01:00,2026-08-27 18:33:00,True,Hyderabad
28.8,58,29.9,0.0,0.0,3,18.0,0.171,2026-08-27 13:00:00,36,67,5.55,15.5,38.3,1.5,2.5,197.0,80.0,2026-08-27 06:01:00,2026-08-27 18:33:00,True,Hyderabad
29.1,56,30.2,0.0,0.0,3,16.6,0.167,2026-08-27 14:00:00,36,67,4.75,14.8,35.5,2.0,2.5,214.0,83.0,2026-08-27 06:01:00,2026-08-27 18:33:00,True,Hyderabad
29.3,56,30.6,0.0,0.0,2,16.1,0.163,2026-08-27 15:00:00,36,67,3.05,12.7,28.6,3.0,2.5,240.0,83.0,2026-08-27 06:01:00,2026-08-27 18:33:00,True,Hyderabad
29.3,57,30.7,0.0,0.0,2,16.0,0.159,2026-08-27 16:00:00,36,67,1.3,12.0,25.1,4.6,2.6,277.0,82.0,2026-08-27 06:01:00,2026-08-27 18:33:00,True,Hyderabad
29.3,57,31.5,0.0,0.0,1,11.1,0.146,2026-08-27 17:00:00,35,66,0.25,13.1,24.3,6.5,2.9,329.0,78.0,2026-08-27 06:01:00,2026-08-27 18:33:00,True,Hyderabad
28.0,64,30.9,0.0,0.0,1,8.1,0.144,2026-08-27 18:00:00,35,66,0.0,14.4,24.0,9.3,3.7,423.0,72.0,2026-08-27 06:01:00,2026-08-27 18:33:00,True,Hyderabad
27.1,71,30.6,0.0,0.0,2,6.5,0.144,2026-08-27 19:00:00,35,66,0.0,15.8,24.5,12.5,4.8,533.0,64.0,2026-08-27 06:01:00,2026-08-27 18:33:00,False,Hyderabad
26.4,74,30.0,0.0,0.0,1,6.6,0.144,2026-08-27 20:00:00,34,65,0.0,17.1,25.4,14.7,5.6,586.0,57.0,2026-08-27 06:01:00,2026-08-27 18:33:00,False,Hyderabad
25.8,77,29.6,0.0,0.0,1,6.3,0.143,2026-08-27 21:00:00,33,65,0.0,17.8,26.1,15.3,6.1,536.0,53.0,2026-08-27 06:01:00,2026-08-27 18:33:00,False,Hyderabad
25.5,79,29.0,0.0,0.0,3,7.6,0.143,2026-08-27 22:00:00,33,64,0.0,18.0,26.5,14.8,6.3,430.0,51.0,2026-08-27 06:01:00,2026-08-27 18:33:00,False,Hyderabad
25.6,78,28.9,0.0,0.0,3,8.6,0.151,2026-08-27 23:00:00,32,63,0.0,16.7,25.0,13.8,6.3,334.0,49.0,2026-08-27 06:01:00,2026-08-27 18:33:00,False,Hyderabad
25.3,78,28.2,0.1,0.1,51,9.8,0.151,2026-08-28 00:00:00,31,62,0.0,13.6,20.3,12.0,5.8,269.0,45.0,2026-08-28 06:01:00,2026-08-28 18:33:00,False,Hyderabad
25.1,76,27.3,0.0,0.0,2,13.2,0.151,2026-08-28 01:00:00,30,61,0.0,10.2,15.0,9.6,5.1,215.0,41.0,2026-08-28 06:01:00,2026-08-28 18:33:00,False,Hyderabad
24.5,78,26.6,0.0,0.0,3,13.3,0.15,2026-08-28 02:00:00,29,60,0.0,8.0,11.8,7.9,4.5,177.0,38.0,2026-08-28 06:01:00,2026-08-28 18:33:00,False,Hyderabad
24.3,79,26.3,0.0,0.0,3,13.5,0.15,2026-08-28 03:00:00,27,59,0.0,7.0,10.1,7.6,4.4,157.0,35.0,2026-08-28 06:01:00,2026-08-28 18:33:00,False,Hyderabad
23.8,81,25.9,0.0,0.0,3,13.2,0.149,2026-08-28 04:00:00,26,58,0.0,6.1,8.7,7.9,4.5,153.0,32.0,2026-08-28 06:01:00,2026-08-28 18:33:00,False,Hyderabad
23.7,80,25.6,0.0,0.0,0,13.4,0.144,2026-08-28 05:00:00,25,57,0.0,6.1,8.1,7.7,4.3,161.0,32.0,2026-08-28 06:01:00,2026-08-28 18:33:00,False,Hyderabad
23.5,81,25.3,0.0,0.0,0,13.7,0.144,2026-08-28 06:00:00,25,57,0.15,5.8,7.7,7.0,4.3,189.0,34.0,2026-08-28 06:01:00,2026-08-28 18:33:00,False,Hyderabad
24.2,78,26.1,0.0,0.0,1,14.3,0.143,2026-08-28 07:00:00,25,56,1.0,6.4,8.6,6.0,4.3,229.0,38.0,2026-08-28 06:01:00,2026-08-28 18:33:00,True,Hyderabad
25.5,72,26.5,0.0,0.0,3,19.5,0.141,2026-08-28 08:00:00,25,56,2.8,6.9,11.9,5.0,4.2,251.0,44.0,2026-08-28 06:01:00,2026-08-28 18:33:00,True,Hyderabad
26.7,65,27.6,0.0,0.0,3,19.0,0.138,2026-08-28 09:00:00,24,56,5.55,8.8,17.6,3.9,3.8,236.0,54.0,2026-08-28 06:01:00,2026-08-28 18:33:00,True,Hyderabad
27.9,59,28.8,0.0,0.0,3,18.7,0.135,2026-08-28 10:00:00,27,56,7.45,10.1,21.3,2.6,3.2,203.0,67.0,2026-08-28 06:01:00,2026-08-28 18:33:00,True,Hyderabad
28.3,56,29.7,0.0,0.0,3,18.1,0.13,2026-08-28 11:00:00,31,56,9.6,11.0,23.6,1.8,2.8,179.0,77.0,2026-08-28 06:01:00,2026-08-28 18:33:00,True,Hyderabad
29.0,54,30.0,0.0,0.0,2,17.2,0.126,2026-08-28 12:00:00,33,55,9.8,11.6,25.6,1.4,2.6,174.0,83.0,2026-08-28 06:01:00,2026-08-28 18:33:00,True,Hyderabad
29.8,51,31.7,0.1,0.1,51,17.4,0.122,2026-08-28 13:00:00,34,55,8.55,12.6,28.5,1.4,2.4,179.0,86.0,2026-08-28 06:01:00,2026-08-28 18:33:00,True,Hyderabad
30.1,50,31.9,0.1,0.1,51,17.0,0.119,2026-08-28 14:00:00,35,55,6.05,13.6,31.0,1.8,2.4,194.0,88.0,2026-08-28 06:01:00,2026-08-28 18:33:00,True,Hyderabad
30.4,49,31.7,0.1,0.1,51,16.7,0.116,2026-08-28 15:00:00,35,55,3.5,14.3,32.5,2.6,2.4,219.0,88.0,2026-08-28 06:01:00,2026-08-28 18:33:00,True,Hyderabad
30.1,50,30.9,0.1,0.1,51,16.0,0.114,2026-08-28 16:00:00,34,55,1.4,15.4,34.0,3.9,2.5,255.0,85.0,2026-08-28 06:01:00,2026-08-28 18:33:00,True,Hyderabad
29.3,53,30.8,0.0,0.0,2,12.0,0.106,2026-08-28 17:00:00,32,55,0.25,18.9,39.6,6.0,2.9,302.0,80.0,2026-08-28 06:01:00,2026-08-28 18:33:00,True,Hyderabad
28.4,59,30.6,0.0,0.0,2,10.0,0.105,2026-08-28 18:00:00,29,56,0.0,20.1,37.1,9.4,3.8,383.0,72.0,2026-08-28 06:01:00,2026-08-28 18:33:00,True,Hyderabad
27.6,64,30.3,0.0,0.0,2,8.4,0.104,2026-08-28 19:00:00,24,56,0.0,21.8,36.8,14.0,5.0,477.0,60.0,2026-08-28 06:01:00,2026-08-28 18:33:00,False,Hyderabad
26.9,69,29.7,0.0,0.0,3,8.8,0.104,2026-08-28 20:00:00,25,56,0.0,22.8,36.6,16.8,5.9,514.0,52.0,2026-08-28 06:01:00,2026-08-28 18:33:00,False,Hyderabad
26.4,70,28.7,0.0,0.0,3,12.7,0.104,2026-08-28 21:00:00,25,57,0.0,22.5,34.8,16.0,6.0,447.0,50.0,2026-08-28 06:01:00,2026-08-28 18:33:00,False,Hyderabad
25.9,73,28.3,0.0,0.0,3,12.1,0.103,2026-08-28 22:00:00,26,57,0.0,19.9,30.0,13.3,5.8,324.0,52.0,2026-08-28 06:01:00,2026-08-28 18:33:00,False,Hyderabad
25.7,71,27.4,0.0,0.0,3,15.1,0.109,2026-08-28 23:00:00,26,57,0.0,15.0,22.2,10.8,5.5,226.0,52.0,2026-08-28 06:01:00,2026-08-28 18:33:00,False,Hyderabad
25.1,75,27.0,0.0,0.0,3,14.6,0.109,2026-08-29 00:00:00,26,57,0.0,11.1,16.4,9.2,5.1,185.0,49.0,2026-08-29 06:01:00,2026-08-29 18:32:00,False,Hyderabad
24.7,77,26.7,0.0,0.0,3,14.1,0.109,2026-08-29 01:00:00,26,57,0.0,9.1,13.6,7.9,4.7,170.0,44.0,2026-08-29 06:01:00,2026-08-29 18:32:00,False,Hyderabad
24.5,77,26.3,0.0,0.0,3,14.1,0.109,2026-08-29 02:00:00,25,57,0.0,8.0,11.9,7.1,4.4,160.0,40.0,2026-08-29 06:01:00,2026-08-29 18:32:00,False,Hyderabad
24.2,77,25.8,0.0,0.0,3,14.4,0.108,2026-08-29 03:00:00,25,57,0.0,7.2,10.2,7.2,4.4,148.0,36.0,2026-08-29 06:01:00,2026-08-29 18:32:00,False,Hyderabad
23.8,78,25.4,0.0,0.0,3,14.9,0.108,2026-08-29 04:00:00,25,57,0.0,6.2,8.5,7.9,4.5,143.0,32.0,2026-08-29 06:01:00,2026-08-29 18:32:00,False,Hyderabad
24.0,79,25.5,0.0,0.0,3,16.1,0.106,2026-08-29 05:00:00,25,57,0.0,5.5,7.7,7.8,4.6,150.0,31.0,2026-08-29 06:01:00,2026-08-29 18:32:00,False,Hyderabad
23.7,80,25.1,0.0,0.0,3,16.5,0.106,2026-08-29 06:00:00,25,57,0.1,5.6,8.1,7.4,4.6,182.0,31.0,2026-08-29 06:01:00,2026-08-29 18:32:00,False,Hyderabad
24.2,78,25.7,0.0,0.0,3,16.5,0.105,2026-08-29 07:00:00,25,57,0.7,6.3,9.0,6.9,4.5,226.0,32.0,2026-08-29 06:01:00,2026-08-29 18:32:00,True,Hyderabad
25.4,72,26.3,0.0,0.0,3,19.5,0.105,2026-08-29 08:00:00,25,57,2.1,6.2,9.7,6.1,4.3,251.0,35.0,2026-08-29 06:01:00,2026-08-29 18:32:00,True,Hyderabad
26.8,65,27.6,0.0,0.0,3,19.5,0.103,2026-08-29 09:00:00,25,57,4.0,6.0,10.0,4.9,3.8,236.0,43.0,2026-08-29 06:01:00,2026-08-29 18:32:00,True,Hyderabad
28.3,57,29.0,0.0,0.0,3,21.5,0.101,2026-08-29 10:00:00,25,57,5.95,6.4,12.3,3.4,3.3,201.0,53.0,2026-08-29 06:01:00,2026-08-29 18:32:00,True,Hyderabad
28.7,55,29.0,0.0,0.0,3,21.5,0.103,2026-08-29 11:00:00,25,56,6.85,7.2,15.3,2.4,2.8,176.0,62.0,2026-08-29 06:01:00,2026-08-29 18:32:00,True,Hyderabad
29.1,53,30.2,0.1,0.1,51,20.7,0.101,2026-08-29 12:00:00,27,56,6.9,7.7,16.8,2.0,2.6,171.0,68.0,2026-08-29 06:01:00,2026-08-29 18:32:00,True,Hyderabad
29.5,52,31.0,0.1,0.1,51,19.4,0.1,2026-08-29 13:00:00,29,56,6.05,7.9,16.6,1.9,2.5,175.0,72.0,2026-08-29 06:01:00,2026-08-29 18:32:00,True,Hyderabad
29.9,50,30.8,0.1,0.1,51,19.2,0.098,2026-08-29 14:00:00,30,55,4.5,7.6,15.2,2.3,2.5,189.0,75.0,2026-08-29 06:01:00,2026-08-29 18:32:00,True,Hyderabad
30.1,49,30.6,0.0,0.0,2,19.1,0.097,2026-08-29 15:00:00,31,55,2.45,7.4,13.7,3.2,2.6,221.0,77.0,2026-08-29 06:01:00,2026-08-29 18:32:00,True,Hyderabad
29.8,50,30.0,0.1,0.1,51,18.8,0.096,2026-08-29 16:00:00,31,54,1.15,7.8,13.5,4.5,2.7,263.0,77.0,2026-08-29 06:01:00,2026-08-29 18:32:00,True,Hyderabad
28.5,58,29.7,0.1,0.1,51,16.0,0.114,2026-08-29 17:00:00,30,54,0.25,10.1,18.7,6.1,2.8,290.0,74.0,2026-08-29 06:01:00,2026-08-29 18:32:00,True,Hyderabad
26.9,68,29.1,0.0,0.0,3,13.2,0.113,2026-08-29 18:00:00,27,53,0.0,11.9,18.7,8.3,3.5,289.0,68.0,2026-08-29 06:01:00,2026-08-29 18:32:00,True,Hyderabad
25.9,76,28.5,0.1,0.1,51,13.2,0.113,2026-08-29 19:00:00,24,52,0.0,13.3,19.8,11.3,4.5,274.0,61.0,2026-08-29 06:01:00,2026-08-29 18:32:00,False,Hyderabad
25.6,76,27.9,0.0,0.0,3,14.1,0.113,2026-08-29 20:00:00,22,52,0.0,13.4,19.8,12.9,5.1,258.0,54.0,2026-08-29 06:01:00,2026-08-29 18:32:00,False,Hyderabad
24.9,78,27.2,0.0,0.0,3,13.6,0.112,2026-08-29 21:00:00,20,51,0.0,11.9,17.5,11.9,4.9,247.0,50.0,2026-08-29 06:01:00,2026-08-29 18:32:00,False,Hyderabad
24.7,77,26.9,0.0,0.0,3,13.2,0.112,2026-08-29 22:00:00,19,50,0.0,9.8,14.5,9.5,4.4,236.0,48.0,2026-08-29 06:01:00,2026-08-29 18:32:00,False,Hyderabad
24.4,80,26.2,0.0,0.0,3,16.4,0.131,2026-08-29 23:00:00,18,48,0.0,7.9,11.7,7.4,3.9,220.0,46.0,2026-08-29 06:01:00,2026-08-29 18:32:00,False,Hyderabad
24.1,81,25.9,0.0,0.0,3,15.9,0.13,2026-08-30 00:00:00,18,47,0.0,6.3,9.6,6.2,3.7,195.0,46.0,2026-08-30 06:01:00,2026-08-30 18:31:00,False,Hyderabad
23.8,81,25.5,0.0,0.0,3,15.3,0.13,2026-08-30 01:00:00,19,46,0.0,5.2,8.4,5.2,3.5,167.0,47.0,2026-08-30 06:01:00,2026-08-30 18:31:00,False,Hyderabad
23.6,81,25.2,0.0,0.0,3,15.8,0.13,2026-08-30 02:00:00,18,45,0.0,4.8,8.1,4.8,3.5,146.0,46.0,2026-08-30 06:01:00,2026-08-30 18:31:00,False,Hyderabad
23.5,81,25.0,0.0,0.0,3,16.0,0.129,2026-08-30 03:00:00,17,44,0.0,4.4,7.4,5.2,3.6,137.0,42.0,2026-08-30 06:01:00,2026-08-30 18:31:00,False,Hyderabad
23.4,81,24.9,0.0,0.0,3,15.8,0.129,2026-08-30 04:00:00,16,43,0.0,4.0,6.3,6.1,3.8,136.0,36.0,2026-08-30 06:01:00,2026-08-30 18:31:00,False,Hyderabad
23.8,78,25.0,0.0,0.0,3,17.4,0.127,2026-08-30 05:00:00,15,43,0.0,3.7,5.4,6.2,3.9,144.0,30.0,2026-08-30 06:01:00,2026-08-30 18:31:00,False,Hyderabad
23.6,79,24.7,0.0,0.0,3,18.1,0.126,2026-08-30 06:00:00,15,42,0.1,4.2,6.1,5.7,3.9,168.0,31.0,2026-08-30 06:01:00,2026-08-30 18:31:00,False,Hyderabad
23.7,78,24.9,0.0,0.0,3,16.7,0.126,2026-08-30 07:00:00,15,42,0.8,5.0,7.4,5.0,4.0,200.0,33.0,2026-08-30 06:01:00,2026-08-30 18:31:00,True,Hyderabad
24.2,75,25.0,0.0,0.0,3,19.1,0.125,2026-08-30 08:00:00,15,42,2.25,5.4,9.4,4.2,3.9,217.0,37.0,2026-08-30 06:01:00,2026-08-30 18:31:00,True,Hyderabad
25.3,69,25.8,0.0,0.0,3,20.3,0.124,2026-08-30 09:00:00,18,42,4.3,5.9,11.1,3.3,3.6,203.0,45.0,2026-08-30 06:01:00,2026-08-30 18:31:00,True,Hyderabad
26.5,63,26.7,0.0,0.0,3,20.5,0.122,2026-08-30 10:00:00,22,41,6.4,7.0,14.4,2.2,3.1,173.0,55.0,2026-08-30 06:01:00,2026-08-30 18:31:00,True,Hyderabad
27.3,59,27.6,0.0,0.0,3,19.6,0.135,2026-08-30 11:00:00,25,42,7.35,8.7,18.8,1.6,2.8,152.0,63.0,2026-08-30 06:01:00,2026-08-30 18:31:00,True,Hyderabad
27.7,57,28.5,0.0,0.0,3,19.0,0.131,2026-08-30 12:00:00,26,42,6.2,9.6,20.7,1.4,2.7,145.0,66.0,2026-08-30 06:01:00,2026-08-30 18:31:00,True,Hyderabad
27.3,59,27.8,0.3,0.3,51,17.5,0.131,2026-08-30 13:00:00,27,42,4.4,10.4,22.6,1.5,2.8,146.0,67.0,2026-08-30 06:01:00,2026-08-30 18:31:00,True,Hyderabad
27.9,56,28.8,0.0,0.0,3,17.2,0.127,2026-08-30 14:00:00,26,43,2.9,10.9,22.3,2.4,3.0,160.0,66.0,2026-08-30 06:01:00,2026-08-30 18:31:00,True,Hyderabad
27.8,57,28.4,0.0,0.0,3,16.6,0.124,2026-08-30 15:00:00,25,44,1.85,11.1,20.3,4.5,3.4,198.0,62.0,2026-08-30 06:01:00,2026-08-30 18:31:00,True,Hyderabad
26.7,62,28.3,0.0,0.0,3,11.8,0.123,2026-08-30 16:00:00,22,45,0.4,11.4,19.0,7.4,3.9,250.0,55.0,2026-08-30 06:01:00,2026-08-30 18:31:00,True,Hyderabad
24.8,79,27.4,0.1,0.1,51,12.1,0.129,2026-08-30 17:00:00,20,45,0.15,13.0,21.2,9.8,4.2,288.0,49.0,2026-08-30 06:01:00,2026-08-30 18:31:00,True,Hyderabad
24.6,81,27.5,0.3,0.3,51,10.0,0.131,2026-08-30 18:00:00,19,46,0.0,13.7,20.8,10.2,4.4,301.0,47.0,2026-08-30 06:01:00,2026-08-30 18:31:00,True,Hyderabad
24.1,84,27.2,0.8,0.8,53,9.8,0.14,2026-08-30 19:00:00,18,47,0.0,14.0,20.7,10.8,4.8,300.0,45.0,2026-08-30 06:01:00,2026-08-30 18:31:00,False,Hyderabad
23.8,88,27.1,0.8,0.8,53,9.4,0.149,2026-08-30 20:00:00,18,47,0.0,14.3,21.4,11.0,5.0,292.0,44.0,2026-08-30 06:01:00,2026-08-30 18:31:00,False,Hyderabad
23.9,88,27.7,0.1,0.1,51,6.9,0.15,2026-08-30 21:00:00,18,47,0.0,14.9,22.2,10.5,5.0,280.0,45.0,2026-08-30 06:01:00,2026-08-30 18:31:00,False,Hyderabad
24.0,88,27.6,0.0,0.0,3,8.5,0.15,2026-08-30 22:00:00,18,48,0.0,15.3,23.1,9.8,5.0,261.0,46.0,2026-08-30 06:01:00,2026-08-30 18:31:00,False,Hyderabad
24.5,86,28.0,0.1,0.1,51,9.5,0.161,2026-08-30 23:00:00,19,49,0.0,15.0,23.5,9.2,5.0,237.0,47.0,2026-08-30 06:01:00,2026-08-30 18:31:00,False,Hyderabad
27.3,95,34.4,0.0,0.0,3,3.6,0.396,2026-08-25 00:00:00,65,92,0.0,41.6,41.8,16.2,9.5,655.0,72.0,2026-08-25 05:42:00,2026-08-25 18:33:00,False,Lucknow
27.2,95,34.4,0.0,0.0,3,3.1,0.394,2026-08-25 01:00:00,65,91,0.0,44.1,44.4,17.1,10.0,649.0,69.0,2026-08-25 05:42:00,2026-08-25 18:33:00,False,Lucknow
27.3,95,34.9,0.0,0.0,3,0.5,0.393,2026-08-25 02:00:00,64,90,0.0,44.5,44.7,17.9,10.3,637.0,65.0,2026-08-25 05:42:00,2026-08-25 18:33:00,False,Lucknow
27.2,96,34.6,0.0,0.0,3,1.6,0.392,2026-08-25 03:00:00,64,90,0.0,46.7,46.8,19.1,10.4,613.0,58.0,2026-08-25 05:42:00,2026-08-25 18:33:00,False,Lucknow
26.4,97,32.7,1.7,1.7,61,6.9,0.411,2026-08-25 04:00:00,64,89,0.0,47.6,47.7,20.2,10.4,582.0,50.0,2026-08-25 05:42:00,2026-08-25 18:33:00,False,Lucknow
26.9,97,33.7,1.1,1.1,55,5.0,0.409,2026-08-25 05:00:00,64,89,0.0,42.6,42.7,19.4,9.3,561.0,48.0,2026-08-25 05:42:00,2026-08-25 18:33:00,False,Lucknow
27.2,96,34.1,0.0,0.0,3,5.6,0.406,2026-08-25 06:00:00,64,90,0.15,43.8,43.9,17.9,9.0,566.0,54.0,2026-08-25 05:42:00,2026-08-25 18:33:00,True,Lucknow
27.5,96,34.8,0.1,0.1,51,4.6,0.405,2026-08-25 07:00:00,65,91,0.7,39.8,39.9,15.6,8.7,581.0,62.0,2026-08-25 05:42:00,2026-08-25 18:33:00,True,Lucknow
28.3,91,35.3,0.2,0.2,51,5.9,0.405,2026-08-25 08:00:00,65,92,1.25,32.0,32.2,13.3,8.3,573.0,73.0,2026-08-25 05:42:00,2026-08-25 18:33:00,True,Lucknow
27.9,88,33.6,3.1,3.1,63,10.5,0.43,2026-08-25 09:00:00,66,93,1.9,28.1,28.4,10.7,7.9,517.0,89.0,2026-08-25 05:42:00,2026-08-25 18:33:00,True,Lucknow
27.0,95,32.8,3.1,3.1,63,11.7,0.423,2026-08-25 10:00:00,66,94,4.2,26.5,26.9,7.9,7.5,438.0,108.0,2026-08-25 05:42:00,2026-08-25 18:33:00,True,Lucknow
27.6,92,33.4,2.7,2.7,63,10.7,0.418,2026-08-25 11:00:00,66,95,4.75,26.5,26.8,6.0,7.1,374.0,119.0,2026-08-25 05:42:00,2026-08-25 18:33:00,True,Lucknow
28.5,89,35.1,1.6,1.6,61,8.1,0.416,2026-08-25 12:00:00,67,96,3.65,26.0,26.4,5.5,6.5,337.0,117.0,2026-08-25 05:42:00,2026-08-25 18:33:00,True,Lucknow
29.2,86,36.0,0.3,0.3,51,7.8,0.413,2026-08-25 13:00:00,67,97,2.1,24.6,24.9,5.8,5.9,315.0,109.0,2026-08-25 05:42:00,2026-08-25 18:33:00,True,Lucknow
29.7,82,35.9,0.2,0.2,51,9.6,0.409,2026-08-25 14:00:00,67,98,1.7,21.7,21.9,6.6,5.5,310.0,101.0,2026-08-25 05:42:00,2026-08-25 18:33:00,True,Lucknow
27.7,94,34.0,3.0,3.0,63,10.1,0.412,2026-08-25 15:00:00,68,98,1.1,19.1,19.3,7.8,5.7,324.0,98.0,2026-08-25 05:42:00,2026-08-25 18:33:00,True,Lucknow
28.8,90,35.9,0.4,0.4,51,6.1,0.41,2026-08-25 16:00:00,68,98,0.8,18.7,18.9,9.4,6.2,353.0,95.0,2026-08-25 05:42:00,2026-08-25 18:33:00,True,Lucknow
27.7,95,34.4,0.2,0.2,51,8.1,0.405,2026-08-25 17:00:00,68,98,0.1,34.3,34.7,9.5,6.8,393.0,108.0,2026-08-25 05:42:00,2026-08-25 18:33:00,True,Lucknow
26.5,94,33.0,1.7,1.7,61,3.5,0.407,2026-08-25 18:00:00,68,98,0.0,30.4,30.6,9.7,7.0,455.0,104.0,2026-08-25 05:42:00,2026-08-25 18:33:00,True,Lucknow
27.1,95,33.3,0.2,0.2,51,9.2,0.406,2026-08-25 19:00:00,68,98,0.0,27.2,27.3,10.0,7.3,526.0,99.0,2026-08-25 05:42:00,2026-08-25 18:33:00,False,Lucknow
27.4,95,33.7,1.4,1.4,61,9.8,0.406,2026-08-25 20:00:00,67,97,0.0,27.2,27.4,10.2,7.4,563.0,95.0,2026-08-25 05:42:00,2026-08-25 18:33:00,False,Lucknow
27.1,95,33.0,3.7,3.7,63,11.5,0.406,2026-08-25 21:00:00,67,97,0.0,26.6,26.8,10.3,7.3,541.0,92.0,2026-08-25 05:42:00,2026-08-25 18:33:00,False,Lucknow
26.4,95,32.4,1.5,1.5,61,6.9,0.405,2026-08-25 22:00:00,67,96,0.0,25.0,25.1,10.4,7.0,486.0,90.0,2026-08-25 05:42:00,2026-08-25 18:33:00,False,Lucknow
27.7,95,34.7,2.3,2.3,61,7.1,0.403,2026-08-25 23:00:00,66,95,0.0,24.0,24.2,10.2,6.6,428.0,88.0,2026-08-25 05:42:00,2026-08-25 18:33:00,False,Lucknow
27.3,95,33.8,0.4,0.4,51,7.8,0.405,2026-08-26 00:00:00,66,93,0.0,20.8,20.9,9.4,6.0,371.0,87.0,2026-08-26 05:42:00,2026-08-26 18:32:00,False,Lucknow
26.7,95,33.0,3.8,3.8,63,6.3,0.405,2026-08-26 01:00:00,65,92,0.0,17.5,17.6,8.3,5.2,311.0,87.0,2026-08-26 05:42:00,2026-08-26 18:32:00,False,Lucknow
26.2,97,32.2,4.9,4.9,63,7.9,0.404,2026-08-26 02:00:00,64,90,0.0,14.3,14.4,7.6,4.7,271.0,86.0,2026-08-26 05:42:00,2026-08-26 18:32:00,False,Lucknow
25.6,98,30.6,1.0,1.0,55,12.5,0.404,2026-08-26 03:00:00,63,87,0.0,12.5,12.6,7.8,4.7,264.0,82.0,2026-08-26 05:42:00,2026-08-26 18:32:00,False,Lucknow
25.6,98,30.9,1.1,1.1,55,10.9,0.404,2026-08-26 04:00:00,62,85,0.0,11.5,11.6,8.5,5.1,276.0,78.0,2026-08-26 05:42:00,2026-08-26 18:32:00,False,Lucknow
26.9,97,33.1,0.9,0.9,53,10.3,0.404,2026-08-26 05:00:00,61,82,0.0,18.9,19.0,11.8,5.9,291.0,62.0,2026-08-26 05:42:00,2026-08-26 18:32:00,False,Lucknow
27.1,96,33.2,0.0,0.0,3,10.7,0.403,2026-08-26 06:00:00,60,80,0.1,20.7,20.8,11.3,6.4,308.0,62.0,2026-08-26 05:42:00,2026-08-26 18:32:00,True,Lucknow
27.8,90,33.3,0.1,0.1,51,13.2,0.402,2026-08-26 07:00:00,56,78,0.65,19.6,19.7,10.6,7.1,327.0,64.0,2026-08-26 05:42:00,2026-08-26 18:32:00,True,Lucknow
28.8,87,34.8,0.1,0.1,51,11.2,0.4,2026-08-26 08:00:00,52,77,1.85,18.8,19.0,9.5,7.7,337.0,70.0,2026-08-26 05:42:00,2026-08-26 18:32:00,True,Lucknow
30.1,81,36.3,0.2,0.2,51,10.2,0.398,2026-08-26 09:00:00,50,76,3.7,18.0,18.2,7.7,8.3,327.0,86.0,2026-08-26 05:42:00,2026-08-26 18:32:00,True,Lucknow
29.9,83,36.4,0.5,0.5,53,9.6,0.399,2026-08-26 10:00:00,48,75,5.1,19.0,19.3,5.5,8.7,307.0,108.0,2026-08-26 05:42:00,2026-08-26 18:32:00,True,Lucknow
30.6,75,36.4,0.4,0.4,51,9.2,0.398,2026-08-26 11:00:00,57,74,5.55,21.3,21.6,3.9,9.0,296.0,125.0,2026-08-26 05:42:00,2026-08-26 18:32:00,True,Lucknow
30.9,79,37.7,0.9,0.9,53,8.3,0.402,2026-08-26 12:00:00,61,74,4.75,21.0,21.3,3.2,8.9,298.0,136.0,2026-08-26 05:42:00,2026-08-26 18:32:00,True,Lucknow
31.2,79,39.1,0.3,0.3,51,5.6,0.399,2026-08-26 13:00:00,62,73,3.15,21.9,22.1,3.2,8.6,307.0,142.0,2026-08-26 05:42:00,2026-08-26 18:32:00,True,Lucknow
31.2,81,39.3,0.6,0.6,53,3.8,0.401,2026-08-26 14:00:00,62,73,2.2,22.4,22.6,3.7,8.1,328.0,142.0,2026-08-26 05:42:00,2026-08-26 18:32:00,True,Lucknow
31.9,77,39.9,0.3,0.3,51,1.7,0.399,2026-08-26 15:00:00,61,73,1.15,21.9,22.2,4.7,7.2,370.0,134.0,2026-08-26 05:42:00,2026-08-26 18:32:00,True,Lucknow
28.2,93,34.9,3.8,3.8,63,8.8,0.409,2026-08-26 16:00:00,53,73,0.4,21.7,21.9,6.3,6.2,424.0,119.0,2026-08-26 05:42:00,2026-08-26 18:32:00,True,Lucknow
28.4,94,36.5,0.3,0.3,51,2.4,0.397,2026-08-26 17:00:00,46,78,0.15,30.0,30.6,9.6,7.3,457.0,109.0,2026-08-26 05:42:00,2026-08-26 18:32:00,True,Lucknow
28.6,95,37.0,0.7,0.7,53,1.8,0.404,2026-08-26 18:00:00,45,82,0.0,34.1,34.5,11.2,7.9,451.0,101.0,2026-08-26 05:42:00,2026-08-26 18:32:00,True,Lucknow
27.8,96,35.4,0.4,0.4,51,3.7,0.406,2026-08-26 19:00:00,46,81,0.0,32.1,32.4,13.3,8.8,425.0,91.0,2026-08-26 05:42:00,2026-08-26 18:32:00,False,Lucknow
27.3,98,34.2,1.6,1.6,61,8.2,0.405,2026-08-26 20:00:00,47,74,0.0,31.8,32.0,14.9,9.4,408.0,82.0,2026-08-26 05:42:00,2026-08-26 18:32:00,False,Lucknow
27.0,95,34.0,1.4,1.4,61,2.8,0.404,2026-08-26 21:00:00,48,74,0.0,31.7,31.9,15.4,9.7,418.0,78.0,2026-08-26 05:42:00,2026-08-26 18:32:00,False,Lucknow
26.6,98,32.8,1.2,1.2,55,9.3,0.404,2026-08-26 22:00:00,48,75,0.0,31.4,31.5,15.2,9.8,437.0,76.0,2026-08-26 05:42:00,2026-08-26 18:32:00,False,Lucknow
27.3,97,33.8,0.8,0.8,53,9.6,0.404,2026-08-26 23:00:00,49,75,0.0,30.7,30.9,14.8,9.7,442.0,75.0,2026-08-26 05:42:00,2026-08-26 18:32:00,False,Lucknow
26.7,97,33.0,0.1,0.1,51,8.6,0.403,2026-08-27 00:00:00,51,76,0.0,29.3,29.5,13.9,9.4,414.0,75.0,2026-08-27 05:43:00,2026-08-27 18:31:00,False,Lucknow
26.6,98,32.7,0.2,0.2,51,9.2,0.403,2026-08-27 01:00:00,52,76,0.0,28.6,28.7,12.7,9.0,372.0,76.0,2026-08-27 05:43:00,2026-08-27 18:31:00,False,Lucknow
26.6,98,33.1,0.1,0.1,51,6.9,0.402,2026-08-27 02:00:00,54,77,0.0,28.1,28.2,11.9,8.8,344.0,76.0,2026-08-27 05:43:00,2026-08-27 18:31:00,False,Lucknow
26.5,98,32.9,0.0,0.0,2,6.9,0.401,2026-08-27 03:00:00,56,78,0.0,27.6,27.7,12.1,9.0,347.0,73.0,2026-08-27 05:43:00,2026-08-27 18:31:00,False,Lucknow
26.5,96,32.7,0.0,0.0,3,7.1,0.4,2026-08-27 04:00:00,59,80,0.0,27.6,27.7,12.6,9.5,364.0,68.0,2026-08-27 05:43:00,2026-08-27 18:31:00,False,Lucknow
26.7,95,32.5,0.3,0.3,51,10.6,0.403,2026-08-27 05:00:00,60,81,0.0,32.8,32.8,16.3,9.3,381.0,53.0,2026-08-27 05:43:00,2026-08-27 18:31:00,False,Lucknow
26.7,97,33.1,0.4,0.4,51,6.9,0.403,2026-08-27 06:00:00,61,82,0.2,35.3,35.4,14.4,10.3,394.0,64.0,2026-08-27 05:43:00,2026-08-27 18:31:00,True,Lucknow
27.5,93,33.7,0.2,0.2,51,9.2,0.402,2026-08-27 07:00:00,61,83,0.75,30.2,30.3,11.6,11.5,405.0,80.0,2026-08-27 05:43:00,2026-08-27 18:31:00,True,Lucknow
28.2,90,34.8,0.2,0.2,51,7.5,0.402,2026-08-27 08:00:00,62,84,2.05,29.4,29.5,9.1,12.3,408.0,96.0,2026-08-27 05:43:00,2026-08-27 18:31:00,True,Lucknow
29.9,83,36.8,0.2,0.2,51,6.1,0.4,2026-08-27 09:00:00,62,85,3.65,28.9,28.9,7.0,12.1,395.0,114.0,2026-08-27 05:43:00,2026-08-27 18:31:00,True,Lucknow
30.9,78,38.4,0.3,0.3,51,5.3,0.397,2026-08-27 10:00:00,62,86,3.85,27.8,27.8,5.0,11.3,374.0,133.0,2026-08-27 05:43:00,2026-08-27 18:31:00,True,Lucknow
31.8,73,39.7,0.3,0.3,51,4.5,0.395,2026-08-27 11:00:00,63,86,3.95,27.2,27.2,3.7,10.5,360.0,146.0,2026-08-27 05:43:00,2026-08-27 18:31:00,True,Lucknow
31.4,75,39.1,0.4,0.4,51,2.5,0.393,2026-08-27 12:00:00,64,87,3.7,27.2,27.2,3.0,9.7,357.0,152.0,2026-08-27 05:43:00,2026-08-27 18:31:00,True,Lucknow
31.4,76,38.9,0.7,0.7,53,2.7,0.396,2026-08-27 13:00:00,64,87,3.3,26.3,26.4,3.0,8.9,361.0,153.0,2026-08-27 05:43:00,2026-08-27 18:31:00,True,Lucknow
27.8,90,33.8,13.0,13.0,65,9.0,0.406,2026-08-27 14:00:00,63,88,2.4,24.1,24.2,3.6,8.1,370.0,149.0,2026-08-27 05:43:00,2026-08-27 18:31:00,True,Lucknow
26.2,100,32.5,5.0,5.0,63,8.4,0.406,2026-08-27 15:00:00,63,88,1.45,23.6,23.7,4.7,7.0,384.0,139.0,2026-08-27 05:43:00,2026-08-27 18:31:00,True,Lucknow
27.8,93,34.8,0.4,0.4,51,5.4,0.405,2026-08-27 16:00:00,63,97,0.5,21.8,21.9,6.5,5.8,403.0,124.0,2026-08-27 05:43:00,2026-08-27 18:31:00,True,Lucknow
29.6,81,35.8,0.0,0.0,2,7.5,0.406,2026-08-27 17:00:00,63,103,0.1,21.5,21.5,9.7,5.6,432.0,107.0,2026-08-27 05:43:00,2026-08-27 18:31:00,True,Lucknow
28.6,86,35.2,0.0,0.0,3,6.3,0.404,2026-08-27 18:00:00,63,101,0.0,23.8,23.9,15.7,7.2,485.0,87.0,2026-08-27 05:43:00,2026-08-27 18:31:00,True,Lucknow
28.2,89,34.9,0.0,0.0,3,5.5,0.402,2026-08-27 19:00:00,63,91,0.0,31.1,31.2,23.2,9.8,548.0,65.0,2026-08-27 05:43:00,2026-08-27 18:31:00,False,Lucknow
28.0,90,34.5,0.0,0.0,3,7.1,0.4,2026-08-27 20:00:00,63,86,0.0,38.4,38.4,28.4,11.7,581.0,50.0,2026-08-27 05:43:00,2026-08-27 18:31:00,False,Lucknow
27.7,92,34.8,0.0,0.0,3,3.8,0.399,2026-08-27 21:00:00,63,87,0.0,44.0,44.1,30.0,12.4,560.0,45.0,2026-08-27 05:43:00,2026-08-27 18:31:00,False,Lucknow
27.6,93,34.6,0.0,0.0,2,3.7,0.398,2026-08-27 22:00:00,63,88,0.0,46.6,46.6,29.3,12.5,508.0,47.0,2026-08-27 05:43:00,2026-08-27 18:31:00,False,Lucknow
28.3,93,35.5,0.0,0.0,3,5.9,0.397,2026-08-27 23:00:00,64,89,0.0,42.0,42.1,27.4,12.1,457.0,51.0,2026-08-27 05:43:00,2026-08-27 18:31:00,False,Lucknow
27.9,94,35.1,0.0,0.0,3,5.6,0.396,2026-08-28 00:00:00,64,90,0.0,24.3,24.3,23.6,10.9,413.0,58.0,2026-08-28 05:43:00,2026-08-28 18:30:00,False,Lucknow
27.0,97,33.7,2.7,2.7,63,6.7,0.405,2026-08-28 01:00:00,64,89,0.0,23.8,23.9,18.6,9.2,370.0,67.0,2026-08-28 05:43:00,2026-08-28 18:30:00,False,Lucknow
26.3,98,32.6,8.2,8.2,65,6.8,0.404,2026-08-28 02:00:00,64,89,0.0,23.1,23.1,14.7,8.0,342.0,73.0,2026-08-28 05:43:00,2026-08-28 18:30:00,False,Lucknow
26.1,97,32.4,3.1,3.1,63,5.6,0.403,2026-08-28 03:00:00,64,89,0.0,23.1,23.1,13.4,8.0,339.0,74.0,2026-08-28 05:43:00,2026-08-28 18:30:00,False,Lucknow
26.0,99,32.4,0.9,0.9,53,5.0,0.403,2026-08-28 04:00:00,63,88,0.0,22.1,22.1,13.3,8.7,350.0,72.0,2026-08-28 05:43:00,2026-08-28 18:30:00,False,Lucknow
25.9,99,32.3,1.6,1.6,61,4.8,0.401,2026-08-28 05:00:00,63,88,0.0,36.2,36.4,18.9,13.3,364.0,54.0,2026-08-28 05:43:00,2026-08-28 18:30:00,False,Lucknow
26.3,98,33.3,2.9,2.9,63,2.0,0.401,2026-08-28 06:00:00,63,88,0.15,42.1,42.6,17.2,15.3,378.0,64.0,2026-08-28 05:43:00,2026-08-28 18:30:00,True,Lucknow
27.0,95,33.6,0.2,0.2,51,5.5,0.4,2026-08-28 07:00:00,64,89,0.75,34.3,34.8,14.7,18.0,394.0,79.0,2026-08-28 05:43:00,2026-08-28 18:30:00,True,Lucknow
28.0,91,34.7,0.0,0.0,2,5.9,0.399,2026-08-28 08:00:00,64,89,2.1,30.9,31.4,12.0,19.4,402.0,96.0,2026-08-28 05:43:00,2026-08-28 18:30:00,True,Lucknow
29.7,83,36.9,0.0,0.0,3,3.5,0.395,2026-08-28 09:00:00,64,89,3.95,30.5,31.2,8.9,18.4,398.0,119.0,2026-08-28 05:43:00,2026-08-28 18:30:00,True,Lucknow
30.9,79,39.1,0.0,0.0,3,1.8,0.391,2026-08-28 10:00:00,64,89,5.5,29.0,29.6,5.6,16.1,386.0,144.0,2026-08-28 05:43:00,2026-08-28 18:30:00,True,Lucknow
31.4,75,39.0,0.1,0.1,51,3.6,0.387,2026-08-28 11:00:00,66,89,5.85,27.9,28.6,3.2,14.0,375.0,162.0,2026-08-28 05:43:00,2026-08-28 18:30:00,True,Lucknow
31.7,74,40.0,0.3,0.3,51,3.5,0.384,2026-08-28 12:00:00,67,89,4.3,28.3,29.0,2.2,12.6,364.0,168.0,2026-08-28 05:43:00,2026-08-28 18:30:00,True,Lucknow
31.9,73,39.7,0.2,0.2,51,4.0,0.381,2026-08-28 13:00:00,67,90,3.65,27.9,28.9,2.2,11.4,352.0,166.0,2026-08-28 05:43:00,2026-08-28 18:30:00,True,Lucknow
31.7,72,38.5,0.2,0.2,51,3.7,0.379,2026-08-28 14:00:00,65,90,2.5,28.5,30.2,3.1,10.5,350.0,160.0,2026-08-28 05:43:00,2026-08-28 18:30:00,True,Lucknow
30.3,80,36.4,0.1,0.1,51,10.6,0.376,2026-08-28 15:00:00,64,99,1.4,30.7,33.4,4.9,9.7,355.0,149.0,2026-08-28 05:43:00,2026-08-28 18:30:00,True,Lucknow
29.3,86,36.0,0.0,0.0,3,8.0,0.374,2026-08-28 16:00:00,64,114,0.6,32.8,36.0,7.5,9.2,368.0,133.0,2026-08-28 05:43:00,2026-08-28 18:30:00,True,Lucknow
29.0,87,35.8,0.1,0.1,51,6.7,0.375,2026-08-28 17:00:00,65,122,0.1,32.1,33.2,11.2,8.8,403.0,106.0,2026-08-28 05:43:00,2026-08-28 18:30:00,True,Lucknow
28.3,90,35.0,0.1,0.1,51,6.3,0.375,2026-08-28 18:00:00,65,119,0.0,31.1,32.0,15.2,9.7,488.0,92.0,2026-08-28 05:43:00,2026-08-28 18:30:00,True,Lucknow
28.0,91,35.2,0.1,0.1,51,3.6,0.375,2026-08-28 19:00:00,65,108,0.0,34.8,35.6,20.7,10.9,594.0,73.0,2026-08-28 05:43:00,2026-08-28 18:30:00,False,Lucknow
27.1,96,34.3,3.3,3.3,63,3.1,0.415,2026-08-28 20:00:00,65,93,0.0,41.0,41.7,25.1,12.0,652.0,58.0,2026-08-28 05:43:00,2026-08-28 18:30:00,False,Lucknow
26.8,95,33.6,2.6,2.6,63,3.2,0.412,2026-08-28 21:00:00,66,93,0.0,49.1,49.8,27.6,12.9,615.0,51.0,2026-08-28 05:43:00,2026-08-28 18:30:00,False,Lucknow
26.9,97,33.6,1.1,1.1,55,6.2,0.41,2026-08-28 22:00:00,66,94,0.0,56.0,56.8,29.0,13.7,528.0,48.0,2026-08-28 05:43:00,2026-08-28 18:30:00,False,Lucknow
27.3,96,34.4,0.1,0.1,51,4.8,0.408,2026-08-28 23:00:00,66,94,0.0,50.9,51.7,29.5,14.0,459.0,46.0,2026-08-28 05:43:00,2026-08-28 18:30:00,False,Lucknow
27.1,96,33.5,0.0,0.0,3,8.8,0.406,2026-08-29 00:00:00,66,95,0.0,47.0,47.8,28.6,13.6,438.0,44.0,2026-08-29 05:44:00,2026-08-29 18:29:00,False,Lucknow
27.1,97,33.7,0.0,0.0,3,7.4,0.404,2026-08-29 01:00:00,67,97,0.0,48.9,49.9,26.7,12.8,435.0,43.0,2026-08-29 05:44:00,2026-08-29 18:29:00,False,Lucknow
26.9,97,33.6,0.0,0.0,3,6.2,0.402,2026-08-29 02:00:00,68,99,0.0,50.8,52.2,25.3,12.2,424.0,42.0,2026-08-29 05:44:00,2026-08-29 18:29:00,False,Lucknow
26.9,96,33.5,0.0,0.0,3,5.9,0.401,2026-08-29 03:00:00,69,101,0.0,51.9,53.6,25.6,12.1,389.0,37.0,2026-08-29 05:44:00,2026-08-29 18:29:00,False,Lucknow
26.3,98,32.6,0.8,0.8,53,7.1,0.404,2026-08-29 04:00:00,70,104,0.0,52.6,54.7,26.3,12.3,346.0,31.0,2026-08-29 05:44:00,2026-08-29 18:29:00,False,Lucknow
27.8,96,35.7,1.2,1.2,55,1.6,0.41,2026-08-29 05:00:00,71,108,0.0,39.5,47.0,14.8,9.0,321.0,68.0,2026-08-29 05:44:00,2026-08-29 18:29:00,False,Lucknow
27.3,97,34.4,0.3,0.3,51,6.2,0.411,2026-08-29 06:00:00,71,108,0.1,40.6,51.1,14.0,9.0,329.0,72.0,2026-08-29 05:44:00,2026-08-29 18:29:00,True,Lucknow
27.6,95,34.7,1.0,1.0,55,5.1,0.409,2026-08-29 07:00:00,71,108,0.45,38.8,58.2,12.8,8.9,354.0,79.0,2026-08-29 05:44:00,2026-08-29 18:29:00,True,Lucknow
28.3,89,35.3,0.5,0.5,53,4.0,0.407,2026-08-29 08:00:00,71,108,1.3,37.0,64.3,11.3,9.4,372.0,88.0,2026-08-29 05:44:00,2026-08-29 18:29:00,True,Lucknow
29.8,81,36.7,0.1,0.1,51,3.6,0.404,2026-08-29 09:00:00,71,109,2.6,38.1,75.2,9.3,10.8,371.0,101.0,2026-08-29 05:44:00,2026-08-29 18:29:00,True,Lucknow
30.6,79,37.9,0.0,0.0,3,3.1,0.399,2026-08-29 10:00:00,72,110,3.65,35.2,77.3,7.1,12.6,363.0,116.0,2026-08-29 05:44:00,2026-08-29 18:29:00,True,Lucknow
31.5,76,39.0,0.0,0.0,3,5.2,0.393,2026-08-29 11:00:00,72,110,3.95,36.0,82.0,5.3,13.9,354.0,129.0,2026-08-29 05:44:00,2026-08-29 18:29:00,True,Lucknow
32.0,75,40.8,0.2,0.2,51,3.6,0.389,2026-08-29 12:00:00,72,111,4.1,38.3,88.5,4.1,14.2,343.0,140.0,2026-08-29 05:44:00,2026-08-29 18:29:00,True,Lucknow
32.3,75,41.0,0.2,0.2,51,4.1,0.385,2026-08-29 13:00:00,72,112,3.75,39.8,94.5,3.4,13.8,331.0,150.0,2026-08-29 05:44:00,2026-08-29 18:29:00,True,Lucknow
32.6,74,41.1,0.1,0.1,51,3.2,0.381,2026-08-29 14:00:00,73,113,2.95,42.0,101.3,3.5,13.1,328.0,152.0,2026-08-29 05:44:00,2026-08-29 18:29:00,True,Lucknow
31.8,77,39.3,0.5,0.5,53,6.0,0.381,2026-08-29 15:00:00,73,115,1.6,44.6,109.9,4.6,11.6,334.0,144.0,2026-08-29 05:44:00,2026-08-29 18:29:00,True,Lucknow
28.5,92,35.1,3.9,3.9,63,9.6,0.412,2026-08-29 16:00:00,74,116,0.55,41.7,98.3,6.4,9.8,347.0,129.0,2026-08-29 05:44:00,2026-08-29 18:29:00,True,Lucknow
29.8,82,36.4,0.5,0.5,53,6.9,0.42,2026-08-29 17:00:00,74,117,0.15,55.8,138.3,8.7,14.5,377.0,135.0,2026-08-29 05:44:00,2026-08-29 18:29:00,True,Lucknow
28.9,88,36.2,0.0,0.0,3,3.3,0.405,2026-08-29 18:00:00,75,120,0.0,64.5,139.2,15.1,15.8,432.0,115.0,2026-08-29 05:44:00,2026-08-29 18:29:00,True,Lucknow
28.6,90,36.1,0.0,0.0,3,2.6,0.403,2026-08-29 19:00:00,76,123,0.0,74.5,150.9,23.9,17.7,502.0,88.0,2026-08-29 05:44:00,2026-08-29 18:29:00,False,Lucknow
28.3,91,36.0,0.0,0.0,3,1.7,0.401,2026-08-29 20:00:00,77,127,0.0,79.4,155.5,31.4,19.2,567.0,66.0,2026-08-29 05:44:00,2026-08-29 18:29:00,False,Lucknow
28.1,92,35.9,0.1,0.1,51,0.7,0.401,2026-08-29 21:00:00,78,131,0.0,86.8,167.2,36.4,20.2,620.0,54.0,2026-08-29 05:44:00,2026-08-29 18:29:00,False,Lucknow
27.8,95,35.4,0.0,0.0,3,2.9,0.4,2026-08-29 22:00:00,80,135,0.0,91.0,164.8,40.0,20.9,668.0,48.0,2026-08-29 05:44:00,2026-08-29 18:29:00,False,Lucknow
28.5,95,36.4,0.0,0.0,3,3.8,0.399,2026-08-29 23:00:00,81,139,0.0,88.5,152.7,41.4,20.8,705.0,43.0,2026-08-29 05:44:00,2026-08-29 18:29:00,False,Lucknow
28.1,96,35.7,0.0,0.0,3,5.5,0.398,2026-08-30 00:00:00,82,143,0.0,85.4,140.6,39.5,19.5,737.0,38.0,2026-08-30 05:44:00,2026-08-30 18:28:00,False,Lucknow
27.9,96,35.1,0.0,0.0,3,6.4,0.397,2026-08-30 01:00:00,83,147,0.0,82.0,132.7,35.5,17.4,759.0,35.0,2026-08-30 05:44:00,2026-08-30 18:28:00,False,Lucknow
27.8,95,34.9,0.0,0.0,3,6.0,0.396,2026-08-30 02:00:00,84,150,0.0,77.3,120.6,32.2,15.7,748.0,33.0,2026-08-30 05:44:00,2026-08-30 18:28:00,False,Lucknow
27.7,95,34.8,0.0,0.0,3,5.8,0.395,2026-08-30 03:00:00,85,151,0.0,71.2,108.7,31.3,14.6,679.0,29.0,2026-08-30 05:44:00,2026-08-30 18:28:00,False,Lucknow
27.6,95,34.7,0.0,0.0,3,5.4,0.394,2026-08-30 04:00:00,86,151,0.0,67.5,100.4,31.1,13.9,577.0,26.0,2026-08-30 05:44:00,2026-08-30 18:28:00,False,Lucknow
27.1,98,34.2,0.0,0.0,3,5.1,0.396,2026-08-30 05:00:00,87,152,0.0,62.2,110.8,23.8,11.7,495.0,45.0,2026-08-30 05:44:00,2026-08-30 18:28:00,False,Lucknow
27.1,98,34.2,1.1,1.1,55,5.4,0.401,2026-08-30 06:00:00,87,153,0.15,64.3,112.9,19.7,11.5,460.0,57.0,2026-08-30 05:44:00,2026-08-30 18:28:00,True,Lucknow
27.3,96,34.5,1.0,1.0,55,4.8,0.4,2026-08-30 07:00:00,88,153,0.8,61.2,112.9,14.0,11.1,445.0,73.0,2026-08-30 05:44:00,2026-08-30 18:28:00,True,Lucknow
28.1,93,35.5,0.5,0.5,53,3.5,0.4,2026-08-30 08:00:00,89,154,1.85,56.2,127.1,9.3,10.6,426.0,89.0,2026-08-30 05:44:00,2026-08-30 18:28:00,True,Lucknow
29.5,84,37.0,0.2,0.2,51,1.8,0.399,2026-08-30 09:00:00,89,155,2.45,55.6,140.6,6.6,9.9,389.0,103.0,2026-08-30 05:44:00,2026-08-30 18:28:00,True,Lucknow
31.0,76,38.7,0.1,0.1,51,2.3,0.394,2026-08-30 10:00:00,90,155,2.9,53.2,137.8,4.8,9.1,347.0,116.0,2026-08-30 05:44:00,2026-08-30 18:28:00,True,Lucknow
31.5,74,39.3,0.1,0.1,51,3.9,0.389,2026-08-30 11:00:00,91,156,4.1,50.6,131.8,3.7,8.4,316.0,124.0,2026-08-30 05:44:00,2026-08-30 18:28:00,True,Lucknow
31.7,72,39.5,0.1,0.1,51,3.9,0.383,2026-08-30 12:00:00,91,156,4.75,48.1,131.3,3.0,7.8,300.0,126.0,2026-08-30 05:44:00,2026-08-30 18:28:00,True,Lucknow
31.8,74,39.1,0.0,0.0,3,5.2,0.378,2026-08-30 13:00:00,91,156,3.0,43.8,121.5,2.9,7.3,294.0,123.0,2026-08-30 05:44:00,2026-08-30 18:28:00,True,Lucknow
31.7,73,38.6,0.1,0.1,51,5.1,0.374,2026-08-30 14:00:00,92,156,2.05,38.8,105.5,3.6,7.0,297.0,117.0,2026-08-30 05:44:00,2026-08-30 18:28:00,True,Lucknow
32.0,69,38.1,0.0,0.0,3,6.8,0.37,2026-08-30 15:00:00,92,156,0.85,35.9,96.2,5.3,7.0,312.0,107.0,2026-08-30 05:44:00,2026-08-30 18:28:00,True,Lucknow
31.8,69,37.6,0.0,0.0,3,7.9,0.367,2026-08-30 16:00:00,92,156,0.5,34.2,75.9,7.8,7.3,336.0,94.0,2026-08-30 05:44:00,2026-08-30 18:28:00,True,Lucknow
30.1,81,37.3,0.8,0.8,53,3.3,0.367,2026-08-30 17:00:00,91,156,0.1,49.9,123.4,7.2,8.0,352.0,104.0,2026-08-30 05:44:00,2026-08-30 18:28:00,True,Lucknow
29.2,86,36.1,0.0,0.0,3,5.8,0.367,2026-08-30 18:00:00,91,156,0.0,53.1,121.1,12.9,11.1,349.0,92.0,2026-08-30 05:44:00,2026-08-30 18:28:00,True,Lucknow
28.5,89,35.2,0.1,0.1,51,7.3,0.368,2026-08-30 19:00:00,91,155,0.0,62.9,136.0,21.0,15.5,338.0,75.0,2026-08-30 05:44:00,2026-08-30 18:28:00,False,Lucknow
28.0,91,34.8,0.1,0.1,51,6.0,0.369,2026-08-30 20:00:00,90,155,0.0,72.2,148.1,28.0,19.0,342.0,61.0,2026-08-30 05:44:00,2026-08-30 18:28:00,False,Lucknow
27.8,93,34.5,0.1,0.1,51,7.3,0.37,2026-08-30 21:00:00,90,155,0.0,73.3,147.6,32.5,20.9,380.0,52.0,2026-08-30 05:44:00,2026-08-30 18:28:00,False,Lucknow
27.5,93,34.2,0.0,0.0,3,6.1,0.37,2026-08-30 22:00:00,90,154,0.0,78.0,159.3,35.9,22.1,432.0,46.0,2026-08-30 05:44:00,2026-08-30 18:28:00,False,Lucknow
28.3,93,35.7,0.0,0.0,3,4.2,0.37,2026-08-30 23:00:00,90,154,0.0,84.5,170.4,39.3,22.7,460.0,39.0,2026-08-30 05:44:00,2026-08-30 18:28:00,False,Lucknow
27.1,89,32.8,0.4,0.4,51,8.2,0.385,2026-08-25 00:00:00,25,52,0.0,6.8,8.0,6.0,4.2,210.0,62.0,2026-08-25 05:17:00,2026-08-25 18:00:00,False,Kolkata
27.2,90,32.7,0.2,0.2,51,10.1,0.384,2026-08-25 01:00:00,24,52,0.0,6.4,7.7,5.5,3.9,189.0,61.0,2026-08-25 05:17:00,2026-08-25 18:00:00,False,Kolkata
27.1,88,32.1,0.1,0.1,51,11.2,0.383,2026-08-25 02:00:00,24,52,0.0,6.2,7.6,5.3,3.9,178.0,60.0,2026-08-25 05:17:00,2026-08-25 18:00:00,False,Kolkata
26.7,90,31.9,0.0,0.0,3,10.3,0.381,2026-08-25 03:00:00,23,52,0.0,6.1,7.4,5.6,4.2,178.0,58.0,2026-08-25 05:17:00,2026-08-25 18:00:00,False,Kolkata
26.5,92,31.8,0.1,0.1,51,9.4,0.38,2026-08-25 04:00:00,22,52,0.0,6.2,7.5,6.2,4.6,187.0,56.0,2026-08-25 05:17:00,2026-08-25 18:00:00,False,Kolkata
27.1,93,32.9,0.0,0.0,3,9.9,0.378,2026-08-25 05:00:00,24,51,0.05,6.5,8.0,5.6,4.3,199.0,61.0,2026-08-25 05:17:00,2026-08-25 18:00:00,False,Kolkata
27.9,89,33.7,0.0,0.0,3,11.1,0.377,2026-08-25 06:00:00,27,51,0.5,8.0,9.8,5.0,4.6,217.0,67.0,2026-08-25 05:17:00,2026-08-25 18:00:00,True,Kolkata
29.2,82,34.8,0.0,0.0,3,12.1,0.374,2026-08-25 07:00:00,30,51,1.9,8.4,10.4,4.0,5.1,237.0,76.0,2026-08-25 05:17:00,2026-08-25 18:00:00,True,Kolkata
29.7,81,35.1,0.2,0.2,51,13.8,0.372,2026-08-25 08:00:00,34,51,3.85,8.5,10.9,3.3,5.3,246.0,84.0,2026-08-25 05:17:00,2026-08-25 18:00:00,True,Kolkata
30.3,79,36.0,0.2,0.2,51,12.6,0.369,2026-08-25 09:00:00,36,50,3.55,8.1,10.8,2.8,5.2,229.0,89.0,2026-08-25 05:17:00,2026-08-25 18:00:00,True,Kolkata
31.9,73,38.6,0.1,0.1,51,15.8,0.362,2026-08-25 10:00:00,37,50,6.3,8.4,10.8,2.6,4.8,200.0,92.0,2026-08-25 05:17:00,2026-08-25 18:00:00,True,Kolkata
31.2,75,37.6,0.2,0.2,51,15.1,0.359,2026-08-25 11:00:00,38,50,6.6,7.3,9.2,2.4,4.6,184.0,94.0,2026-08-25 05:17:00,2026-08-25 18:00:00,True,Kolkata
29.6,82,35.9,2.5,2.5,63,16.1,0.38,2026-08-25 12:00:00,38,50,6.1,7.1,8.9,2.3,4.5,192.0,96.0,2026-08-25 05:17:00,2026-08-25 18:00:00,True,Kolkata
29.7,83,36.3,1.3,1.3,61,7.6,0.379,2026-08-25 13:00:00,39,49,3.85,7.6,9.7,2.3,4.4,214.0,98.0,2026-08-25 05:17:00,2026-08-25 18:00:00,True,Kolkata
30.7,79,36.9,0.4,0.4,51,10.7,0.377,2026-08-25 14:00:00,39,48,2.9,8.1,10.2,2.8,4.6,244.0,98.0,2026-08-25 05:17:00,2026-08-25 18:00:00,True,Kolkata
29.8,85,36.2,0.3,0.3,51,11.3,0.376,2026-08-25 15:00:00,38,47,1.65,8.6,10.2,4.1,5.0,287.0,95.0,2026-08-25 05:17:00,2026-08-25 18:00:00,True,Kolkata
29.5,89,36.7,1.4,1.4,61,8.9,0.378,2026-08-25 16:00:00,36,46,0.55,9.1,10.5,5.9,5.6,339.0,91.0,2026-08-25 05:17:00,2026-08-25 18:00:00,True,Kolkata
30.2,82,36.7,1.0,1.0,55,8.7,0.37,2026-08-25 17:00:00,31,46,0.05,13.6,15.5,8.7,6.5,379.0,78.0,2026-08-25 05:17:00,2026-08-25 18:00:00,True,Kolkata
29.6,84,36.1,0.0,0.0,3,9.3,0.369,2026-08-25 18:00:00,30,46,0.0,15.9,17.9,9.8,7.7,400.0,76.0,2026-08-25 05:17:00,2026-08-25 18:00:00,True,Kolkata
29.3,85,35.7,0.0,0.0,3,8.9,0.368,2026-08-25 19:00:00,29,47,0.0,18.2,20.2,11.2,9.2,411.0,72.0,2026-08-25 05:17:00,2026-08-25 18:00:00,False,Kolkata
28.9,86,35.1,0.0,0.0,2,9.3,0.367,2026-08-25 20:00:00,28,49,0.0,20.0,22.0,12.1,10.2,415.0,70.0,2026-08-25 05:17:00,2026-08-25 18:00:00,False,Kolkata
28.4,87,34.5,0.0,0.0,3,8.8,0.366,2026-08-25 21:00:00,28,50,0.0,21.1,23.2,12.0,10.0,417.0,70.0,2026-08-25 05:17:00,2026-08-25 18:00:00,False,Kolkata
28.1,88,34.1,0.0,0.0,3,8.4,0.365,2026-08-25 22:00:00,28,51,0.0,21.1,23.3,11.3,9.3,414.0,70.0,2026-08-25 05:17:00,2026-08-25 18:00:00,False,Kolkata
28.5,87,34.7,0.0,0.0,3,9.2,0.368,2026-08-25 23:00:00,28,52,0.0,19.4,21.7,10.6,8.5,398.0,71.0,2026-08-25 05:17:00,2026-08-25 18:00:00,False,Kolkata
28.1,90,34.4,0.0,0.0,3,8.1,0.367,2026-08-26 00:00:00,29,53,0.0,18.5,20.8,9.9,7.8,358.0,72.0,2026-08-26 05:17:00,2026-08-26 17:59:00,False,Kolkata
28.0,91,34.4,0.0,0.0,3,8.0,0.366,2026-08-26 01:00:00,29,54,0.0,18.3,20.7,9.1,7.1,305.0,73.0,2026-08-26 05:17:00,2026-08-26 17:59:00,False,Kolkata
27.9,91,34.3,0.0,0.0,3,7.5,0.365,2026-08-26 02:00:00,30,55,0.0,18.5,21.0,8.6,6.6,272.0,74.0,2026-08-26 05:17:00,2026-08-26 17:59:00,False,Kolkata
27.7,92,34.3,0.0,0.0,2,5.6,0.365,2026-08-26 03:00:00,30,56,0.0,17.8,20.3,8.5,6.1,269.0,74.0,2026-08-26 05:17:00,2026-08-26 17:59:00,False,Kolkata
27.5,92,33.9,0.0,0.0,3,7.4,0.364,2026-08-26 04:00:00,29,57,0.0,17.5,19.9,8.6,5.8,285.0,73.0,2026-08-26 05:17:00,2026-08-26 17:59:00,False,Kolkata
26.6,93,32.5,0.0,0.0,1,6.6,0.357,2026-08-26 05:00:00,31,58,0.05,20.6,24.2,9.1,7.1,316.0,77.0,2026-08-26 05:17:00,2026-08-26 17:59:00,False,Kolkata
27.1,92,33.5,0.0,0.0,1,5.1,0.356,2026-08-26 06:00:00,34,59,0.35,18.7,21.1,8.3,7.7,380.0,85.0,2026-08-26 05:17:00,2026-08-26 17:59:00,True,Kolkata
28.6,87,35.4,0.0,0.0,1,5.6,0.355,2026-08-26 07:00:00,38,60,1.2,19.8,22.6,7.2,8.5,460.0,96.0,2026-08-26 05:17:00,2026-08-26 17:59:00,True,Kolkata
30.4,80,37.4,0.0,0.0,1,6.1,0.352,2026-08-26 08:00:00,45,61,3.5,20.3,23.2,6.0,9.2,498.0,107.0,2026-08-26 05:17:00,2026-08-26 17:59:00,True,Kolkata
31.8,71,39.0,0.0,0.0,1,6.3,0.346,2026-08-26 09:00:00,53,62,5.55,19.8,22.1,4.7,9.7,452.0,119.0,2026-08-26 05:17:00,2026-08-26 17:59:00,True,Kolkata
32.4,69,40.0,0.1,0.1,51,6.6,0.341,2026-08-26 10:00:00,60,63,8.25,18.8,20.4,3.3,10.2,366.0,132.0,2026-08-26 05:17:00,2026-08-26 17:59:00,True,Kolkata
30.5,75,37.0,0.2,0.2,51,12.5,0.355,2026-08-26 11:00:00,62,63,9.45,17.8,19.0,2.4,10.4,308.0,141.0,2026-08-26 05:17:00,2026-08-26 17:59:00,True,Kolkata
29.8,83,36.5,0.5,0.5,53,6.9,0.357,2026-08-26 12:00:00,63,64,8.5,17.1,18.3,1.9,10.3,308.0,145.0,2026-08-26 05:17:00,2026-08-26 17:59:00,True,Kolkata
30.5,82,37.3,0.7,0.7,53,9.1,0.36,2026-08-26 13:00:00,63,65,6.75,17.0,18.2,1.9,10.0,337.0,146.0,2026-08-26 05:17:00,2026-08-26 17:59:00,True,Kolkata
31.0,80,38.5,0.8,0.8,53,6.5,0.364,2026-08-26 14:00:00,62,73,4.0,16.7,17.9,2.7,9.6,381.0,140.0,2026-08-26 05:17:00,2026-08-26 17:59:00,True,Kolkata
30.3,83,37.5,0.7,0.7,53,6.1,0.367,2026-08-26 15:00:00,57,85,1.45,15.9,17.0,4.6,8.9,439.0,125.0,2026-08-26 05:17:00,2026-08-26 17:59:00,True,Kolkata
29.3,85,35.8,0.1,0.1,51,8.7,0.365,2026-08-26 16:00:00,42,91,0.4,14.3,15.1,7.4,8.0,512.0,103.0,2026-08-26 05:17:00,2026-08-26 17:59:00,True,Kolkata
29.9,83,36.8,0.1,0.1,51,7.1,0.356,2026-08-26 17:00:00,36,90,0.05,21.9,22.9,8.7,7.4,582.0,87.0,2026-08-26 05:17:00,2026-08-26 17:59:00,True,Kolkata
29.2,88,36.4,0.1,0.1,51,5.2,0.357,2026-08-26 18:00:00,37,83,0.0,26.8,27.6,11.6,9.0,656.0,78.0,2026-08-26 05:17:00,2026-08-26 17:59:00,False,Kolkata
28.8,90,36.2,0.0,0.0,3,5.1,0.356,2026-08-26 19:00:00,38,72,0.0,29.7,30.4,15.5,11.2,727.0,64.0,2026-08-26 05:17:00,2026-08-26 17:59:00,False,Kolkata
28.7,90,36.0,0.0,0.0,3,4.9,0.356,2026-08-26 20:00:00,39,70,0.0,34.5,35.4,18.5,12.7,757.0,54.0,2026-08-26 05:17:00,2026-08-26 17:59:00,False,Kolkata
28.5,90,35.5,0.0,0.0,1,6.2,0.355,2026-08-26 21:00:00,40,71,0.0,38.6,39.8,19.5,12.8,715.0,49.0,2026-08-26 05:17:00,2026-08-26 17:59:00,False,Kolkata
28.4,91,35.4,0.0,0.0,1,5.5,0.355,2026-08-26 22:00:00,43,72,0.0,39.0,40.5,19.6,12.1,631.0,47.0,2026-08-26 05:17:00,2026-08-26 17:59:00,False,Kolkata
28.9,90,36.3,0.0,0.0,1,4.6,0.354,2026-08-26 23:00:00,46,74,0.0,36.6,38.2,19.4,11.5,557.0,46.0,2026-08-26 05:17:00,2026-08-26 17:59:00,False,Kolkata
28.4,92,35.9,0.0,0.0,1,3.7,0.354,2026-08-27 00:00:00,49,75,0.0,34.8,36.6,19.2,11.1,509.0,44.0,2026-08-27 05:17:00,2026-08-27 17:58:00,False,Kolkata
28.1,93,35.4,0.0,0.0,1,5.0,0.354,2026-08-27 01:00:00,52,76,0.0,35.9,37.7,18.7,10.6,470.0,42.0,2026-08-27 05:17:00,2026-08-27 17:58:00,False,Kolkata
27.9,94,35.2,0.0,0.0,1,4.3,0.354,2026-08-27 02:00:00,55,78,0.0,35.3,37.3,18.2,10.4,439.0,42.0,2026-08-27 05:17:00,2026-08-27 17:58:00,False,Kolkata
27.7,95,35.2,0.0,0.0,0,2.9,0.354,2026-08-27 03:00:00,58,79,0.0,33.5,35.6,18.0,10.3,410.0,40.0,2026-08-27 05:17:00,2026-08-27 17:58:00,False,Kolkata
27.5,97,34.8,0.0,0.0,0,4.9,0.354,2026-08-27 04:00:00,60,80,0.0,31.9,33.4,17.7,10.4,389.0,40.0,2026-08-27 05:17:00,2026-08-27 17:58:00,False,Kolkata
28.4,93,36.1,0.3,0.3,51,3.0,0.349,2026-08-27 05:00:00,61,81,0.05,30.5,31.0,17.4,9.6,390.0,47.0,2026-08-27 05:17:00,2026-08-27 17:58:00,False,Kolkata
28.8,91,36.5,0.0,0.0,1,4.1,0.349,2026-08-27 06:00:00,61,82,0.4,32.7,33.2,15.0,11.5,440.0,70.0,2026-08-27 05:17:00,2026-08-27 17:58:00,True,Kolkata
29.9,86,37.9,0.0,0.0,1,2.3,0.347,2026-08-27 07:00:00,61,83,1.3,31.4,32.0,11.5,14.1,512.0,101.0,2026-08-27 05:17:00,2026-08-27 17:58:00,True,Kolkata
30.9,81,38.6,0.1,0.1,51,3.6,0.345,2026-08-27 08:00:00,62,84,3.3,32.4,33.1,8.5,15.8,546.0,129.0,2026-08-27 05:17:00,2026-08-27 17:58:00,True,Kolkata
31.8,78,40.3,0.5,0.5,53,2.1,0.345,2026-08-27 09:00:00,63,85,5.1,33.4,34.3,6.2,15.8,497.0,148.0,2026-08-27 05:17:00,2026-08-27 17:58:00,True,Kolkata
32.3,76,41.8,0.4,0.4,51,3.3,0.343,2026-08-27 10:00:00,66,86,6.9,34.2,35.2,4.4,14.9,408.0,163.0,2026-08-27 05:17:00,2026-08-27 17:58:00,True,Kolkata
31.4,78,40.2,0.3,0.3,51,7.4,0.36,2026-08-27 11:00:00,68,87,7.75,32.7,33.8,3.1,14.0,352.0,173.0,2026-08-27 05:17:00,2026-08-27 17:58:00,True,Kolkata
30.7,81,38.6,2.6,2.6,63,6.2,0.376,2026-08-27 12:00:00,69,89,7.1,31.7,32.7,2.4,13.4,360.0,177.0,2026-08-27 05:17:00,2026-08-27 17:58:00,True,Kolkata
32.6,74,42.1,0.2,0.2,51,2.6,0.37,2026-08-27 13:00:00,68,90,5.35,29.5,30.5,2.4,12.7,400.0,176.0,2026-08-27 05:17:00,2026-08-27 17:58:00,True,Kolkata
32.7,73,41.4,0.3,0.3,51,3.0,0.366,2026-08-27 14:00:00,67,108,3.35,28.4,29.5,3.1,12.1,445.0,168.0,2026-08-27 05:17:00,2026-08-27 17:58:00,True,Kolkata
32.4,73,39.9,0.1,0.1,51,4.2,0.362,2026-08-27 15:00:00,65,129,1.4,27.5,28.8,5.2,11.3,488.0,148.0,2026-08-27 05:17:00,2026-08-27 17:58:00,True,Kolkata
29.7,85,36.8,1.4,1.4,61,6.5,0.373,2026-08-27 16:00:00,65,139,0.35,26.3,27.5,8.0,10.5,535.0,121.0,2026-08-27 05:17:00,2026-08-27 17:58:00,True,Kolkata
28.9,91,35.9,0.1,0.1,51,8.5,0.325,2026-08-27 17:00:00,66,138,0.05,29.1,30.5,10.2,10.1,577.0,100.0,2026-08-27 05:17:00,2026-08-27 17:58:00,True,Kolkata
28.5,91,35.9,0.4,0.4,51,4.6,0.33,2026-08-27 18:00:00,66,127,0.0,33.4,35.3,11.0,10.6,620.0,91.0,2026-08-27 05:17:00,2026-08-27 17:58:00,False,Kolkata
28.5,93,36.3,0.5,0.5,53,2.9,0.335,2026-08-27 19:00:00,66,112,0.0,34.2,36.7,11.1,11.5,658.0,88.0,2026-08-27 05:17:00,2026-08-27 17:58:00,False,Kolkata
28.7,93,36.7,0.2,0.2,51,2.4,0.338,2026-08-27 20:00:00,66,95,0.0,35.5,38.2,11.2,12.1,669.0,86.0,2026-08-27 05:17:00,2026-08-27 17:58:00,False,Kolkata
28.6,92,36.5,0.0,0.0,3,2.5,0.338,2026-08-27 21:00:00,66,95,0.0,36.1,38.8,11.6,11.9,635.0,83.0,2026-08-27 05:17:00,2026-08-27 17:58:00,False,Kolkata
28.5,93,36.4,0.0,0.0,3,2.3,0.338,2026-08-27 22:00:00,66,95,0.0,36.3,38.6,12.0,11.3,574.0,81.0,2026-08-27 05:17:00,2026-08-27 17:58:00,False,Kolkata
29.0,91,37.0,0.0,0.0,2,1.5,0.333,2026-08-27 23:00:00,66,95,0.0,36.8,38.9,12.6,11.1,516.0,79.0,2026-08-27 05:17:00,2026-08-27 17:58:00,False,Kolkata
28.7,92,36.9,0.0,0.0,2,0.4,0.333,2026-08-28 00:00:00,66,95,0.0,37.1,39.2,13.6,11.6,467.0,78.0,2026-08-28 05:17:00,2026-08-28 17:57:00,False,Kolkata
28.5,93,36.6,0.0,0.0,2,0.9,0.333,2026-08-28 01:00:00,66,95,0.0,38.8,41.0,14.9,12.5,422.0,76.0,2026-08-28 05:17:00,2026-08-28 17:57:00,False,Kolkata
28.3,94,36.3,0.0,0.0,3,1.7,0.334,2026-08-28 02:00:00,66,95,0.0,41.2,43.7,15.9,13.3,393.0,74.0,2026-08-28 05:17:00,2026-08-28 17:57:00,False,Kolkata
28.1,96,36.1,0.0,0.0,3,2.4,0.334,2026-08-28 03:00:00,66,95,0.0,45.8,48.1,17.0,13.8,386.0,67.0,2026-08-28 05:17:00,2026-08-28 17:57:00,False,Kolkata
27.9,98,35.7,0.0,0.0,3,4.0,0.334,2026-08-28 04:00:00,67,96,0.0,45.9,48.0,17.9,14.3,396.0,59.0,2026-08-28 05:17:00,2026-08-28 17:57:00,False,Kolkata
28.1,89,35.2,0.2,0.2,51,3.1,0.368,2026-08-28 05:00:00,67,98,0.05,72.4,74.3,19.5,14.8,421.0,43.0,2026-08-28 05:17:00,2026-08-28 17:57:00,False,Kolkata
28.4,89,35.7,0.0,0.0,3,2.5,0.367,2026-08-28 06:00:00,69,101,0.3,74.3,76.1,17.7,18.0,481.0,64.0,2026-08-28 05:17:00,2026-08-28 17:57:00,True,Kolkata
29.2,86,37.0,0.0,0.0,3,0.3,0.365,2026-08-28 07:00:00,70,105,1.1,71.5,73.1,15.0,22.5,556.0,94.0,2026-08-28 05:17:00,2026-08-28 17:57:00,True,Kolkata
30.3,82,37.7,0.0,0.0,3,3.4,0.362,2026-08-28 08:00:00,71,110,2.5,71.9,73.6,12.3,25.8,586.0,126.0,2026-08-28 05:17:00,2026-08-28 17:57:00,True,Kolkata
31.0,79,38.8,0.1,0.1,51,2.2,0.357,2026-08-28 09:00:00,73,114,4.0,65.9,67.5,9.4,27.2,524.0,163.0,2026-08-28 05:17:00,2026-08-28 17:57:00,True,Kolkata
31.9,77,40.8,0.1,0.1,51,3.2,0.353,2026-08-28 10:00:00,74,117,5.7,64.3,65.7,6.4,27.5,417.0,203.0,2026-08-28 05:17:00,2026-08-28 17:57:00,True,Kolkata
32.8,71,41.5,0.4,0.4,51,3.6,0.343,2026-08-28 11:00:00,77,120,5.8,66.6,68.0,4.4,26.4,350.0,224.0,2026-08-28 05:17:00,2026-08-28 17:57:00,True,Kolkata
32.7,71,41.7,0.2,0.2,51,4.3,0.338,2026-08-28 12:00:00,76,124,3.75,65.4,66.8,3.9,23.3,360.0,215.0,2026-08-28 05:17:00,2026-08-28 17:57:00,True,Kolkata
32.9,71,42.0,0.2,0.2,51,3.8,0.333,2026-08-28 13:00:00,77,127,2.5,62.9,64.0,4.4,18.8,410.0,189.0,2026-08-28 05:17:00,2026-08-28 17:57:00,True,Kolkata
32.3,73,39.5,0.2,0.2,51,4.7,0.33,2026-08-28 14:00:00,78,138,1.25,53.6,54.7,5.5,15.2,473.0,162.0,2026-08-28 05:17:00,2026-08-28 17:57:00,True,Kolkata
28.8,89,34.8,0.5,0.5,53,12.9,0.333,2026-08-28 15:00:00,79,157,0.7,47.4,48.2,7.1,13.2,541.0,140.0,2026-08-28 05:17:00,2026-08-28 17:57:00,True,Kolkata
27.7,91,34.4,0.5,0.5,53,5.3,0.337,2026-08-28 16:00:00,80,164,0.3,41.7,42.4,9.2,12.1,623.0,119.0,2026-08-28 05:17:00,2026-08-28 17:57:00,True,Kolkata
28.9,94,36.8,0.5,0.5,53,5.0,0.356,2026-08-28 17:00:00,80,163,0.05,49.5,50.4,12.0,18.2,717.0,139.0,2026-08-28 05:17:00,2026-08-28 17:57:00,True,Kolkata
28.6,94,36.5,0.8,0.8,53,4.7,0.365,2026-08-28 18:00:00,81,159,0.0,42.3,43.0,11.5,16.4,847.0,124.0,2026-08-28 05:17:00,2026-08-28 17:57:00,False,Kolkata
28.3,96,35.9,0.6,0.6,53,6.0,0.372,2026-08-28 19:00:00,81,146,0.0,39.7,40.3,10.8,14.0,988.0,104.0,2026-08-28 05:17:00,2026-08-28 17:57:00,False,Kolkata
28.0,96,35.5,0.5,0.5,53,5.1,0.375,2026-08-28 20:00:00,81,141,0.0,35.9,36.6,10.4,11.9,1068.0,88.0,2026-08-28 05:17:00,2026-08-28 17:57:00,False,Kolkata
27.8,96,35.3,0.5,0.5,53,4.1,0.374,2026-08-28 21:00:00,81,141,0.0,35.5,36.4,10.6,10.5,1049.0,81.0,2026-08-28 05:17:00,2026-08-28 17:57:00,False,Kolkata
27.3,97,34.8,3.5,3.5,63,2.4,0.374,2026-08-28 22:00:00,81,141,0.0,37.0,37.7,11.1,9.5,967.0,78.0,2026-08-28 05:17:00,2026-08-28 17:57:00,False,Kolkata
28.7,94,36.4,2.2,2.2,61,5.1,0.373,2026-08-28 23:00:00,81,141,0.0,33.2,33.8,11.6,9.0,863.0,75.0,2026-08-28 05:17:00,2026-08-28 17:57:00,False,Kolkata
28.2,95,35.8,0.0,0.0,1,4.5,0.372,2026-08-29 00:00:00,81,140,0.0,26.9,27.4,12.0,9.3,722.0,72.0,2026-08-29 05:18:00,2026-08-29 17:56:00,False,Kolkata
28.1,95,36.1,0.0,0.0,2,1.9,0.371,2026-08-29 01:00:00,81,139,0.0,26.7,27.1,12.5,10.1,558.0,70.0,2026-08-29 05:18:00,2026-08-29 17:56:00,False,Kolkata
28.0,93,35.7,0.0,0.0,3,1.7,0.37,2026-08-29 02:00:00,81,138,0.0,29.0,29.3,13.3,11.3,449.0,67.0,2026-08-29 05:18:00,2026-08-29 17:56:00,False,Kolkata
27.1,95,33.9,1.3,1.3,61,5.1,0.371,2026-08-29 03:00:00,80,137,0.0,27.2,27.5,15.1,13.1,446.0,60.0,2026-08-29 05:18:00,2026-08-29 17:56:00,False,Kolkata
26.8,97,33.5,0.3,0.3,51,6.2,0.37,2026-08-29 04:00:00,80,135,0.0,29.2,29.4,17.2,15.2,498.0,53.0,2026-08-29 05:18:00,2026-08-29 17:56:00,False,Kolkata
28.5,92,35.8,0.0,0.0,3,5.4,0.351,2026-08-29 05:00:00,79,133,0.05,39.8,40.0,19.1,17.8,525.0,55.0,2026-08-29 05:18:00,2026-08-29 17:56:00,False,Kolkata
29.0,91,36.7,0.0,0.0,3,4.4,0.351,2026-08-29 06:00:00,78,130,0.4,41.8,42.0,16.2,18.1,494.0,72.0,2026-08-29 05:18:00,2026-08-29 17:56:00,True,Kolkata
29.7,87,37.2,0.4,0.4,51,5.9,0.353,2026-08-29 07:00:00,77,126,1.55,33.5,33.9,12.2,18.3,439.0,95.0,2026-08-29 05:18:00,2026-08-29 17:56:00,True,Kolkata
29.8,87,37.1,0.3,0.3,51,6.4,0.354,2026-08-29 08:00:00,76,122,3.5,28.2,28.8,8.7,18.0,385.0,115.0,2026-08-29 05:18:00,2026-08-29 17:56:00,True,Kolkata
31.0,80,38.2,0.1,0.1,51,6.9,0.35,2026-08-29 09:00:00,74,118,5.7,24.0,24.9,6.2,16.5,334.0,129.0,2026-08-29 05:18:00,2026-08-29 17:56:00,True,Kolkata
31.9,75,40.1,0.1,0.1,51,6.3,0.345,2026-08-29 10:00:00,73,113,7.55,21.2,22.3,4.2,14.4,284.0,140.0,2026-08-29 05:18:00,2026-08-29 17:56:00,True,Kolkata
32.2,71,39.9,0.1,0.1,51,8.7,0.342,2026-08-29 11:00:00,71,109,6.4,19.0,20.3,3.1,12.7,258.0,144.0,2026-08-29 05:18:00,2026-08-29 17:56:00,True,Kolkata
31.8,68,37.5,0.4,0.4,51,14.6,0.338,2026-08-29 12:00:00,70,104,3.6,16.7,18.0,3.1,11.8,266.0,139.0,2026-08-29 05:18:00,2026-08-29 17:56:00,True,Kolkata
29.9,80,35.9,0.7,0.7,53,9.2,0.341,2026-08-29 13:00:00,68,99,2.8,15.7,16.8,3.9,11.3,297.0,127.0,2026-08-29 05:18:00,2026-08-29 17:56:00,True,Kolkata
30.1,78,36.1,0.4,0.4,51,8.3,0.342,2026-08-29 14:00:00,66,95,2.05,14.8,15.8,5.3,10.6,341.0,112.0,2026-08-29 05:18:00,2026-08-29 17:56:00,True,Kolkata
30.8,74,36.6,0.1,0.1,51,8.5,0.338,2026-08-29 15:00:00,65,92,0.5,12.6,13.2,7.2,9.2,401.0,94.0,2026-08-29 05:18:00,2026-08-29 17:56:00,True,Kolkata
30.7,73,36.6,0.0,0.0,2,6.7,0.334,2026-08-29 16:00:00,64,90,0.3,11.8,12.3,9.5,7.6,475.0,73.0,2026-08-29 05:18:00,2026-08-29 17:56:00,True,Kolkata
30.7,79,37.7,0.2,0.2,51,5.0,0.368,2026-08-29 17:00:00,63,87,0.05,13.6,14.4,12.3,8.9,546.0,69.0,2026-08-29 05:18:00,2026-08-29 17:56:00,True,Kolkata
30.2,82,37.7,0.1,0.1,51,2.9,0.368,2026-08-29 18:00:00,62,85,0.0,20.9,21.9,18.5,12.2,624.0,57.0,2026-08-29 05:18:00,2026-08-29 17:56:00,False,Kolkata
29.2,84,36.0,0.0,0.0,3,4.9,0.367,2026-08-29 19:00:00,61,83,0.0,29.5,30.4,27.2,16.7,699.0,40.0,2026-08-29 05:18:00,2026-08-29 17:56:00,False,Kolkata
28.4,88,35.4,0.5,0.5,53,3.6,0.372,2026-08-29 20:00:00,61,82,0.0,38.9,40.2,35.1,20.5,730.0,26.0,2026-08-29 05:18:00,2026-08-29 17:56:00,False,Kolkata
28.4,89,35.6,0.0,0.0,3,2.9,0.371,2026-08-29 21:00:00,61,82,0.0,50.4,52.0,42.4,23.1,685.0,16.0,2026-08-29 05:18:00,2026-08-29 17:56:00,False,Kolkata
28.2,91,35.3,0.0,0.0,3,3.9,0.37,2026-08-29 22:00:00,61,83,0.0,58.4,60.1,48.9,24.9,597.0,9.0,2026-08-29 05:18:00,2026-08-29 17:56:00,False,Kolkata
28.1,93,35.5,0.0,0.0,3,3.9,0.37,2026-08-29 23:00:00,62,85,0.0,55.9,57.5,51.0,25.0,517.0,7.0,2026-08-29 05:18:00,2026-08-29 17:56:00,False,Kolkata
26.6,97,32.9,2.5,2.5,63,7.2,0.374,2026-08-30 00:00:00,63,87,0.0,43.7,45.1,45.5,22.5,463.0,11.0,2026-08-30 05:18:00,2026-08-30 17:55:00,False,Kolkata
26.7,97,33.1,0.3,0.3,51,7.3,0.373,2026-08-30 01:00:00,63,88,0.0,31.9,33.2,35.5,18.4,419.0,20.0,2026-08-30 05:18:00,2026-08-30 17:55:00,False,Kolkata
26.5,97,32.8,0.4,0.4,51,7.9,0.373,2026-08-30 02:00:00,64,89,0.0,24.0,25.1,26.6,14.7,383.0,30.0,2026-08-30 05:18:00,2026-08-30 17:55:00,False,Kolkata
26.5,97,32.6,0.0,0.0,2,8.7,0.372,2026-08-30 03:00:00,63,88,0.0,17.7,18.6,20.8,11.8,358.0,38.0,2026-08-30 05:18:00,2026-08-30 17:55:00,False,Kolkata
26.5,97,32.4,0.0,0.0,2,9.9,0.371,2026-08-30 04:00:00,63,88,0.0,13.0,13.7,16.2,9.3,342.0,47.0,2026-08-30 05:18:00,2026-08-30 17:55:00,False,Kolkata
27.8,95,34.3,0.0,0.0,3,10.1,0.368,2026-08-30 05:00:00,63,86,0.05,10.1,10.6,11.3,7.2,331.0,62.0,2026-08-30 05:18:00,2026-08-30 17:55:00,False,Kolkata
28.0,88,33.5,0.7,0.7,53,12.0,0.37,2026-08-30 06:00:00,62,84,0.5,8.5,9.1,9.4,7.4,328.0,72.0,2026-08-30 05:18:00,2026-08-30 17:55:00,True,Kolkata
28.3,87,33.5,1.0,1.0,55,13.9,0.37,2026-08-30 07:00:00,60,81,1.85,8.1,8.9,6.8,7.6,330.0,87.0,2026-08-30 05:18:00,2026-08-30 17:55:00,True,Kolkata
28.2,92,34.5,2.8,2.8,63,10.8,0.369,2026-08-30 08:00:00,58,79,4.1,7.9,8.6,4.7,7.9,326.0,101.0,2026-08-30 05:18:00,2026-08-30 17:55:00,True,Kolkata
29.9,86,36.6,0.5,0.5,53,10.3,0.369,2026-08-30 09:00:00,55,78,6.25,7.7,8.3,3.5,8.2,310.0,115.0,2026-08-30 05:18:00,2026-08-30 17:55:00,True,Kolkata
30.8,81,37.6,0.6,0.6,53,12.8,0.368,2026-08-30 10:00:00,59,76,8.75,8.1,8.7,2.7,8.4,289.0,129.0,2026-08-30 05:18:00,2026-08-30 17:55:00,True,Kolkata
31.2,80,37.8,1.1,1.1,55,10.8,0.358,2026-08-30 11:00:00,61,75,6.65,7.9,8.4,2.5,8.5,270.0,135.0,2026-08-30 05:18:00,2026-08-30 17:55:00,True,Kolkata
30.0,83,36.3,1.5,1.5,61,13.8,0.368,2026-08-30 12:00:00,58,75,2.75,7.5,8.0,2.9,8.1,245.0,127.0,2026-08-30 05:18:00,2026-08-30 17:55:00,True,Kolkata
31.0,79,37.1,0.2,0.2,51,12.9,0.365,2026-08-30 13:00:00,47,74,3.1,7.6,7.9,3.8,7.4,223.0,111.0,2026-08-30 05:18:00,2026-08-30 17:55:00,True,Kolkata
31.4,78,38.0,0.2,0.2,51,10.1,0.362,2026-08-30 14:00:00,45,73,1.9,7.7,8.0,4.9,7.2,233.0,97.0,2026-08-30 05:18:00,2026-08-30 17:55:00,True,Kolkata
29.6,87,36.6,4.6,4.6,63,8.6,0.37,2026-08-30 15:00:00,44,73,1.85,8.2,8.6,6.1,7.9,302.0,90.0,2026-08-30 05:18:00,2026-08-30 17:55:00,True,Kolkata
30.1,82,36.7,0.2,0.2,51,8.9,0.369,2026-08-30 16:00:00,43,72,0.4,8.6,9.3,7.4,9.1,404.0,86.0,2026-08-30 05:18:00,2026-08-30 17:55:00,True,Kolkata
29.4,89,36.8,0.9,0.9,53,6.5,0.356,2026-08-30 17:00:00,43,72,0.05,12.0,12.7,9.4,7.9,488.0,72.0,2026-08-30 05:18:00,2026-08-30 17:55:00,True,Kolkata
28.3,91,35.4,0.4,0.4,51,5.5,0.36,2026-08-30 18:00:00,42,72,0.0,14.8,15.3,10.6,8.9,545.0,67.0,2026-08-30 05:18:00,2026-08-30 17:55:00,False,Kolkata
28.3,91,35.2,0.0,0.0,2,6.4,0.36,2026-08-30 19:00:00,41,71,0.0,17.2,17.9,12.2,10.3,585.0,59.0,2026-08-30 05:18:00,2026-08-30 17:55:00,False,Kolkata
28.1,93,35.0,0.0,0.0,2,7.3,0.36,2026-08-30 20:00:00,40,70,0.0,16.3,16.9,13.0,11.0,588.0,55.0,2026-08-30 05:18:00,2026-08-30 17:55:00,False,Kolkata
27.8,94,34.6,0.0,0.0,2,8.1,0.36,2026-08-30 21:00:00,38,69,0.0,15.5,16.1,12.4,10.5,533.0,56.0,2026-08-30 05:18:00,2026-08-30 17:55:00,False,Kolkata
27.1,96,33.3,0.7,0.7,53,9.5,0.367,2026-08-30 22:00:00,35,66,0.0,14.3,15.0,11.0,9.5,441.0,60.0,2026-08-30 05:18:00,2026-08-30 17:55:00,False,Kolkata
27.3,95,33.7,1.1,1.1,55,8.2,0.368,2026-08-30 23:00:00,31,62,0.0,11.9,12.6,9.7,8.5,360.0,64.0,2026-08-30 05:18:00,2026-08-30 17:55:00,False,Kolkata
28.0,94,35.5,0.0,0.0,3,3.9,0.35,2026-08-25 00:00:00,89,154,0.0,81.3,90.6,45.2,21.4,1133.0,29.0,2026-08-25 05:54:00,2026-08-25 18:49:00,False,Ghaziabad
27.8,95,35.6,0.0,0.0,3,1.5,0.349,2026-08-25 01:00:00,89,154,0.0,82.0,91.5,42.2,18.9,1198.0,26.0,2026-08-25 05:54:00,2026-08-25 18:49:00,False,Ghaziabad
27.7,96,35.6,0.0,0.0,3,1.3,0.349,2026-08-25 02:00:00,90,155,0.0,79.4,87.5,38.6,16.6,1167.0,25.0,2026-08-25 05:54:00,2026-08-25 18:49:00,False,Ghaziabad
27.6,97,35.3,0.0,0.0,3,2.1,0.349,2026-08-25 03:00:00,90,155,0.0,75.7,82.9,34.8,14.3,955.0,25.0,2026-08-25 05:54:00,2026-08-25 18:49:00,False,Ghaziabad
27.5,97,35.4,0.0,0.0,3,0.7,0.348,2026-08-25 04:00:00,90,155,0.0,74.7,81.3,30.4,12.2,648.0,27.0,2026-08-25 05:54:00,2026-08-25 18:49:00,False,Ghaziabad
26.5,98,33.6,0.0,0.0,3,2.4,0.345,2026-08-25 05:00:00,89,154,0.0,67.8,77.8,31.3,18.5,443.0,43.0,2026-08-25 05:54:00,2026-08-25 18:49:00,False,Ghaziabad
26.7,97,33.5,2.4,2.4,61,5.0,0.377,2026-08-25 06:00:00,89,154,0.05,71.0,79.9,30.9,22.2,454.0,51.0,2026-08-25 05:54:00,2026-08-25 18:49:00,True,Ghaziabad
26.8,97,33.6,1.6,1.6,61,4.9,0.397,2026-08-25 07:00:00,90,155,0.45,65.2,77.3,30.0,27.3,568.0,63.0,2026-08-25 05:54:00,2026-08-25 18:49:00,True,Ghaziabad
27.4,93,34.3,0.6,0.6,53,4.4,0.4,2026-08-25 08:00:00,90,155,1.45,61.5,75.2,27.3,30.6,639.0,84.0,2026-08-25 05:54:00,2026-08-25 18:49:00,True,Ghaziabad
28.7,89,36.2,0.2,0.2,51,2.7,0.397,2026-08-25 09:00:00,90,155,2.65,49.2,65.7,20.9,30.3,601.0,122.0,2026-08-25 05:54:00,2026-08-25 18:49:00,True,Ghaziabad
29.8,82,36.4,0.0,0.0,3,7.1,0.392,2026-08-25 10:00:00,90,155,5.25,47.7,64.7,12.6,28.2,521.0,168.0,2026-08-25 05:54:00,2026-08-25 18:49:00,True,Ghaziabad
31.4,72,37.6,0.0,0.0,3,6.7,0.392,2026-08-25 11:00:00,90,155,6.0,48.4,65.9,6.6,26.5,453.0,203.0,2026-08-25 05:54:00,2026-08-25 18:49:00,True,Ghaziabad
31.5,73,38.9,0.0,0.0,3,5.4,0.385,2026-08-25 12:00:00,90,155,5.45,50.9,77.1,4.9,25.8,416.0,217.0,2026-08-25 05:54:00,2026-08-25 18:49:00,True,Ghaziabad
32.2,71,40.5,0.2,0.2,51,3.4,0.38,2026-08-25 13:00:00,90,155,4.75,52.2,73.6,5.4,25.6,391.0,220.0,2026-08-25 05:54:00,2026-08-25 18:49:00,True,Ghaziabad
32.2,70,39.7,0.1,0.1,51,2.4,0.375,2026-08-25 14:00:00,90,155,3.15,53.0,74.7,6.9,26.1,376.0,219.0,2026-08-25 05:54:00,2026-08-25 18:49:00,True,Ghaziabad
32.3,67,39.1,0.1,0.1,51,1.5,0.371,2026-08-25 15:00:00,90,155,2.1,54.5,76.4,7.1,27.5,363.0,221.0,2026-08-25 05:54:00,2026-08-25 18:49:00,True,Ghaziabad
32.3,67,39.1,0.0,0.0,3,1.3,0.367,2026-08-25 16:00:00,90,169,0.95,58.1,80.6,8.1,29.6,361.0,219.0,2026-08-25 05:54:00,2026-08-25 18:49:00,True,Ghaziabad
28.0,95,35.4,0.0,0.0,3,5.2,0.359,2026-08-25 17:00:00,90,191,0.15,31.7,34.5,12.8,15.0,390.0,143.0,2026-08-25 05:54:00,2026-08-25 18:49:00,True,Ghaziabad
28.2,95,36.0,0.6,0.6,53,4.1,0.365,2026-08-25 18:00:00,89,194,0.0,32.9,35.5,16.0,15.1,464.0,127.0,2026-08-25 05:54:00,2026-08-25 18:49:00,True,Ghaziabad
28.1,95,35.8,0.0,0.0,3,3.9,0.364,2026-08-25 19:00:00,88,188,0.0,37.3,39.5,20.6,15.3,570.0,104.0,2026-08-25 05:54:00,2026-08-25 18:49:00,False,Ghaziabad
28.2,94,36.2,0.0,0.0,3,1.2,0.364,2026-08-25 20:00:00,88,172,0.0,49.0,50.9,26.2,16.4,693.0,83.0,2026-08-25 05:54:00,2026-08-25 18:49:00,False,Ghaziabad
28.0,95,36.0,0.0,0.0,3,1.9,0.363,2026-08-25 21:00:00,88,153,0.0,57.2,58.9,33.7,19.1,860.0,67.0,2026-08-25 05:54:00,2026-08-25 18:49:00,False,Ghaziabad
27.6,96,34.8,0.0,0.0,2,5.1,0.362,2026-08-25 22:00:00,88,153,0.0,69.4,71.0,42.2,22.6,1045.0,54.0,2026-08-25 05:54:00,2026-08-25 18:49:00,False,Ghaziabad
27.8,94,35.2,0.0,0.0,2,3.5,0.361,2026-08-25 23:00:00,88,153,0.0,79.9,81.5,47.9,25.8,1147.0,44.0,2026-08-25 05:54:00,2026-08-25 18:49:00,False,Ghaziabad
27.5,95,34.9,0.0,0.0,3,3.1,0.361,2026-08-26 00:00:00,88,153,0.0,81.7,83.6,48.3,28.4,1101.0,39.0,2026-08-26 05:54:00,2026-08-26 18:48:00,False,Ghaziabad
27.3,96,34.5,0.0,0.0,3,3.4,0.36,2026-08-26 01:00:00,88,153,0.0,88.0,89.9,45.9,30.6,973.0,36.0,2026-08-26 05:54:00,2026-08-26 18:48:00,False,Ghaziabad
27.1,96,34.4,0.0,0.0,2,3.0,0.36,2026-08-26 02:00:00,88,153,0.0,93.8,95.5,44.9,32.2,863.0,33.0,2026-08-26 05:54:00,2026-08-26 18:48:00,False,Ghaziabad
27.1,96,34.3,0.0,0.0,2,2.5,0.359,2026-08-26 03:00:00,88,154,0.0,98.5,100.4,48.7,32.2,814.0,22.0,2026-08-26 05:54:00,2026-08-26 18:48:00,False,Ghaziabad
27.0,96,34.1,0.0,0.0,2,3.1,0.358,2026-08-26 04:00:00,89,154,0.0,105.0,106.9,53.8,31.7,783.0,9.0,2026-08-26 05:54:00,2026-08-26 18:48:00,False,Ghaziabad
27.3,96,34.8,0.0,0.0,3,1.8,0.352,2026-08-26 05:00:00,90,155,0.0,71.2,71.9,29.4,21.7,747.0,42.0,2026-08-26 05:54:00,2026-08-26 18:48:00,False,Ghaziabad
27.1,96,34.4,0.0,0.0,3,2.4,0.352,2026-08-26 06:00:00,90,155,0.1,77.8,78.5,26.9,26.6,698.0,59.0,2026-08-26 05:54:00,2026-08-26 18:48:00,True,Ghaziabad
26.6,94,33.2,1.3,1.3,61,2.8,0.367,2026-08-26 07:00:00,90,155,0.7,71.9,73.1,23.3,33.4,644.0,85.0,2026-08-26 05:54:00,2026-08-26 18:48:00,True,Ghaziabad
26.8,93,33.6,0.9,0.9,53,2.4,0.375,2026-08-26 08:00:00,91,156,2.1,60.8,62.4,19.7,39.2,583.0,114.0,2026-08-26 05:54:00,2026-08-26 18:48:00,True,Ghaziabad
27.1,92,33.5,2.0,2.0,61,4.3,0.397,2026-08-26 09:00:00,91,156,4.0,45.3,47.7,16.0,43.0,498.0,147.0,2026-08-26 05:54:00,2026-08-26 18:48:00,True,Ghaziabad
28.0,87,34.3,0.4,0.4,51,5.4,0.397,2026-08-26 10:00:00,91,155,5.85,44.8,48.4,12.2,45.9,406.0,184.0,2026-08-26 05:54:00,2026-08-26 18:48:00,True,Ghaziabad
30.1,77,36.9,0.1,0.1,51,2.7,0.379,2026-08-26 11:00:00,90,155,7.1,49.0,53.9,9.3,48.0,352.0,218.0,2026-08-26 05:54:00,2026-08-26 18:48:00,True,Ghaziabad
31.3,73,38.9,0.0,0.0,3,3.3,0.374,2026-08-26 12:00:00,90,155,6.6,56.9,63.3,7.4,49.7,364.0,250.0,2026-08-26 05:54:00,2026-08-26 18:48:00,True,Ghaziabad
32.2,71,40.7,0.0,0.0,3,1.5,0.368,2026-08-26 13:00:00,91,156,5.55,65.0,72.6,6.3,50.7,415.0,280.0,2026-08-26 05:54:00,2026-08-26 18:48:00,True,Ghaziabad
32.3,69,39.3,0.0,0.0,3,3.5,0.363,2026-08-26 14:00:00,91,156,3.7,71.7,81.3,6.6,50.3,470.0,295.0,2026-08-26 05:54:00,2026-08-26 18:48:00,True,Ghaziabad
32.5,66,38.8,0.0,0.0,3,4.4,0.359,2026-08-26 15:00:00,92,188,1.95,77.5,88.7,8.6,47.9,516.0,291.0,2026-08-26 05:54:00,2026-08-26 18:48:00,True,Ghaziabad
32.3,65,38.2,0.1,0.1,51,5.7,0.356,2026-08-26 16:00:00,92,209,0.75,78.7,89.9,11.8,44.1,565.0,273.0,2026-08-26 05:54:00,2026-08-26 18:48:00,True,Ghaziabad
29.1,91,36.9,0.0,0.0,3,4.1,0.317,2026-08-26 17:00:00,93,220,0.2,93.6,104.3,24.4,49.4,626.0,212.0,2026-08-26 05:54:00,2026-08-26 18:48:00,True,Ghaziabad
28.5,94,36.1,1.4,1.4,61,5.6,0.336,2026-08-26 18:00:00,95,224,0.0,97.3,107.6,30.8,49.4,681.0,183.0,2026-08-26 05:54:00,2026-08-26 18:48:00,True,Ghaziabad
28.0,95,35.1,1.0,1.0,55,7.4,0.348,2026-08-26 19:00:00,97,224,0.0,108.7,119.0,39.6,49.4,747.0,143.0,2026-08-26 05:54:00,2026-08-26 18:48:00,False,Ghaziabad
27.6,96,34.4,0.4,0.4,51,8.7,0.352,2026-08-26 20:00:00,100,219,0.0,120.6,130.4,45.6,48.9,879.0,110.0,2026-08-26 05:54:00,2026-08-26 18:48:00,False,Ghaziabad
27.4,97,34.1,0.0,0.0,3,8.2,0.352,2026-08-26 21:00:00,102,209,0.0,123.9,133.2,46.1,48.0,1176.0,92.0,2026-08-26 05:54:00,2026-08-26 18:48:00,False,Ghaziabad
27.3,96,34.1,0.0,0.0,3,6.9,0.352,2026-08-26 22:00:00,104,192,0.0,118.7,129.9,43.7,46.7,1539.0,82.0,2026-08-26 05:54:00,2026-08-26 18:48:00,False,Ghaziabad
28.7,95,36.1,0.0,0.0,3,7.8,0.345,2026-08-26 23:00:00,106,169,0.0,111.5,126.2,41.7,44.6,1727.0,72.0,2026-08-26 05:54:00,2026-08-26 18:48:00,False,Ghaziabad
28.2,95,35.4,0.0,0.0,3,8.0,0.345,2026-08-27 00:00:00,107,170,0.0,103.8,122.5,41.8,41.2,1579.0,60.0,2026-08-27 05:55:00,2026-08-27 18:47:00,False,Ghaziabad
27.8,96,34.8,0.0,0.0,3,8.0,0.345,2026-08-27 01:00:00,108,171,0.0,100.1,122.0,42.2,37.0,1255.0,48.0,2026-08-27 05:55:00,2026-08-27 18:47:00,False,Ghaziabad
27.7,95,34.6,0.0,0.0,3,7.3,0.344,2026-08-27 02:00:00,108,171,0.0,97.1,120.1,40.6,32.7,1000.0,42.0,2026-08-27 05:55:00,2026-08-27 18:47:00,False,Ghaziabad
27.4,95,34.4,0.0,0.0,3,5.3,0.344,2026-08-27 03:00:00,108,171,0.0,89.6,109.9,35.3,27.9,921.0,44.0,2026-08-27 05:55:00,2026-08-27 18:47:00,False,Ghaziabad
27.2,95,34.3,0.0,0.0,3,4.4,0.344,2026-08-27 04:00:00,108,171,0.0,74.3,85.7,28.1,23.1,910.0,50.0,2026-08-27 05:55:00,2026-08-27 18:47:00,False,Ghaziabad
28.4,94,35.5,0.0,0.0,3,8.2,0.316,2026-08-27 05:00:00,107,170,0.0,66.1,74.5,24.3,21.2,884.0,48.0,2026-08-27 05:55:00,2026-08-27 18:47:00,False,Ghaziabad
28.3,94,35.8,0.0,0.0,3,4.9,0.316,2026-08-27 06:00:00,107,170,0.05,66.4,72.4,23.0,20.5,802.0,51.0,2026-08-27 05:55:00,2026-08-27 18:47:00,True,Ghaziabad
28.7,92,36.2,0.0,0.0,3,5.7,0.316,2026-08-27 07:00:00,106,170,0.25,57.7,64.0,21.0,19.8,703.0,56.0,2026-08-27 05:55:00,2026-08-27 18:47:00,True,Ghaziabad
29.2,90,36.8,0.0,0.0,3,4.7,0.315,2026-08-27 08:00:00,106,169,0.5,52.9,61.0,18.4,20.1,628.0,69.0,2026-08-27 05:55:00,2026-08-27 18:47:00,True,Ghaziabad
30.0,86,37.6,0.0,0.0,3,5.7,0.314,2026-08-27 09:00:00,106,169,1.2,48.9,60.1,14.6,22.5,592.0,95.0,2026-08-27 05:55:00,2026-08-27 18:47:00,True,Ghaziabad
31.3,81,39.2,0.0,0.0,3,4.3,0.312,2026-08-27 10:00:00,106,169,2.35,47.7,61.0,10.2,26.0,579.0,129.0,2026-08-27 05:55:00,2026-08-27 18:47:00,True,Ghaziabad
31.9,69,39.3,0.0,0.0,3,2.2,0.312,2026-08-27 11:00:00,106,169,3.1,49.1,64.0,7.2,29.1,575.0,157.0,2026-08-27 05:55:00,2026-08-27 18:47:00,True,Ghaziabad
29.3,83,35.6,2.1,2.1,61,7.2,0.333,2026-08-27 12:00:00,106,169,3.25,52.6,69.2,6.3,31.0,578.0,175.0,2026-08-27 05:55:00,2026-08-27 18:47:00,True,Ghaziabad
29.8,81,36.5,0.6,0.6,53,5.1,0.338,2026-08-27 13:00:00,106,169,2.75,54.7,70.5,6.7,32.5,589.0,189.0,2026-08-27 05:55:00,2026-08-27 18:47:00,True,Ghaziabad
30.8,76,37.3,0.0,0.0,3,6.0,0.335,2026-08-27 14:00:00,105,169,2.3,57.6,72.9,8.1,33.9,600.0,198.0,2026-08-27 05:55:00,2026-08-27 18:47:00,True,Ghaziabad
31.0,75,37.6,0.0,0.0,3,5.2,0.333,2026-08-27 15:00:00,105,168,1.9,61.9,77.5,10.1,35.5,592.0,207.0,2026-08-27 05:55:00,2026-08-27 18:47:00,True,Ghaziabad
31.5,72,38.2,0.0,0.0,3,4.3,0.33,2026-08-27 16:00:00,104,168,0.95,62.4,78.0,13.0,37.1,584.0,212.0,2026-08-27 05:55:00,2026-08-27 18:47:00,True,Ghaziabad
30.5,79,37.3,0.0,0.0,3,6.4,0.325,2026-08-27 17:00:00,104,167,0.25,64.0,76.8,17.6,37.9,626.0,205.0,2026-08-27 05:55:00,2026-08-27 18:47:00,True,Ghaziabad
29.7,83,36.7,0.0,0.0,3,4.7,0.324,2026-08-27 18:00:00,103,172,0.0,67.1,76.1,25.3,37.7,762.0,179.0,2026-08-27 05:55:00,2026-08-27 18:47:00,True,Ghaziabad
29.0,85,36.0,0.0,0.0,3,4.0,0.324,2026-08-27 19:00:00,102,180,0.0,76.8,85.9,34.6,36.7,947.0,141.0,2026-08-27 05:55:00,2026-08-27 18:47:00,False,Ghaziabad
28.7,87,35.4,0.0,0.0,3,5.3,0.324,2026-08-27 20:00:00,101,178,0.0,80.8,89.4,41.9,35.6,1102.0,109.0,2026-08-27 05:55:00,2026-08-27 18:47:00,False,Ghaziabad
28.3,87,35.0,0.0,0.0,2,5.1,0.324,2026-08-27 21:00:00,100,167,0.0,88.0,96.6,45.2,34.3,1200.0,90.0,2026-08-27 05:55:00,2026-08-27 18:47:00,False,Ghaziabad
28.1,87,34.2,0.0,0.0,1,6.9,0.324,2026-08-27 22:00:00,98,162,0.0,93.6,100.1,46.4,32.8,1267.0,76.0,2026-08-27 05:55:00,2026-08-27 18:47:00,False,Ghaziabad
28.5,88,34.9,0.0,0.0,1,7.6,0.324,2026-08-27 23:00:00,97,162,0.0,103.8,109.9,47.6,31.9,1297.0,65.0,2026-08-27 05:55:00,2026-08-27 18:47:00,False,Ghaziabad
28.0,91,34.5,0.0,0.0,1,7.9,0.324,2026-08-28 00:00:00,97,161,0.0,109.4,116.2,49.5,32.3,1273.0,57.0,2026-08-28 05:55:00,2026-08-28 18:46:00,False,Ghaziabad
27.8,91,34.3,0.0,0.0,2,7.3,0.324,2026-08-28 01:00:00,97,162,0.0,115.7,123.9,51.3,33.3,1213.0,53.0,2026-08-28 05:55:00,2026-08-28 18:46:00,False,Ghaziabad
27.6,90,34.2,0.0,0.0,3,5.1,0.324,2026-08-28 02:00:00,98,162,0.0,120.6,130.4,53.0,33.2,1166.0,46.0,2026-08-28 05:55:00,2026-08-28 18:46:00,False,Ghaziabad
27.4,92,34.2,0.0,0.0,3,3.6,0.324,2026-08-28 03:00:00,99,163,0.0,127.6,137.8,55.8,30.5,1175.0,31.0,2026-08-28 05:55:00,2026-08-28 18:46:00,False,Ghaziabad
27.4,91,34.1,0.0,0.0,2,4.1,0.324,2026-08-28 04:00:00,100,164,0.0,135.0,144.4,58.5,26.6,1198.0,14.0,2026-08-28 05:55:00,2026-08-28 18:46:00,False,Ghaziabad
26.3,92,31.9,0.0,0.0,3,7.8,0.328,2026-08-28 05:00:00,102,166,0.0,67.3,108.3,34.3,24.8,1158.0,30.0,2026-08-28 05:55:00,2026-08-28 18:46:00,False,Ghaziabad
25.7,94,31.0,1.7,1.7,61,8.3,0.35,2026-08-28 06:00:00,102,166,0.1,69.6,112.7,31.6,25.0,996.0,40.0,2026-08-28 05:55:00,2026-08-28 18:46:00,True,Ghaziabad
27.3,90,32.8,0.2,0.2,51,11.4,0.351,2026-08-28 07:00:00,102,166,0.4,66.6,104.8,27.8,25.3,771.0,54.0,2026-08-28 05:55:00,2026-08-28 18:46:00,True,Ghaziabad
29.3,83,35.4,0.0,0.0,3,9.5,0.35,2026-08-28 08:00:00,102,166,1.3,57.9,102.9,23.3,25.0,578.0,75.0,2026-08-28 05:55:00,2026-08-28 18:46:00,True,Ghaziabad
30.7,73,35.9,0.0,0.0,2,11.7,0.347,2026-08-28 09:00:00,103,166,2.5,52.5,113.4,17.8,23.6,453.0,107.0,2026-08-28 05:55:00,2026-08-28 18:46:00,True,Ghaziabad
31.7,69,37.7,0.0,0.0,1,10.2,0.343,2026-08-28 10:00:00,103,166,4.4,60.3,150.4,11.7,21.6,359.0,146.0,2026-08-28 05:55:00,2026-08-28 18:46:00,True,Ghaziabad
32.7,62,38.5,0.0,0.0,2,12.9,0.342,2026-08-28 11:00:00,103,167,6.05,70.1,190.9,7.1,19.9,287.0,173.0,2026-08-28 05:55:00,2026-08-28 18:46:00,True,Ghaziabad
33.2,60,38.8,0.0,0.0,2,12.6,0.336,2026-08-28 12:00:00,104,167,6.45,75.7,213.3,4.7,18.6,233.0,182.0,2026-08-28 05:55:00,2026-08-28 18:46:00,True,Ghaziabad
33.5,59,38.9,0.0,0.0,2,12.5,0.331,2026-08-28 13:00:00,105,168,6.1,84.5,294.3,3.8,17.6,200.0,181.0,2026-08-28 05:55:00,2026-08-28 18:46:00,True,Ghaziabad
33.7,57,38.7,0.0,0.0,3,12.9,0.325,2026-08-28 14:00:00,106,169,4.4,96.4,398.6,4.3,16.8,186.0,174.0,2026-08-28 05:55:00,2026-08-28 18:46:00,True,Ghaziabad
33.7,57,38.0,0.0,0.0,2,12.5,0.32,2026-08-28 15:00:00,107,170,2.45,108.5,486.2,5.8,16.1,174.0,164.0,2026-08-28 05:55:00,2026-08-28 18:46:00,True,Ghaziabad
33.2,61,38.0,0.0,0.0,0,11.2,0.316,2026-08-28 16:00:00,108,171,0.95,120.1,538.3,8.6,15.8,180.0,148.0,2026-08-28 05:55:00,2026-08-28 18:46:00,True,Ghaziabad
32.9,63,38.2,0.0,0.0,0,9.2,0.291,2026-08-28 17:00:00,110,173,0.25,106.6,429.3,13.0,15.5,256.0,122.0,2026-08-28 05:55:00,2026-08-28 18:46:00,True,Ghaziabad
31.4,71,37.6,0.0,0.0,3,5.1,0.29,2026-08-28 18:00:00,114,174,0.0,113.9,410.7,26.2,18.7,425.0,99.0,2026-08-28 05:55:00,2026-08-28 18:46:00,True,Ghaziabad
30.6,74,36.9,0.0,0.0,0,4.7,0.29,2026-08-28 19:00:00,120,176,0.0,129.5,456.3,44.7,23.3,663.0,67.0,2026-08-28 05:55:00,2026-08-28 18:46:00,False,Ghaziabad
30.3,76,36.9,0.0,0.0,1,3.4,0.29,2026-08-28 20:00:00,126,177,0.0,149.0,512.2,61.5,27.8,947.0,40.0,2026-08-28 05:55:00,2026-08-28 18:46:00,False,Ghaziabad
29.9,78,36.5,0.0,0.0,2,3.5,0.291,2026-08-28 21:00:00,133,179,0.0,166.7,560.7,75.0,32.1,1373.0,23.0,2026-08-28 05:55:00,2026-08-28 18:46:00,False,Ghaziabad
29.5,79,35.8,0.0,0.0,2,4.8,0.291,2026-08-28 22:00:00,141,182,0.0,183.0,594.2,86.6,36.4,1846.0,10.0,2026-08-28 05:55:00,2026-08-28 18:46:00,False,Ghaziabad
29.5,79,35.8,0.0,0.0,1,5.1,0.292,2026-08-28 23:00:00,149,184,0.0,192.8,597.9,93.9,38.9,2055.0,2.0,2026-08-28 05:55:00,2026-08-28 18:46:00,False,Ghaziabad
28.9,81,35.0,0.0,0.0,2,5.5,0.292,2026-08-29 00:00:00,157,187,0.0,190.9,581.1,94.9,38.9,1782.0,0.0,2026-08-29 05:56:00,2026-08-29 18:45:00,False,Ghaziabad
28.6,81,34.6,0.0,0.0,3,5.3,0.292,2026-08-29 01:00:00,165,190,0.0,185.8,558.8,91.6,37.1,1246.0,0.0,2026-08-29 05:56:00,2026-08-29 18:45:00,False,Ghaziabad
28.5,81,34.0,0.0,0.0,3,7.1,0.292,2026-08-29 02:00:00,172,192,0.0,176.0,502.9,86.8,34.9,793.0,0.0,2026-08-29 05:56:00,2026-08-29 18:45:00,False,Ghaziabad
28.2,81,33.2,0.0,0.0,3,9.1,0.292,2026-08-29 03:00:00,178,195,0.0,156.9,407.0,82.1,32.5,544.0,0.0,2026-08-29 05:56:00,2026-08-29 18:45:00,False,Ghaziabad
28.0,80,32.7,0.0,0.0,3,10.7,0.292,2026-08-29 04:00:00,183,203,0.0,132.7,331.6,75.9,29.6,378.0,0.0,2026-08-29 05:56:00,2026-08-29 18:45:00,False,Ghaziabad
28.6,78,33.1,0.0,0.0,3,12.4,0.281,2026-08-29 05:00:00,186,214,0.0,91.5,319.4,37.6,17.8,273.0,22.0,2026-08-29 05:56:00,2026-08-29 18:45:00,False,Ghaziabad
28.3,78,32.6,0.0,0.0,3,13.5,0.281,2026-08-29 06:00:00,189,227,0.15,83.4,322.2,31.1,16.5,246.0,36.0,2026-08-29 05:56:00,2026-08-29 18:45:00,True,Ghaziabad
28.9,76,33.1,0.0,0.0,3,14.1,0.281,2026-08-29 07:00:00,193,239,0.8,81.7,335.3,22.1,14.7,280.0,56.0,2026-08-29 05:56:00,2026-08-29 18:45:00,True,Ghaziabad
29.8,73,34.1,0.0,0.0,3,13.2,0.279,2026-08-29 08:00:00,197,253,2.25,82.2,373.5,14.6,13.7,302.0,78.0,2026-08-29 05:56:00,2026-08-29 18:45:00,True,Ghaziabad
30.9,68,35.2,0.0,0.0,2,13.0,0.276,2026-08-29 09:00:00,201,269,4.25,92.0,455.4,10.1,14.3,280.0,105.0,2026-08-29 05:56:00,2026-08-29 18:45:00,True,Ghaziabad
31.9,64,37.0,0.0,0.0,1,12.3,0.272,2026-08-29 10:00:00,207,289,6.2,100.4,489.9,7.1,15.7,246.0,135.0,2026-08-29 05:56:00,2026-08-29 18:45:00,True,Ghaziabad
33.1,59,38.8,0.0,0.0,0,11.4,0.267,2026-08-29 11:00:00,213,308,7.4,104.1,486.2,5.0,16.8,219.0,157.0,2026-08-29 05:56:00,2026-08-29 18:45:00,True,Ghaziabad
33.8,56,39.9,0.0,0.0,0,11.2,0.262,2026-08-29 12:00:00,218,324,6.9,104.3,475.9,3.5,17.1,203.0,168.0,2026-08-29 05:56:00,2026-08-29 18:45:00,True,Ghaziabad
34.4,54,40.6,0.0,0.0,2,9.6,0.257,2026-08-29 13:00:00,222,337,5.85,106.6,482.4,3.0,17.2,194.0,172.0,2026-08-29 05:56:00,2026-08-29 18:45:00,True,Ghaziabad
34.6,53,40.3,0.0,0.0,3,9.3,0.252,2026-08-29 14:00:00,225,347,3.95,110.4,499.2,4.1,17.2,195.0,169.0,2026-08-29 05:56:00,2026-08-29 18:45:00,True,Ghaziabad
34.3,53,38.9,0.0,0.0,3,9.5,0.248,2026-08-29 15:00:00,227,352,2.05,114.1,519.7,6.6,16.9,186.0,158.0,2026-08-29 05:56:00,2026-08-29 18:45:00,True,Ghaziabad
33.9,57,38.8,0.0,0.0,3,9.0,0.245,2026-08-29 16:00:00,227,354,0.85,116.9,484.3,10.7,16.6,187.0,140.0,2026-08-29 05:56:00,2026-08-29 18:45:00,True,Ghaziabad
33.1,61,38.8,0.0,0.0,2,5.9,0.243,2026-08-29 17:00:00,226,351,0.25,100.4,403.3,14.5,17.4,258.0,128.0,2026-08-29 05:56:00,2026-08-29 18:45:00,True,Ghaziabad
31.4,72,38.1,0.0,0.0,3,3.7,0.243,2026-08-29 18:00:00,226,350,0.0,107.8,394.9,27.2,20.2,447.0,105.0,2026-08-29 05:56:00,2026-08-29 18:45:00,True,Ghaziabad
30.8,75,38.0,0.0,0.0,3,0.4,0.244,2026-08-29 19:00:00,226,349,0.0,120.6,418.2,45.0,24.0,705.0,73.0,2026-08-29 05:56:00,2026-08-29 18:45:00,False,Ghaziabad
29.9,78,36.8,0.0,0.0,3,1.4,0.244,2026-08-29 20:00:00,225,347,0.0,131.8,428.4,60.6,27.3,951.0,45.0,2026-08-29 05:56:00,2026-08-29 18:45:00,False,Ghaziabad
29.0,83,35.8,0.0,0.0,3,3.5,0.245,2026-08-29 21:00:00,224,343,0.0,143.0,440.5,72.3,29.6,1208.0,26.0,2026-08-29 05:56:00,2026-08-29 18:45:00,False,Ghaziabad
28.8,83,35.0,0.0,0.0,3,6.0,0.245,2026-08-29 22:00:00,222,337,0.0,150.9,441.4,81.7,31.3,1453.0,12.0,2026-08-29 05:56:00,2026-08-29 18:45:00,False,Ghaziabad
29.0,82,35.5,0.0,0.0,3,4.3,0.245,2026-08-29 23:00:00,219,329,0.0,151.8,415.4,86.9,31.7,1527.0,2.0,2026-08-29 05:56:00,2026-08-29 18:45:00,False,Ghaziabad
28.4,85,34.9,0.0,0.0,3,4.5,0.246,2026-08-30 00:00:00,216,319,0.0,146.7,370.7,86.2,30.3,1297.0,0.0,2026-08-30 05:57:00,2026-08-30 18:44:00,False,Ghaziabad
28.2,86,34.4,0.0,0.0,3,5.6,0.246,2026-08-30 01:00:00,213,308,0.0,138.3,322.2,81.3,27.6,897.0,0.0,2026-08-30 05:57:00,2026-08-30 18:44:00,False,Ghaziabad
28.4,82,33.9,0.0,0.0,2,9.0,0.246,2026-08-30 02:00:00,209,295,0.0,122.9,285.0,74.4,25.1,573.0,0.0,2026-08-30 05:57:00,2026-08-30 18:44:00,False,Ghaziabad
28.7,76,33.2,0.0,0.0,1,11.1,0.247,2026-08-30 03:00:00,205,282,0.0,106.6,284.1,65.9,23.3,424.0,3.0,2026-08-30 05:57:00,2026-08-30 18:44:00,False,Ghaziabad
28.2,77,32.7,0.0,0.0,0,9.5,0.247,2026-08-30 04:00:00,203,275,0.0,92.2,285.9,55.6,21.7,351.0,9.0,2026-08-30 05:57:00,2026-08-30 18:44:00,False,Ghaziabad
28.7,74,33.0,0.0,0.0,0,9.8,0.253,2026-08-30 05:00:00,202,272,0.0,87.3,380.0,31.2,16.9,303.0,33.0,2026-08-30 05:57:00,2026-08-30 18:44:00,False,Ghaziabad
28.2,75,32.5,0.0,0.0,0,9.7,0.253,2026-08-30 06:00:00,203,276,0.15,81.5,369.7,25.6,15.8,274.0,44.0,2026-08-30 05:57:00,2026-08-30 18:44:00,True,Ghaziabad
28.9,74,33.3,0.0,0.0,2,9.9,0.252,2026-08-30 07:00:00,204,279,0.75,82.2,391.2,17.7,14.4,270.0,60.0,2026-08-30 05:57:00,2026-08-30 18:44:00,True,Ghaziabad
29.9,70,34.5,0.0,0.0,3,9.4,0.251,2026-08-30 08:00:00,205,282,2.15,86.6,421.9,11.3,13.7,262.0,79.0,2026-08-30 05:57:00,2026-08-30 18:44:00,True,Ghaziabad
31.0,66,35.7,0.0,0.0,3,9.0,0.249,2026-08-30 09:00:00,206,285,4.15,94.3,466.6,7.8,14.4,238.0,103.0,2026-08-30 05:57:00,2026-08-30 18:44:00,True,Ghaziabad
32.3,62,37.6,0.0,0.0,3,9.6,0.245,2026-08-30 10:00:00,206,286,6.15,101.3,482.4,5.8,15.9,210.0,130.0,2026-08-30 05:57:00,2026-08-30 18:44:00,True,Ghaziabad
33.0,59,38.6,0.0,0.0,3,9.6,0.241,2026-08-30 11:00:00,206,285,7.05,105.0,480.6,4.4,16.9,188.0,150.0,2026-08-30 05:57:00,2026-08-30 18:44:00,True,Ghaziabad
33.6,55,39.3,0.0,0.0,3,8.4,0.237,2026-08-30 12:00:00,206,285,6.55,91.5,369.7,3.3,16.9,175.0,159.0,2026-08-30 05:57:00,2026-08-30 18:44:00,True,Ghaziabad
33.4,55,38.0,0.0,0.0,3,6.2,0.235,2026-08-30 13:00:00,204,278,5.8,86.8,336.2,2.8,16.4,167.0,162.0,2026-08-30 05:57:00,2026-08-30 18:44:00,True,Ghaziabad
33.0,56,37.8,0.0,0.0,3,5.0,0.233,2026-08-30 14:00:00,202,270,3.95,86.8,331.6,3.6,16.1,170.0,159.0,2026-08-30 05:57:00,2026-08-30 18:44:00,True,Ghaziabad
33.2,55,38.2,0.0,0.0,3,2.6,0.231,2026-08-30 15:00:00,199,260,2.15,88.0,337.1,5.3,15.8,183.0,151.0,2026-08-30 05:57:00,2026-08-30 18:44:00,True,Ghaziabad
33.0,56,38.2,0.0,0.0,3,2.6,0.229,2026-08-30 16:00:00,196,249,0.9,89.4,313.9,8.3,15.8,205.0,138.0,2026-08-30 05:57:00,2026-08-30 18:44:00,True,Ghaziabad
30.9,74,36.9,0.0,0.0,3,8.1,0.231,2026-08-30 17:00:00,193,239,0.2,90.1,312.9,14.3,20.8,242.0,139.0,2026-08-30 05:57:00,2026-08-30 18:44:00,True,Ghaziabad
30.1,79,36.6,0.0,0.0,3,6.6,0.231,2026-08-30 18:00:00,191,233,0.0,100.4,281.3,23.7,22.4,303.0,114.0,2026-08-30 05:57:00,2026-08-30 18:44:00,True,Ghaziabad
29.4,83,35.9,0.0,0.0,3,6.5,0.231,2026-08-30 19:00:00,189,227,0.0,116.9,297.1,36.3,24.4,379.0,80.0,2026-08-30 05:57:00,2026-08-30 18:44:00,False,Ghaziabad
29.1,83,35.3,0.0,0.0,3,7.5,0.231,2026-08-30 20:00:00,187,219,0.0,118.0,273.8,43.7,24.9,443.0,55.0,2026-08-30 05:57:00,2026-08-30 18:44:00,False,Ghaziabad
28.6,84,34.7,0.0,0.0,3,7.5,0.232,2026-08-30 21:00:00,185,210,0.0,110.4,240.3,40.7,22.4,481.0,49.0,2026-08-30 05:57:00,2026-08-30 18:44:00,False,Ghaziabad
28.6,84,34.8,0.0,0.0,3,5.6,0.233,2026-08-30 22:00:00,182,199,0.0,100.1,201.2,32.4,18.3,508.0,51.0,2026-08-30 05:57:00,2026-08-30 18:44:00,False,Ghaziabad
29.0,83,35.5,0.0,0.0,3,5.8,0.231,2026-08-30 23:00:00,178,194,0.0,91.7,173.7,26.2,14.8,538.0,52.0,2026-08-30 05:57:00,2026-08-30 18:44:00,False,Ghaziabad
25.8,90,30.3,0.0,0.0,3,10.9,0.316,2026-08-25 00:00:00,30,61,0.0,13.8,16.9,19.9,10.7,426.0,41.0,2026-08-25 05:57:00,2026-08-25 18:24:00,False,Chennai
25.9,89,30.5,0.0,0.0,3,9.5,0.314,2026-08-25 01:00:00,30,61,0.0,13.4,16.6,17.4,10.1,342.0,44.0,2026-08-25 05:57:00,2026-08-25 18:24:00,False,Chennai
25.9,90,30.7,0.0,0.0,3,9.5,0.313,2026-08-25 02:00:00,30,62,0.0,13.4,16.6,15.8,9.8,277.0,45.0,2026-08-25 05:57:00,2026-08-25 18:24:00,False,Chennai
25.9,89,30.6,0.0,0.0,3,9.2,0.312,2026-08-25 03:00:00,30,62,0.0,13.7,16.9,15.9,10.3,243.0,42.0,2026-08-25 05:57:00,2026-08-25 18:24:00,False,Chennai
26.0,88,30.4,0.0,0.0,3,10.5,0.311,2026-08-25 04:00:00,30,62,0.0,14.0,16.8,17.0,11.3,228.0,36.0,2026-08-25 05:57:00,2026-08-25 18:24:00,False,Chennai
26.7,87,31.3,0.0,0.0,3,12.0,0.363,2026-08-25 05:00:00,31,62,0.0,13.1,16.8,15.6,11.5,240.0,39.0,2026-08-25 05:57:00,2026-08-25 18:24:00,False,Chennai
26.8,86,31.1,0.0,0.0,3,12.4,0.36,2026-08-25 06:00:00,31,62,0.1,14.1,17.8,16.7,11.6,306.0,35.0,2026-08-25 05:57:00,2026-08-25 18:24:00,True,Chennai
27.6,82,32.0,0.0,0.0,3,11.6,0.358,2026-08-25 07:00:00,31,62,0.8,15.0,18.3,18.2,11.8,400.0,30.0,2026-08-25 05:57:00,2026-08-25 18:24:00,True,Chennai
28.4,80,33.3,0.1,0.1,51,11.0,0.355,2026-08-25 08:00:00,31,62,2.55,15.4,19.0,18.1,12.0,449.0,34.0,2026-08-25 05:57:00,2026-08-25 18:24:00,True,Chennai
29.7,72,34.0,0.0,0.0,3,12.1,0.349,2026-08-25 09:00:00,31,62,5.3,13.5,17.0,15.1,12.3,408.0,54.0,2026-08-25 05:57:00,2026-08-25 18:24:00,True,Chennai
30.8,67,35.5,0.0,0.0,3,9.5,0.342,2026-08-25 10:00:00,33,62,7.75,13.2,17.7,10.7,12.5,322.0,82.0,2026-08-25 05:57:00,2026-08-25 18:24:00,True,Chennai
32.5,61,38.2,0.0,0.0,3,12.1,0.331,2026-08-25 11:00:00,42,62,9.15,14.1,19.4,7.2,12.1,255.0,103.0,2026-08-25 05:57:00,2026-08-25 18:24:00,True,Chennai
32.3,60,38.4,0.1,0.1,51,8.7,0.323,2026-08-25 12:00:00,47,62,9.45,16.5,23.1,5.2,10.5,222.0,111.0,2026-08-25 05:57:00,2026-08-25 18:24:00,True,Chennai
32.8,58,38.8,0.0,0.0,3,7.7,0.314,2026-08-25 13:00:00,48,62,5.65,17.3,24.9,4.1,8.2,208.0,112.0,2026-08-25 05:57:00,2026-08-25 18:24:00,True,Chennai
32.3,60,37.1,0.2,0.2,51,8.2,0.309,2026-08-25 14:00:00,46,63,3.2,16.4,24.1,4.7,7.0,225.0,109.0,2026-08-25 05:57:00,2026-08-25 18:24:00,True,Chennai
32.1,62,36.8,0.1,0.1,51,8.4,0.305,2026-08-25 15:00:00,42,63,2.05,17.2,25.9,7.7,7.7,298.0,103.0,2026-08-25 05:57:00,2026-08-25 18:24:00,True,Chennai
31.9,65,36.9,0.1,0.1,51,9.2,0.3,2026-08-25 16:00:00,38,63,0.95,17.5,26.0,12.2,9.3,404.0,94.0,2026-08-25 05:57:00,2026-08-25 18:24:00,True,Chennai
30.7,74,36.0,0.0,0.0,2,12.0,0.246,2026-08-25 17:00:00,32,63,0.15,23.2,32.4,12.8,9.6,484.0,80.0,2026-08-25 05:57:00,2026-08-25 18:24:00,True,Chennai
29.6,79,35.1,0.2,0.2,51,11.1,0.247,2026-08-25 18:00:00,32,63,0.0,23.4,30.2,14.0,10.3,517.0,80.0,2026-08-25 05:57:00,2026-08-25 18:24:00,True,Chennai
28.7,86,35.5,0.6,0.6,53,4.1,0.253,2026-08-25 19:00:00,32,63,0.0,23.3,29.0,15.8,11.2,525.0,81.0,2026-08-25 05:57:00,2026-08-25 18:24:00,False,Chennai
28.6,87,34.9,0.0,0.0,3,8.0,0.253,2026-08-25 20:00:00,32,64,0.0,23.1,28.5,17.7,12.1,517.0,78.0,2026-08-25 05:57:00,2026-08-25 18:24:00,False,Chennai
28.8,86,35.0,0.0,0.0,3,8.9,0.253,2026-08-25 21:00:00,33,64,0.0,22.7,28.1,20.0,12.9,492.0,70.0,2026-08-25 05:57:00,2026-08-25 18:24:00,False,Chennai
28.6,85,34.8,0.0,0.0,3,7.9,0.253,2026-08-25 22:00:00,33,64,0.0,22.1,28.4,22.5,13.7,450.0,59.0,2026-08-25 05:57:00,2026-08-25 18:24:00,False,Chennai
29.6,77,34.9,0.0,0.0,3,10.3,0.257,2026-08-25 23:00:00,34,65,0.0,21.9,28.4,24.3,14.3,406.0,49.0,2026-08-25 05:57:00,2026-08-25 18:24:00,False,Chennai
27.8,80,31.2,0.1,0.1,51,18.4,0.256,2026-08-26 00:00:00,34,65,0.0,22.0,29.2,25.2,14.7,356.0,43.0,2026-08-26 05:57:00,2026-08-26 18:23:00,False,Chennai
26.5,86,30.6,0.4,0.4,51,13.3,0.259,2026-08-26 01:00:00,35,66,0.0,22.5,30.2,25.5,15.0,304.0,38.0,2026-08-26 05:57:00,2026-08-26 18:23:00,False,Chennai
26.6,87,31.4,0.4,0.4,51,9.4,0.263,2026-08-26 02:00:00,36,67,0.0,22.3,29.9,25.3,14.7,269.0,34.0,2026-08-26 05:57:00,2026-08-26 18:23:00,False,Chennai
26.6,88,31.5,0.0,0.0,3,9.8,0.264,2026-08-26 03:00:00,36,67,0.0,20.9,26.6,24.5,13.5,261.0,29.0,2026-08-26 05:57:00,2026-08-26 18:23:00,False,Chennai
26.7,88,31.5,0.0,0.0,3,11.1,0.263,2026-08-26 04:00:00,37,68,0.0,18.9,22.7,23.3,11.7,271.0,25.0,2026-08-26 05:57:00,2026-08-26 18:23:00,False,Chennai
28.6,73,32.3,0.0,0.0,3,13.7,0.268,2026-08-26 05:00:00,37,68,0.0,18.5,23.1,21.3,10.9,290.0,25.0,2026-08-26 05:57:00,2026-08-26 18:23:00,False,Chennai
28.3,71,31.6,0.0,0.0,3,12.9,0.266,2026-08-26 06:00:00,38,69,0.15,15.1,17.8,20.0,11.0,332.0,26.0,2026-08-26 05:57:00,2026-08-26 18:23:00,True,Chennai
29.0,69,32.5,0.0,0.0,3,12.0,0.264,2026-08-26 07:00:00,38,69,0.95,12.7,14.3,18.0,11.1,383.0,27.0,2026-08-26 05:57:00,2026-08-26 18:23:00,True,Chennai
30.0,67,33.8,0.0,0.0,3,11.8,0.261,2026-08-26 08:00:00,38,69,2.8,11.1,12.7,15.7,11.4,399.0,35.0,2026-08-26 05:57:00,2026-08-26 18:23:00,True,Chennai
31.0,62,34.3,0.0,0.0,2,13.7,0.255,2026-08-26 09:00:00,37,68,5.65,9.8,12.4,12.9,12.5,343.0,54.0,2026-08-26 05:57:00,2026-08-26 18:23:00,True,Chennai
32.0,59,36.6,0.0,0.0,3,12.8,0.248,2026-08-26 10:00:00,37,68,8.2,10.1,14.1,9.7,13.8,251.0,79.0,2026-08-26 05:57:00,2026-08-26 18:23:00,True,Chennai
33.3,53,38.0,0.0,0.0,2,13.7,0.235,2026-08-26 11:00:00,40,68,9.3,10.9,15.4,7.1,14.0,187.0,100.0,2026-08-26 05:57:00,2026-08-26 18:23:00,True,Chennai
33.7,54,39.2,0.1,0.1,51,12.4,0.227,2026-08-26 12:00:00,49,68,9.3,12.3,17.3,5.1,12.2,181.0,114.0,2026-08-26 05:57:00,2026-08-26 18:23:00,True,Chennai
34.3,51,40.0,0.0,0.0,1,9.3,0.218,2026-08-26 13:00:00,56,67,7.75,14.6,22.2,3.7,9.3,204.0,124.0,2026-08-26 05:57:00,2026-08-26 18:23:00,True,Chennai
34.6,51,40.3,0.0,0.0,2,6.9,0.209,2026-08-26 14:00:00,59,67,5.05,17.4,28.1,3.6,7.1,232.0,128.0,2026-08-26 05:57:00,2026-08-26 18:23:00,True,Chennai
34.6,51,39.7,0.0,0.0,2,4.7,0.203,2026-08-26 15:00:00,55,67,2.6,19.0,32.1,5.6,6.2,259.0,123.0,2026-08-26 05:57:00,2026-08-26 18:23:00,True,Chennai
33.9,54,38.5,0.0,0.0,2,6.3,0.198,2026-08-26 16:00:00,48,67,1.0,19.5,33.2,8.8,6.0,291.0,112.0,2026-08-26 05:57:00,2026-08-26 18:23:00,True,Chennai
31.6,70,36.7,1.4,1.4,61,13.4,0.153,2026-08-26 17:00:00,50,67,0.2,21.5,36.9,10.1,6.2,318.0,115.0,2026-08-26 05:57:00,2026-08-26 18:23:00,True,Chennai
30.8,71,35.7,0.1,0.1,51,12.1,0.152,2026-08-26 18:00:00,48,67,0.0,21.2,33.2,10.4,6.5,334.0,112.0,2026-08-26 05:57:00,2026-08-26 18:23:00,True,Chennai
30.5,73,35.4,0.0,0.0,1,12.6,0.151,2026-08-26 19:00:00,45,67,0.0,19.2,28.2,10.8,6.9,345.0,107.0,2026-08-26 05:57:00,2026-08-26 18:23:00,False,Chennai
29.9,76,34.7,0.0,0.0,3,14.4,0.151,2026-08-26 20:00:00,41,67,0.0,17.6,24.5,11.4,7.9,356.0,102.0,2026-08-26 05:57:00,2026-08-26 18:23:00,False,Chennai
29.4,74,34.1,0.0,0.0,3,10.6,0.15,2026-08-26 21:00:00,39,66,0.0,15.7,21.1,12.3,9.9,374.0,97.0,2026-08-26 05:57:00,2026-08-26 18:23:00,False,Chennai
29.1,74,33.9,0.0,0.0,3,8.9,0.15,2026-08-26 22:00:00,36,66,0.0,15.8,21.5,13.4,12.5,393.0,90.0,2026-08-26 05:57:00,2026-08-26 18:23:00,False,Chennai
29.4,73,33.9,0.0,0.0,3,11.3,0.151,2026-08-26 23:00:00,34,65,0.0,17.8,25.1,14.5,14.4,394.0,83.0,2026-08-26 05:57:00,2026-08-26 18:23:00,False,Chennai
28.8,76,33.5,0.0,0.0,3,9.9,0.15,2026-08-27 00:00:00,34,65,0.0,20.1,29.4,15.8,15.2,364.0,73.0,2026-08-27 05:57:00,2026-08-27 18:23:00,False,Chennai
28.4,79,33.4,0.0,0.0,3,9.2,0.15,2026-08-27 01:00:00,34,65,0.0,21.9,33.1,17.1,15.2,317.0,63.0,2026-08-27 05:57:00,2026-08-27 18:23:00,False,Chennai
28.1,81,33.2,0.0,0.0,3,9.6,0.151,2026-08-27 02:00:00,34,65,0.0,22.2,34.1,18.0,14.7,281.0,53.0,2026-08-27 05:57:00,2026-08-27 18:23:00,False,Chennai
28.0,81,32.7,0.0,0.0,3,11.1,0.151,2026-08-27 03:00:00,34,65,0.0,21.5,32.6,18.3,13.1,268.0,45.0,2026-08-27 05:57:00,2026-08-27 18:23:00,False,Chennai
28.0,78,32.4,0.0,0.0,2,10.0,0.151,2026-08-27 04:00:00,34,65,0.0,20.3,29.4,18.1,10.8,266.0,37.0,2026-08-27 05:57:00,2026-08-27 18:23:00,False,Chennai
28.5,73,32.3,0.0,0.0,3,11.9,0.149,2026-08-27 05:00:00,34,65,0.0,17.5,23.7,17.9,9.1,270.0,31.0,2026-08-27 05:57:00,2026-08-27 18:23:00,False,Chennai
28.2,72,31.8,0.0,0.0,3,11.4,0.149,2026-08-27 06:00:00,34,65,0.15,15.9,21.5,15.2,9.4,289.0,33.0,2026-08-27 05:57:00,2026-08-27 18:23:00,True,Chennai
29.2,69,33.3,0.0,0.0,0,9.4,0.148,2026-08-27 07:00:00,34,65,1.0,13.7,22.2,11.3,9.9,314.0,38.0,2026-08-27 05:57:00,2026-08-27 18:23:00,True,Chennai
30.8,62,34.3,0.0,0.0,3,11.8,0.146,2026-08-27 08:00:00,34,65,3.05,12.0,24.3,8.2,10.4,317.0,47.0,2026-08-27 05:57:00,2026-08-27 18:23:00,True,Chennai
31.9,58,35.2,0.0,0.0,2,14.1,0.141,2026-08-27 09:00:00,34,65,6.0,12.7,26.0,6.5,11.2,272.0,65.0,2026-08-27 05:57:00,2026-08-27 18:23:00,True,Chennai
33.1,54,37.6,0.0,0.0,1,13.8,0.136,2026-08-27 10:00:00,36,65,8.85,15.0,29.7,5.4,12.1,205.0,89.0,2026-08-27 05:57:00,2026-08-27 18:23:00,True,Chennai
34.3,51,39.4,0.0,0.0,3,14.1,0.136,2026-08-27 11:00:00,46,66,10.45,17.0,33.6,4.6,12.2,162.0,109.0,2026-08-27 05:57:00,2026-08-27 18:23:00,True,Chennai
34.6,51,39.5,0.1,0.1,51,14.5,0.131,2026-08-27 12:00:00,55,66,9.45,18.2,36.2,3.6,10.7,166.0,123.0,2026-08-27 05:57:00,2026-08-27 18:23:00,True,Chennai
34.7,49,39.9,0.0,0.0,3,8.3,0.125,2026-08-27 13:00:00,61,67,8.1,21.0,40.5,2.9,8.3,193.0,134.0,2026-08-27 05:57:00,2026-08-27 18:23:00,True,Chennai
33.6,53,38.7,0.3,0.3,51,5.0,0.125,2026-08-27 14:00:00,61,67,5.55,23.3,43.3,3.1,6.4,220.0,138.0,2026-08-27 05:57:00,2026-08-27 18:23:00,True,Chennai
33.5,54,38.1,0.4,0.4,51,6.2,0.125,2026-08-27 15:00:00,60,68,2.85,22.8,43.0,4.7,5.4,241.0,132.0,2026-08-27 05:57:00,2026-08-27 18:23:00,True,Chennai
31.4,66,35.8,0.1,0.1,51,13.0,0.124,2026-08-27 16:00:00,53,68,1.05,22.2,41.7,7.2,4.8,261.0,120.0,2026-08-27 05:57:00,2026-08-27 18:23:00,True,Chennai
31.7,68,36.7,0.1,0.1,51,11.8,0.109,2026-08-27 17:00:00,46,68,0.2,22.8,38.1,9.8,4.8,274.0,109.0,2026-08-27 05:57:00,2026-08-27 18:23:00,True,Chennai
31.5,67,36.6,0.1,0.1,51,9.6,0.109,2026-08-27 18:00:00,42,69,0.0,24.2,38.3,12.4,5.7,270.0,103.0,2026-08-27 05:57:00,2026-08-27 18:23:00,True,Chennai
31.1,71,36.6,0.0,0.0,3,8.8,0.109,2026-08-27 19:00:00,40,72,0.0,25.0,37.3,15.0,7.2,258.0,99.0,2026-08-27 05:57:00,2026-08-27 18:23:00,False,Chennai
30.7,73,36.2,0.0,0.0,3,9.3,0.109,2026-08-27 20:00:00,38,70,0.0,24.0,33.6,16.7,8.3,257.0,94.0,2026-08-27 05:57:00,2026-08-27 18:23:00,False,Chennai
30.3,80,36.6,0.0,0.0,3,9.8,0.109,2026-08-27 21:00:00,39,69,0.0,20.7,28.8,16.8,8.6,279.0,85.0,2026-08-27 05:57:00,2026-08-27 18:23:00,False,Chennai
30.0,84,36.6,0.0,0.0,2,10.0,0.11,2026-08-27 22:00:00,39,70,0.0,18.4,26.1,15.9,8.5,311.0,75.0,2026-08-27 05:57:00,2026-08-27 18:23:00,False,Chennai
30.0,85,36.8,0.0,0.0,1,9.6,0.11,2026-08-27 23:00:00,39,70,0.0,17.2,25.1,15.2,8.3,335.0,66.0,2026-08-27 05:57:00,2026-08-27 18:23:00,False,Chennai
29.6,85,36.3,0.0,0.0,2,8.8,0.111,2026-08-28 00:00:00,39,70,0.0,16.2,23.9,15.1,8.0,344.0,60.0,2026-08-28 05:57:00,2026-08-28 18:22:00,False,Chennai
29.1,85,35.4,0.0,0.0,2,8.5,0.111,2026-08-28 01:00:00,39,70,0.0,16.1,23.6,15.1,7.6,345.0,56.0,2026-08-28 05:57:00,2026-08-28 18:22:00,False,Chennai
28.8,80,34.0,0.0,0.0,0,10.1,0.111,2026-08-28 02:00:00,38,69,0.0,16.6,24.4,15.4,7.4,341.0,52.0,2026-08-28 05:57:00,2026-08-28 18:22:00,False,Chennai
28.9,68,32.3,0.0,0.0,0,11.8,0.111,2026-08-28 03:00:00,38,69,0.0,17.8,26.0,16.1,7.7,333.0,47.0,2026-08-28 05:57:00,2026-08-28 18:22:00,False,Chennai
28.6,67,31.9,0.0,0.0,0,10.0,0.111,2026-08-28 04:00:00,38,68,0.0,18.9,27.4,16.9,8.2,321.0,42.0,2026-08-28 05:57:00,2026-08-28 18:22:00,False,Chennai
29.0,67,32.4,0.0,0.0,1,11.0,0.122,2026-08-28 05:00:00,37,68,0.0,15.1,20.6,16.6,7.6,306.0,28.0,2026-08-28 05:57:00,2026-08-28 18:22:00,False,Chennai
28.5,68,32.1,0.0,0.0,0,9.4,0.122,2026-08-28 06:00:00,37,68,0.15,13.6,19.2,14.9,8.3,289.0,32.0,2026-08-28 05:57:00,2026-08-28 18:22:00,True,Chennai
29.7,64,33.2,0.0,0.0,0,9.9,0.121,2026-08-28 07:00:00,37,68,1.05,13.3,19.8,12.4,9.3,269.0,39.0,2026-08-28 05:57:00,2026-08-28 18:22:00,True,Chennai
30.9,58,33.7,0.0,0.0,2,13.2,0.119,2026-08-28 08:00:00,37,68,3.15,12.8,21.1,10.1,10.2,248.0,50.0,2026-08-28 05:57:00,2026-08-28 18:22:00,True,Chennai
32.0,56,35.3,0.0,0.0,3,12.7,0.116,2026-08-28 09:00:00,37,68,5.9,13.1,22.8,8.1,11.1,221.0,70.0,2026-08-28 05:57:00,2026-08-28 18:22:00,True,Chennai
33.0,53,37.3,0.0,0.0,3,11.9,0.112,2026-08-28 10:00:00,38,68,8.7,14.7,25.6,6.3,12.0,193.0,94.0,2026-08-28 05:57:00,2026-08-28 18:22:00,True,Chennai
34.2,49,38.9,0.0,0.0,3,12.8,0.104,2026-08-28 11:00:00,49,68,10.1,15.8,26.8,4.9,11.9,175.0,113.0,2026-08-28 05:57:00,2026-08-28 18:22:00,True,Chennai
35.4,45,39.7,0.0,0.0,3,14.5,0.1,2026-08-28 12:00:00,57,68,8.65,18.3,32.9,3.9,10.2,174.0,125.0,2026-08-28 05:57:00,2026-08-28 18:22:00,True,Chennai
35.9,43,40.3,0.0,0.0,3,12.4,0.096,2026-08-28 13:00:00,60,68,7.15,20.7,36.1,3.2,7.7,184.0,132.0,2026-08-28 05:57:00,2026-08-28 18:22:00,True,Chennai
35.9,42,41.2,0.0,0.0,2,4.2,0.093,2026-08-28 14:00:00,61,68,5.25,21.0,36.6,3.2,5.7,199.0,133.0,2026-08-28 05:57:00,2026-08-28 18:22:00,True,Chennai
33.8,51,37.8,0.1,0.1,51,8.3,0.091,2026-08-28 15:00:00,57,68,2.5,20.1,35.9,4.1,4.6,222.0,125.0,2026-08-28 05:57:00,2026-08-28 18:22:00,True,Chennai
32.6,58,36.4,0.1,0.1,51,12.9,0.091,2026-08-28 16:00:00,48,68,0.9,18.9,34.2,5.7,4.1,251.0,112.0,2026-08-28 05:57:00,2026-08-28 18:22:00,True,Chennai
30.2,74,34.9,0.1,0.1,51,14.5,0.09,2026-08-28 17:00:00,48,67,0.2,22.9,44.7,6.5,4.9,269.0,112.0,2026-08-28 05:57:00,2026-08-28 18:22:00,True,Chennai
31.2,62,34.7,0.0,0.0,3,13.6,0.09,2026-08-28 18:00:00,47,68,0.0,23.5,40.2,7.2,5.4,263.0,111.0,2026-08-28 05:57:00,2026-08-28 18:22:00,True,Chennai
31.1,63,35.0,0.0,0.0,2,12.6,0.09,2026-08-28 19:00:00,47,71,0.0,25.1,40.4,8.1,6.1,247.0,110.0,2026-08-28 05:57:00,2026-08-28 18:22:00,False,Chennai
30.3,74,34.9,0.0,0.0,2,15.2,0.091,2026-08-28 20:00:00,45,71,0.0,26.4,41.6,8.9,6.8,246.0,108.0,2026-08-28 05:57:00,2026-08-28 18:22:00,False,Chennai
30.2,76,35.4,0.0,0.0,2,11.5,0.091,2026-08-28 21:00:00,43,67,0.0,25.1,39.8,9.2,7.6,279.0,104.0,2026-08-28 05:57:00,2026-08-28 18:22:00,False,Chennai
29.8,77,34.5,0.0,0.0,3,14.9,0.092,2026-08-28 22:00:00,40,68,0.0,21.9,36.2,9.3,8.5,326.0,99.0,2026-08-28 05:57:00,2026-08-28 18:22:00,False,Chennai
29.0,75,33.7,0.0,0.0,3,9.7,0.069,2026-08-28 23:00:00,37,68,0.0,20.8,35.2,9.9,9.1,356.0,92.0,2026-08-28 05:57:00,2026-08-28 18:22:00,False,Chennai
28.8,76,33.3,0.0,0.0,3,11.3,0.07,2026-08-29 00:00:00,37,68,0.0,21.7,37.6,11.4,9.5,349.0,81.0,2026-08-29 05:57:00,2026-08-29 18:22:00,False,Chennai
29.7,61,32.2,0.0,0.0,2,13.7,0.071,2026-08-29 01:00:00,38,69,0.0,22.6,38.4,13.3,9.7,325.0,69.0,2026-08-29 05:57:00,2026-08-29 18:22:00,False,Chennai
29.7,56,31.5,0.0,0.0,3,14.0,0.071,2026-08-29 02:00:00,38,69,0.0,22.3,35.6,14.8,9.6,307.0,57.0,2026-08-29 05:57:00,2026-08-29 18:22:00,False,Chennai
29.7,57,31.6,0.0,0.0,2,13.5,0.072,2026-08-29 03:00:00,39,70,0.0,20.1,29.7,15.9,9.1,310.0,46.0,2026-08-29 05:57:00,2026-08-29 18:22:00,False,Chennai
29.3,59,31.6,0.0,0.0,1,12.1,0.073,2026-08-29 04:00:00,39,70,0.0,17.0,23.2,16.6,8.4,320.0,35.0,2026-08-29 05:57:00,2026-08-29 18:22:00,False,Chennai
29.5,60,31.5,0.0,0.0,3,15.5,0.155,2026-08-29 05:00:00,39,70,0.0,10.7,14.2,13.9,7.7,316.0,31.0,2026-08-29 05:57:00,2026-08-29 18:22:00,False,Chennai
28.8,63,31.2,0.0,0.0,3,14.2,0.154,2026-08-29 06:00:00,39,69,0.15,8.3,13.2,11.9,7.7,283.0,33.0,2026-08-29 05:57:00,2026-08-29 18:22:00,True,Chennai
29.5,63,32.0,0.0,0.0,3,14.4,0.152,2026-08-29 07:00:00,38,69,1.05,6.8,13.6,9.0,7.8,235.0,37.0,2026-08-29 05:57:00,2026-08-29 18:22:00,True,Chennai
30.5,59,32.6,0.0,0.0,3,17.3,0.148,2026-08-29 08:00:00,38,68,3.1,7.0,14.5,6.7,8.0,196.0,45.0,2026-08-29 05:57:00,2026-08-29 18:22:00,True,Chennai
31.5,57,34.2,0.0,0.0,2,15.6,0.144,2026-08-29 09:00:00,37,68,6.05,7.7,15.0,5.3,8.7,173.0,62.0,2026-08-29 05:57:00,2026-08-29 18:22:00,True,Chennai
32.8,53,36.8,0.0,0.0,2,15.1,0.138,2026-08-29 10:00:00,37,68,8.8,9.2,16.1,4.5,9.5,158.0,83.0,2026-08-29 05:57:00,2026-08-29 18:22:00,True,Chennai
34.0,50,38.2,0.0,0.0,3,16.1,0.139,2026-08-29 11:00:00,41,67,10.25,10.5,17.9,3.8,9.7,151.0,101.0,2026-08-29 05:57:00,2026-08-29 18:22:00,True,Chennai
34.9,47,39.1,0.0,0.0,1,15.5,0.132,2026-08-29 12:00:00,49,67,9.9,11.2,18.9,3.0,8.6,153.0,114.0,2026-08-29 05:57:00,2026-08-29 18:22:00,True,Chennai
36.0,43,40.5,0.0,0.0,3,13.4,0.125,2026-08-29 13:00:00,56,66,7.75,13.9,23.5,2.5,6.9,162.0,124.0,2026-08-29 05:57:00,2026-08-29 18:22:00,True,Chennai
36.6,40,40.8,0.0,0.0,2,10.4,0.118,2026-08-29 14:00:00,58,66,4.8,16.4,26.8,3.0,5.5,177.0,127.0,2026-08-29 05:57:00,2026-08-29 18:22:00,True,Chennai
35.2,44,39.5,0.0,0.0,2,2.7,0.114,2026-08-29 15:00:00,53,65,2.15,16.1,27.9,5.2,4.7,196.0,120.0,2026-08-29 05:57:00,2026-08-29 18:22:00,True,Chennai
32.0,60,35.4,0.4,0.4,51,14.8,0.115,2026-08-29 16:00:00,44,65,0.75,15.6,28.4,8.4,4.3,221.0,106.0,2026-08-29 05:57:00,2026-08-29 18:22:00,True,Chennai
30.8,62,34.3,0.5,0.5,53,12.2,0.094,2026-08-29 17:00:00,43,65,0.15,16.2,28.9,7.9,5.0,249.0,104.0,2026-08-29 05:57:00,2026-08-29 18:22:00,True,Chennai
31.0,61,34.1,0.1,0.1,51,14.4,0.094,2026-08-29 18:00:00,41,64,0.0,16.1,26.9,9.8,6.0,286.0,102.0,2026-08-29 05:57:00,2026-08-29 18:22:00,True,Chennai
30.9,68,35.3,0.0,0.0,3,13.1,0.094,2026-08-29 19:00:00,39,64,0.0,16.5,26.7,12.5,7.4,328.0,98.0,2026-08-29 05:57:00,2026-08-29 18:22:00,False,Chennai
30.7,67,35.6,0.0,0.0,3,6.7,0.094,2026-08-29 20:00:00,37,63,0.0,18.5,30.4,15.2,8.5,358.0,92.0,2026-08-29 05:57:00,2026-08-29 18:22:00,False,Chennai
30.4,62,33.6,0.0,0.0,3,13.5,0.095,2026-08-29 21:00:00,33,62,0.0,21.1,35.4,17.7,9.2,369.0,83.0,2026-08-29 05:57:00,2026-08-29 18:22:00,False,Chennai
29.6,62,32.4,0.0,0.0,3,12.2,0.095,2026-08-29 22:00:00,31,62,0.0,23.3,38.4,20.1,9.6,369.0,73.0,2026-08-29 05:57:00,2026-08-29 18:22:00,False,Chennai
29.7,64,32.8,0.0,0.0,3,12.9,0.092,2026-08-29 23:00:00,31,62,0.0,25.8,42.1,21.9,9.7,366.0,62.0,2026-08-29 05:57:00,2026-08-29 18:22:00,False,Chennai
29.1,68,32.8,0.0,0.0,3,10.1,0.092,2026-08-30 00:00:00,31,62,0.0,27.1,43.2,23.1,9.5,366.0,51.0,2026-08-30 05:57:00,2026-08-30 18:21:00,False,Chennai
29.0,65,32.0,0.0,0.0,3,11.8,0.092,2026-08-30 01:00:00,32,63,0.0,27.8,43.2,23.8,9.1,362.0,40.0,2026-08-30 05:57:00,2026-08-30 18:21:00,False,Chennai
28.8,61,31.1,0.0,0.0,3,11.7,0.092,2026-08-30 02:00:00,32,63,0.0,25.7,37.6,23.3,8.6,347.0,31.0,2026-08-30 05:57:00,2026-08-30 18:21:00,False,Chennai
28.4,60,30.6,0.0,0.0,3,10.9,0.093,2026-08-30 03:00:00,32,64,0.0,20.7,28.1,20.9,7.8,309.0,27.0,2026-08-30 05:57:00,2026-08-30 18:21:00,False,Chennai
28.1,60,30.2,0.0,0.0,3,10.7,0.093,2026-08-30 04:00:00,32,64,0.0,15.3,19.5,17.4,7.0,260.0,25.0,2026-08-30 05:57:00,2026-08-30 18:21:00,False,Chennai
28.9,56,30.3,0.0,0.0,3,14.1,0.148,2026-08-30 05:00:00,32,63,0.0,8.7,11.8,11.5,6.9,221.0,28.0,2026-08-30 05:57:00,2026-08-30 18:21:00,False,Chennai
28.5,58,30.2,0.0,0.0,2,12.3,0.147,2026-08-30 06:00:00,32,63,0.15,8.5,11.6,10.3,7.6,204.0,30.0,2026-08-30 05:57:00,2026-08-30 18:21:00,True,Chennai
29.4,57,31.5,0.0,0.0,3,11.4,0.146,2026-08-30 07:00:00,32,63,1.05,7.8,12.9,8.7,8.7,198.0,34.0,2026-08-30 05:57:00,2026-08-30 18:21:00,True,Chennai
30.5,54,32.4,0.0,0.0,3,13.5,0.143,2026-08-30 08:00:00,32,63,2.9,8.2,13.2,7.3,9.6,189.0,41.0,2026-08-30 05:57:00,2026-08-30 18:21:00,True,Chennai
31.5,52,33.9,0.0,0.0,3,12.3,0.139,2026-08-30 09:00:00,32,64,5.45,8.9,14.1,6.3,10.5,169.0,54.0,2026-08-30 05:57:00,2026-08-30 18:21:00,True,Chennai
32.5,50,35.9,0.0,0.0,3,12.8,0.134,2026-08-30 10:00:00,32,64,7.85,10.2,15.8,5.5,11.4,146.0,72.0,2026-08-30 05:57:00,2026-08-30 18:21:00,True,Chennai
33.8,47,37.7,0.0,0.0,3,14.6,0.136,2026-08-30 11:00:00,34,64,9.1,11.4,17.2,4.8,11.5,134.0,86.0,2026-08-30 05:57:00,2026-08-30 18:21:00,True,Chennai
34.8,45,38.6,0.0,0.0,3,14.0,0.13,2026-08-30 12:00:00,38,64,8.9,12.0,18.0,4.1,10.3,139.0,96.0,2026-08-30 05:57:00,2026-08-30 18:21:00,True,Chennai
35.6,42,38.9,0.0,0.0,3,14.9,0.123,2026-08-30 13:00:00,43,64,7.25,14.0,21.4,3.6,8.3,155.0,104.0,2026-08-30 05:57:00,2026-08-30 18:21:00,True,Chennai
36.3,38,38.8,0.0,0.0,3,14.5,0.118,2026-08-30 14:00:00,45,64,5.1,15.7,24.1,3.7,6.6,170.0,108.0,2026-08-30 05:57:00,2026-08-30 18:21:00,True,Chennai
36.0,37,38.0,0.0,0.0,3,9.8,0.113,2026-08-30 15:00:00,43,64,2.75,16.0,25.0,4.6,5.5,181.0,105.0,2026-08-30 05:57:00,2026-08-30 18:21:00,True,Chennai
34.4,47,38.4,0.1,0.1,51,3.5,0.111,2026-08-30 16:00:00,39,64,1.05,15.9,25.1,6.1,4.7,192.0,98.0,2026-08-30 05:57:00,2026-08-30 18:21:00,True,Chennai
31.9,66,37.1,0.0,0.0,3,9.2,0.134,2026-08-30 17:00:00,37,64,0.15,22.0,33.5,9.3,5.0,206.0,92.0,2026-08-30 05:57:00,2026-08-30 18:21:00,True,Chennai
30.5,74,35.6,0.2,0.2,51,12.4,0.135,2026-08-30 18:00:00,35,64,0.0,24.7,36.7,11.6,5.7,230.0,87.0,2026-08-30 05:57:00,2026-08-30 18:21:00,True,Chennai
29.9,76,35.1,0.0,0.0,1,11.4,0.135,2026-08-30 19:00:00,34,65,0.0,27.6,40.0,14.7,6.6,258.0,81.0,2026-08-30 05:57:00,2026-08-30 18:21:00,False,Chennai
29.7,74,34.3,0.1,0.1,51,13.1,0.136,2026-08-30 20:00:00,35,66,0.0,26.9,38.8,16.8,7.3,274.0,75.0,2026-08-30 05:57:00,2026-08-30 18:21:00,False,Chennai
29.6,78,35.0,0.1,0.1,51,10.1,0.136,2026-08-30 21:00:00,35,66,0.0,27.2,38.8,17.0,7.7,271.0,70.0,2026-08-30 05:57:00,2026-08-30 18:21:00,False,Chennai
29.0,82,34.9,0.1,0.1,51,8.4,0.138,2026-08-30 22:00:00,36,67,0.0,25.1,34.3,16.3,7.8,257.0,66.0,2026-08-30 05:57:00,2026-08-30 18:21:00,False,Chennai
29.2,76,34.5,0.6,0.6,53,7.4,0.162,2026-08-30 23:00:00,36,67,0.0,22.1,30.0,15.2,7.8,242.0,61.0,2026-08-30 05:57:00,2026-08-30 18:21:00,False,Chennai
21.2,91,22.9,0.0,0.0,3,13.7,0.463,2026-08-25 00:00:00,12,31,0.0,3.9,5.1,9.9,3.8,243.0,31.0,2026-08-25 06:08:00,2026-08-25 18:35:00,False,Bengaluru
21.0,93,22.9,0.0,0.0,3,12.7,0.46,2026-08-25 01:00:00,13,30,0.0,3.4,4.7,7.8,3.5,205.0,32.0,2026-08-25 06:08:00,2026-08-25 18:35:00,False,Bengaluru
20.9,93,22.9,0.0,0.0,3,12.2,0.457,2026-08-25 02:00:00,13,30,0.0,3.0,4.1,6.4,3.4,178.0,33.0,2026-08-25 06:08:00,2026-08-25 18:35:00,False,Bengaluru
20.8,93,22.5,0.0,0.0,3,13.7,0.455,2026-08-25 03:00:00,13,30,0.0,2.6,3.4,5.9,3.6,158.0,33.0,2026-08-25 06:08:00,2026-08-25 18:35:00,False,Bengaluru
20.6,94,22.4,0.0,0.0,3,12.9,0.453,2026-08-25 04:00:00,13,30,0.0,2.4,2.9,6.1,3.9,149.0,32.0,2026-08-25 06:08:00,2026-08-25 18:35:00,False,Bengaluru
21.2,91,23.1,0.0,0.0,3,12.4,0.438,2026-08-25 05:00:00,14,29,0.0,2.4,3.2,5.7,3.8,175.0,34.0,2026-08-25 06:08:00,2026-08-25 18:35:00,False,Bengaluru
21.1,91,23.0,0.0,0.0,3,11.3,0.437,2026-08-25 06:00:00,13,29,0.05,2.9,3.6,7.2,4.1,276.0,32.0,2026-08-25 06:08:00,2026-08-25 18:35:00,False,Bengaluru
21.0,91,22.8,0.1,0.1,51,12.5,0.435,2026-08-25 07:00:00,12,29,0.5,4.3,5.0,9.2,4.4,412.0,30.0,2026-08-25 06:08:00,2026-08-25 18:35:00,True,Bengaluru
20.6,91,21.9,0.1,0.1,51,14.1,0.434,2026-08-25 08:00:00,12,29,1.85,4.1,4.8,9.9,4.5,487.0,31.0,2026-08-25 06:08:00,2026-08-25 18:35:00,True,Bengaluru
20.8,94,22.9,1.6,1.6,61,11.0,0.449,2026-08-25 09:00:00,15,30,3.8,5.1,8.8,8.1,3.9,438.0,38.0,2026-08-25 06:08:00,2026-08-25 18:35:00,True,Bengaluru
22.3,89,23.9,1.9,1.9,61,16.2,0.468,2026-08-25 10:00:00,20,30,5.75,4.8,8.6,5.0,3.0,328.0,49.0,2026-08-25 06:08:00,2026-08-25 18:35:00,True,Bengaluru
26.0,67,26.6,0.9,0.9,53,19.7,0.457,2026-08-25 11:00:00,23,30,8.95,5.6,10.7,2.9,2.4,246.0,57.0,2026-08-25 06:08:00,2026-08-25 18:35:00,True,Bengaluru
26.3,67,28.1,0.4,0.4,51,19.5,0.453,2026-08-25 12:00:00,24,30,7.55,4.6,8.6,2.7,2.2,223.0,59.0,2026-08-25 06:08:00,2026-08-25 18:35:00,True,Bengaluru
27.7,62,29.9,0.1,0.1,51,19.1,0.444,2026-08-25 13:00:00,24,30,3.85,6.0,12.2,3.6,2.3,228.0,59.0,2026-08-25 06:08:00,2026-08-25 18:35:00,True,Bengaluru
26.2,66,27.3,0.0,0.0,3,16.2,0.438,2026-08-25 14:00:00,23,30,3.45,4.8,8.1,4.7,2.4,253.0,58.0,2026-08-25 06:08:00,2026-08-25 18:35:00,True,Bengaluru
25.0,74,26.7,0.7,0.7,53,14.0,0.44,2026-08-25 15:00:00,23,29,2.8,4.7,7.8,6.0,2.5,313.0,57.0,2026-08-25 06:08:00,2026-08-25 18:35:00,True,Bengaluru
25.4,73,26.6,0.4,0.4,51,18.0,0.439,2026-08-25 16:00:00,22,29,1.35,5.0,8.0,7.7,2.6,394.0,55.0,2026-08-25 06:08:00,2026-08-25 18:35:00,True,Bengaluru
24.4,80,27.0,0.1,0.1,51,11.2,0.404,2026-08-25 17:00:00,24,28,0.3,6.1,10.0,8.8,2.7,442.0,60.0,2026-08-25 06:08:00,2026-08-25 18:35:00,True,Bengaluru
24.2,80,26.4,0.0,0.0,3,13.1,0.403,2026-08-25 18:00:00,22,27,0.0,6.9,9.9,10.7,3.3,428.0,54.0,2026-08-25 06:08:00,2026-08-25 18:35:00,True,Bengaluru
24.1,75,25.5,0.0,0.0,2,14.4,0.401,2026-08-25 19:00:00,19,27,0.0,7.2,9.3,13.2,4.1,381.0,47.0,2026-08-25 06:08:00,2026-08-25 18:35:00,False,Bengaluru
23.3,77,24.2,0.0,0.0,3,16.9,0.399,2026-08-25 20:00:00,16,27,0.0,6.4,7.8,14.8,4.6,338.0,40.0,2026-08-25 06:08:00,2026-08-25 18:35:00,False,Bengaluru
22.5,83,23.8,0.0,0.0,2,14.9,0.398,2026-08-25 21:00:00,14,26,0.0,5.4,6.3,14.8,4.7,312.0,35.0,2026-08-25 06:08:00,2026-08-25 18:35:00,False,Bengaluru
22.1,85,23.7,0.0,0.0,2,13.6,0.397,2026-08-25 22:00:00,13,26,0.0,4.9,5.5,13.8,4.5,289.0,32.0,2026-08-25 06:08:00,2026-08-25 18:35:00,False,Bengaluru
21.7,85,23.1,0.0,0.0,3,14.0,0.385,2026-08-25 23:00:00,12,26,0.0,4.4,5.0,12.5,4.3,262.0,30.0,2026-08-25 06:08:00,2026-08-25 18:35:00,False,Bengaluru
21.4,88,22.7,0.0,0.0,2,15.3,0.385,2026-08-26 00:00:00,12,26,0.0,3.7,4.5,10.8,4.1,223.0,30.0,2026-08-26 06:08:00,2026-08-26 18:34:00,False,Bengaluru
21.0,90,22.4,0.0,0.0,2,13.7,0.384,2026-08-26 01:00:00,13,26,0.0,3.2,3.9,8.8,3.8,180.0,32.0,2026-08-26 06:08:00,2026-08-26 18:34:00,False,Bengaluru
20.6,92,22.0,0.0,0.0,3,13.5,0.384,2026-08-26 02:00:00,13,26,0.0,2.8,3.7,7.2,3.6,152.0,33.0,2026-08-26 06:08:00,2026-08-26 18:34:00,False,Bengaluru
20.3,93,21.7,0.0,0.0,3,13.4,0.383,2026-08-26 03:00:00,14,26,0.0,2.7,4.1,6.2,3.5,146.0,34.0,2026-08-26 06:08:00,2026-08-26 18:34:00,False,Bengaluru
20.1,93,21.4,0.0,0.0,2,13.7,0.383,2026-08-26 04:00:00,14,26,0.0,3.2,5.7,5.6,3.4,155.0,35.0,2026-08-26 06:08:00,2026-08-26 18:34:00,False,Bengaluru
20.7,91,22.2,0.0,0.0,2,13.6,0.375,2026-08-26 05:00:00,14,26,0.0,3.3,5.4,5.7,3.7,180.0,34.0,2026-08-26 06:08:00,2026-08-26 18:34:00,False,Bengaluru
20.5,92,22.0,0.0,0.0,3,13.0,0.375,2026-08-26 06:00:00,14,26,0.1,4.7,8.3,6.8,3.8,238.0,34.0,2026-08-26 06:08:00,2026-08-26 18:34:00,False,Bengaluru
21.6,87,23.3,0.0,0.0,3,12.5,0.374,2026-08-26 07:00:00,13,26,0.65,6.4,13.9,8.2,4.0,312.0,33.0,2026-08-26 06:08:00,2026-08-26 18:34:00,True,Bengaluru
23.5,76,24.3,0.1,0.1,51,17.3,0.372,2026-08-26 08:00:00,14,27,1.55,8.7,20.7,8.7,4.0,354.0,36.0,2026-08-26 06:08:00,2026-08-26 18:34:00,True,Bengaluru
24.2,75,25.9,0.1,0.1,51,13.2,0.369,2026-08-26 09:00:00,17,28,2.5,8.9,19.8,7.4,3.8,329.0,43.0,2026-08-26 06:08:00,2026-08-26 18:34:00,True,Bengaluru
25.1,70,26.5,0.2,0.2,51,15.7,0.367,2026-08-26 10:00:00,21,29,4.35,12.0,29.9,5.3,3.5,272.0,53.0,2026-08-26 06:08:00,2026-08-26 18:34:00,True,Bengaluru
26.7,64,29.2,0.1,0.1,51,15.9,0.366,2026-08-26 11:00:00,25,30,8.9,8.8,19.2,3.7,3.2,233.0,62.0,2026-08-26 06:08:00,2026-08-26 18:34:00,True,Bengaluru
27.2,63,30.5,0.4,0.4,51,15.8,0.362,2026-08-26 12:00:00,27,31,8.4,8.0,16.8,3.0,2.8,229.0,68.0,2026-08-26 06:08:00,2026-08-26 18:34:00,True,Bengaluru
28.7,58,31.8,0.0,0.0,3,16.4,0.354,2026-08-26 13:00:00,29,32,8.75,7.1,13.8,2.8,2.3,243.0,73.0,2026-08-26 06:08:00,2026-08-26 18:34:00,True,Bengaluru
26.1,66,27.3,0.7,0.7,53,15.6,0.356,2026-08-26 14:00:00,30,32,3.3,8.6,20.4,3.8,2.2,275.0,75.0,2026-08-26 06:08:00,2026-08-26 18:34:00,True,Bengaluru
27.3,64,29.3,0.0,0.0,1,14.8,0.35,2026-08-26 15:00:00,28,33,1.95,7.7,15.9,6.9,2.6,338.0,71.0,2026-08-26 06:08:00,2026-08-26 18:34:00,True,Bengaluru
27.4,61,28.3,0.0,0.0,1,16.7,0.345,2026-08-26 16:00:00,26,34,1.15,8.4,13.3,11.1,3.3,419.0,65.0,2026-08-26 06:08:00,2026-08-26 18:34:00,True,Bengaluru
25.4,71,27.7,0.3,0.3,51,10.0,0.325,2026-08-26 17:00:00,20,35,0.25,17.3,33.8,17.3,3.6,484.0,51.0,2026-08-26 06:08:00,2026-08-26 18:34:00,True,Bengaluru
25.3,73,27.6,0.0,0.0,2,10.6,0.323,2026-08-26 18:00:00,19,37,0.0,16.3,26.9,18.9,4.2,527.0,48.0,2026-08-26 06:08:00,2026-08-26 18:34:00,True,Bengaluru
24.3,76,26.3,0.0,0.0,3,11.6,0.323,2026-08-26 19:00:00,17,39,0.0,15.3,23.7,21.1,5.1,554.0,43.0,2026-08-26 06:08:00,2026-08-26 18:34:00,False,Bengaluru
23.4,79,25.2,0.0,0.0,3,13.2,0.322,2026-08-26 20:00:00,16,41,0.0,14.2,21.4,21.7,5.6,542.0,40.0,2026-08-26 06:08:00,2026-08-26 18:34:00,False,Bengaluru
22.5,83,24.1,0.0,0.0,3,13.8,0.321,2026-08-26 21:00:00,16,43,0.0,12.9,19.6,19.5,5.4,465.0,39.0,2026-08-26 06:08:00,2026-08-26 18:34:00,False,Bengaluru
21.9,85,23.2,0.0,0.0,3,14.9,0.32,2026-08-26 22:00:00,16,45,0.0,10.8,16.5,15.8,4.8,350.0,40.0,2026-08-26 06:08:00,2026-08-26 18:34:00,False,Bengaluru
21.7,86,22.9,0.0,0.0,3,15.2,0.316,2026-08-26 23:00:00,17,46,0.0,8.6,13.2,12.4,4.2,254.0,40.0,2026-08-26 06:08:00,2026-08-26 18:34:00,False,Bengaluru
21.1,89,22.3,0.0,0.0,3,15.7,0.315,2026-08-27 00:00:00,17,47,0.0,6.9,11.1,9.9,3.8,200.0,40.0,2026-08-27 06:08:00,2026-08-27 18:33:00,False,Bengaluru
20.7,92,22.0,0.0,0.0,3,15.2,0.315,2026-08-27 01:00:00,17,48,0.0,5.1,8.4,7.6,3.5,165.0,40.0,2026-08-27 06:08:00,2026-08-27 18:33:00,False,Bengaluru
20.5,92,21.8,0.0,0.0,3,14.9,0.315,2026-08-27 02:00:00,17,48,0.0,4.3,7.2,6.1,3.3,144.0,40.0,2026-08-27 06:08:00,2026-08-27 18:33:00,False,Bengaluru
20.4,93,21.6,0.0,0.0,3,14.8,0.314,2026-08-27 03:00:00,18,49,0.0,3.8,6.5,5.5,3.3,132.0,39.0,2026-08-27 06:08:00,2026-08-27 18:33:00,False,Bengaluru
20.2,93,21.4,0.0,0.0,3,14.8,0.314,2026-08-27 04:00:00,18,49,0.0,3.4,5.8,5.5,3.4,133.0,37.0,2026-08-27 06:08:00,2026-08-27 18:33:00,False,Bengaluru
20.8,91,22.2,0.0,0.0,3,13.7,0.307,2026-08-27 05:00:00,18,49,0.0,2.8,4.9,5.4,3.4,152.0,37.0,2026-08-27 06:08:00,2026-08-27 18:33:00,False,Bengaluru
20.7,92,22.2,0.0,0.0,3,13.5,0.306,2026-08-27 06:00:00,18,49,0.1,3.9,6.7,6.1,3.5,208.0,37.0,2026-08-27 06:08:00,2026-08-27 18:33:00,False,Bengaluru
22.0,85,23.2,0.0,0.0,3,15.5,0.306,2026-08-27 07:00:00,18,49,0.75,5.1,10.5,6.9,3.6,281.0,36.0,2026-08-27 06:08:00,2026-08-27 18:33:00,True,Bengaluru
23.5,76,24.2,0.0,0.0,3,18.3,0.304,2026-08-27 08:00:00,17,48,2.1,6.8,16.8,7.3,3.6,324.0,38.0,2026-08-27 06:08:00,2026-08-27 18:33:00,True,Bengaluru
24.8,70,25.6,0.1,0.1,51,17.2,0.302,2026-08-27 09:00:00,17,48,3.25,8.3,20.0,6.7,3.5,304.0,43.0,2026-08-27 06:08:00,2026-08-27 18:33:00,True,Bengaluru
26.0,65,27.0,0.1,0.1,51,18.1,0.297,2026-08-27 10:00:00,20,48,3.95,9.1,23.1,5.6,3.3,253.0,49.0,2026-08-27 06:08:00,2026-08-27 18:33:00,True,Bengaluru
26.1,65,27.2,0.1,0.1,51,18.9,0.297,2026-08-27 11:00:00,22,47,6.0,10.5,27.8,4.6,3.1,216.0,56.0,2026-08-27 06:08:00,2026-08-27 18:33:00,True,Bengaluru
27.5,58,30.0,0.3,0.3,51,18.5,0.293,2026-08-27 12:00:00,26,48,9.6,12.3,32.0,3.6,2.8,204.0,64.0,2026-08-27 06:08:00,2026-08-27 18:33:00,True,Bengaluru
28.4,55,30.6,0.2,0.2,51,18.2,0.287,2026-08-27 13:00:00,29,48,8.05,12.1,30.6,2.8,2.4,204.0,73.0,2026-08-27 06:08:00,2026-08-27 18:33:00,True,Bengaluru
28.8,54,30.8,0.1,0.1,51,17.5,0.28,2026-08-27 14:00:00,31,50,5.8,11.1,26.9,3.2,2.2,228.0,78.0,2026-08-27 06:08:00,2026-08-27 18:33:00,True,Bengaluru
28.8,54,30.3,0.1,0.1,51,16.6,0.274,2026-08-27 15:00:00,30,50,3.7,9.9,22.8,5.7,2.3,292.0,76.0,2026-08-27 06:08:00,2026-08-27 18:33:00,True,Bengaluru
27.9,56,28.5,0.1,0.1,51,16.1,0.27,2026-08-27 16:00:00,28,50,1.1,9.3,18.8,9.3,2.6,379.0,69.0,2026-08-27 06:08:00,2026-08-27 18:33:00,True,Bengaluru
25.6,68,27.8,0.5,0.5,53,8.5,0.276,2026-08-27 17:00:00,25,50,0.25,9.6,17.5,12.5,3.1,445.0,62.0,2026-08-27 06:08:00,2026-08-27 18:33:00,True,Bengaluru
25.1,71,27.6,0.0,0.0,3,7.9,0.275,2026-08-27 18:00:00,22,49,0.0,11.5,18.2,15.0,3.8,476.0,56.0,2026-08-27 06:08:00,2026-08-27 18:33:00,True,Bengaluru
23.7,79,25.8,0.0,0.0,3,11.2,0.274,2026-08-27 19:00:00,20,48,0.0,11.2,17.3,17.0,4.7,485.0,49.0,2026-08-27 06:08:00,2026-08-27 18:33:00,False,Bengaluru
23.2,83,25.2,0.0,0.0,3,12.4,0.274,2026-08-27 20:00:00,18,47,0.0,10.0,15.2,17.9,5.2,472.0,44.0,2026-08-27 06:08:00,2026-08-27 18:33:00,False,Bengaluru
22.4,86,24.5,0.4,0.4,51,11.4,0.278,2026-08-27 21:00:00,17,46,0.0,9.0,13.4,17.0,5.0,426.0,40.0,2026-08-27 06:08:00,2026-08-27 18:33:00,False,Bengaluru
22.1,89,24.2,0.0,0.0,3,12.6,0.278,2026-08-27 22:00:00,16,45,0.0,7.9,12.0,15.0,4.5,357.0,38.0,2026-08-27 06:08:00,2026-08-27 18:33:00,False,Bengaluru
21.9,89,23.8,0.0,0.0,2,13.0,0.268,2026-08-27 23:00:00,16,45,0.0,7.0,10.8,12.9,4.0,293.0,36.0,2026-08-27 06:08:00,2026-08-27 18:33:00,False,Bengaluru
21.2,92,23.0,0.0,0.0,3,13.2,0.268,2026-08-28 00:00:00,16,44,0.0,6.1,9.9,10.9,3.7,238.0,35.0,2026-08-28 06:08:00,2026-08-28 18:33:00,False,Bengaluru
20.7,93,22.5,0.0,0.0,1,12.8,0.268,2026-08-28 01:00:00,16,44,0.0,5.6,9.5,8.8,3.4,187.0,36.0,2026-08-28 06:08:00,2026-08-28 18:33:00,False,Bengaluru
20.3,95,22.1,0.0,0.0,1,12.0,0.268,2026-08-28 02:00:00,16,44,0.0,5.3,9.3,7.2,3.3,153.0,36.0,2026-08-28 06:08:00,2026-08-28 18:33:00,False,Bengaluru
20.0,96,21.7,0.0,0.0,2,12.2,0.267,2026-08-28 03:00:00,16,44,0.0,5.0,8.9,6.4,3.4,140.0,36.0,2026-08-28 06:08:00,2026-08-28 18:33:00,False,Bengaluru
19.9,96,21.5,0.0,0.0,3,12.3,0.267,2026-08-28 04:00:00,16,45,0.0,4.7,8.3,6.1,3.5,144.0,35.0,2026-08-28 06:08:00,2026-08-28 18:33:00,False,Bengaluru
20.3,95,21.9,0.0,0.0,3,12.9,0.26,2026-08-28 05:00:00,16,45,0.0,5.0,8.7,7.1,3.7,165.0,33.0,2026-08-28 06:08:00,2026-08-28 18:33:00,False,Bengaluru
20.4,94,22.2,0.0,0.0,3,11.4,0.26,2026-08-28 06:00:00,16,45,0.1,5.1,8.2,7.5,3.7,221.0,33.0,2026-08-28 06:08:00,2026-08-28 18:33:00,False,Bengaluru
21.3,89,22.8,0.0,0.0,2,14.2,0.259,2026-08-28 07:00:00,17,46,0.75,5.2,9.5,7.9,3.8,294.0,34.0,2026-08-28 06:08:00,2026-08-28 18:33:00,True,Bengaluru
23.4,76,24.3,0.1,0.1,51,16.4,0.258,2026-08-28 08:00:00,16,46,2.1,6.4,13.7,7.8,3.7,334.0,37.0,2026-08-28 06:08:00,2026-08-28 18:33:00,True,Bengaluru
24.6,69,25.3,0.1,0.1,51,17.3,0.256,2026-08-28 09:00:00,17,46,3.95,7.1,15.9,6.6,3.5,307.0,43.0,2026-08-28 06:08:00,2026-08-28 18:33:00,True,Bengaluru
25.9,63,26.9,0.2,0.2,51,17.2,0.253,2026-08-28 10:00:00,21,45,5.2,7.8,18.3,4.8,3.2,247.0,52.0,2026-08-28 06:08:00,2026-08-28 18:33:00,True,Bengaluru
26.8,59,28.6,0.2,0.2,51,16.9,0.25,2026-08-28 11:00:00,24,45,9.6,9.2,23.9,3.4,2.9,203.0,60.0,2026-08-28 06:08:00,2026-08-28 18:33:00,True,Bengaluru
27.4,56,29.8,0.2,0.2,51,16.1,0.246,2026-08-28 12:00:00,27,45,10.45,9.3,25.0,2.2,2.5,187.0,68.0,2026-08-28 06:08:00,2026-08-28 18:33:00,True,Bengaluru
28.1,52,30.2,0.2,0.2,51,17.2,0.241,2026-08-28 13:00:00,30,44,9.45,9.8,26.1,1.5,2.1,187.0,76.0,2026-08-28 06:08:00,2026-08-28 18:33:00,True,Bengaluru
28.2,52,29.4,0.1,0.1,51,17.6,0.236,2026-08-28 14:00:00,31,44,6.95,9.5,24.8,2.7,2.0,219.0,78.0,2026-08-28 06:08:00,2026-08-28 18:33:00,True,Bengaluru
28.3,54,29.2,0.1,0.1,51,18.4,0.231,2026-08-28 15:00:00,28,43,3.6,9.0,22.4,7.8,2.4,314.0,71.0,2026-08-28 06:08:00,2026-08-28 18:33:00,True,Bengaluru
27.3,56,27.3,0.1,0.1,51,18.9,0.228,2026-08-28 16:00:00,24,43,1.0,9.1,19.0,14.9,3.1,441.0,59.0,2026-08-28 06:08:00,2026-08-28 18:33:00,True,Bengaluru
25.6,68,27.6,0.0,0.0,3,10.3,0.234,2026-08-28 17:00:00,21,43,0.25,11.9,23.2,16.1,3.3,521.0,53.0,2026-08-28 06:08:00,2026-08-28 18:33:00,True,Bengaluru
25.3,67,26.9,0.0,0.0,1,10.9,0.233,2026-08-28 18:00:00,20,43,0.0,11.6,21.2,17.4,4.0,513.0,50.0,2026-08-28 06:08:00,2026-08-28 18:33:00,True,Bengaluru
24.0,74,25.6,0.0,0.0,2,12.2,0.232,2026-08-28 19:00:00,18,43,0.0,12.1,19.0,19.2,4.9,457.0,45.0,2026-08-28 06:08:00,2026-08-28 18:33:00,False,Bengaluru
23.0,79,24.5,0.0,0.0,1,13.2,0.231,2026-08-28 20:00:00,16,44,0.0,11.0,16.5,19.8,5.4,400.0,41.0,2026-08-28 06:08:00,2026-08-28 18:33:00,False,Bengaluru
22.5,83,24.3,0.0,0.0,1,12.5,0.23,2026-08-28 21:00:00,16,44,0.0,9.6,13.9,18.3,5.2,355.0,39.0,2026-08-28 06:08:00,2026-08-28 18:33:00,False,Bengaluru
21.7,87,23.3,0.0,0.0,1,13.3,0.23,2026-08-28 22:00:00,16,44,0.0,8.3,11.6,15.7,4.6,309.0,37.0,2026-08-28 06:08:00,2026-08-28 18:33:00,False,Bengaluru
21.4,88,22.9,0.0,0.0,3,14.1,0.218,2026-08-28 23:00:00,16,44,0.0,6.8,9.3,13.2,4.1,265.0,36.0,2026-08-28 06:08:00,2026-08-28 18:33:00,False,Bengaluru
20.9,90,22.2,0.0,0.0,3,14.8,0.218,2026-08-29 00:00:00,16,44,0.0,5.4,7.6,11.0,3.8,223.0,35.0,2026-08-29 06:08:00,2026-08-29 18:32:00,False,Bengaluru
20.4,93,21.7,0.0,0.0,3,14.5,0.218,2026-08-29 01:00:00,16,44,0.0,4.5,6.8,9.0,3.6,184.0,35.0,2026-08-29 06:08:00,2026-08-29 18:32:00,False,Bengaluru
20.2,93,21.4,0.0,0.0,2,14.6,0.218,2026-08-29 02:00:00,16,44,0.0,4.1,6.8,7.5,3.4,157.0,35.0,2026-08-29 06:08:00,2026-08-29 18:32:00,False,Bengaluru
19.9,94,21.1,0.0,0.0,3,14.6,0.218,2026-08-29 03:00:00,16,43,0.0,4.0,7.2,6.9,3.4,143.0,34.0,2026-08-29 06:08:00,2026-08-29 18:32:00,False,Bengaluru
19.7,95,20.9,0.0,0.0,3,14.2,0.217,2026-08-29 04:00:00,16,43,0.0,4.0,8.1,6.8,3.5,140.0,33.0,2026-08-29 06:08:00,2026-08-29 18:32:00,False,Bengaluru
20.1,92,21.1,0.0,0.0,3,14.9,0.256,2026-08-29 05:00:00,15,43,0.0,3.6,5.7,6.4,3.4,156.0,33.0,2026-08-29 06:08:00,2026-08-29 18:32:00,False,Bengaluru
20.0,93,21.2,0.0,0.0,3,14.2,0.256,2026-08-29 06:00:00,15,43,0.1,4.4,7.5,7.3,3.5,209.0,32.0,2026-08-29 06:08:00,2026-08-29 18:32:00,False,Bengaluru
21.1,88,22.2,0.0,0.0,3,15.1,0.255,2026-08-29 07:00:00,15,43,0.7,5.2,8.4,8.4,3.6,280.0,32.0,2026-08-29 06:08:00,2026-08-29 18:32:00,True,Bengaluru
22.7,78,23.3,0.1,0.1,51,18.2,0.254,2026-08-29 08:00:00,15,43,1.95,5.2,8.4,8.6,3.6,320.0,34.0,2026-08-29 06:08:00,2026-08-29 18:32:00,True,Bengaluru
24.0,71,24.2,0.1,0.1,51,19.7,0.253,2026-08-29 09:00:00,17,42,4.15,5.4,9.7,7.0,3.2,297.0,42.0,2026-08-29 06:08:00,2026-08-29 18:32:00,True,Bengaluru
25.5,66,26.4,0.1,0.1,51,18.4,0.25,2026-08-29 10:00:00,21,42,5.55,5.7,12.0,4.5,2.7,243.0,52.0,2026-08-29 06:08:00,2026-08-29 18:32:00,True,Bengaluru
25.7,65,27.8,0.2,0.2,51,17.4,0.248,2026-08-29 11:00:00,24,41,8.65,5.7,12.5,2.7,2.2,203.0,61.0,2026-08-29 06:08:00,2026-08-29 18:32:00,True,Bengaluru
27.4,59,29.7,0.1,0.1,51,18.4,0.243,2026-08-29 12:00:00,27,41,10.3,6.0,13.1,1.9,1.9,186.0,67.0,2026-08-29 06:08:00,2026-08-29 18:32:00,True,Bengaluru
28.0,57,30.1,0.3,0.3,51,18.4,0.241,2026-08-29 13:00:00,29,40,9.3,6.4,14.2,1.7,1.8,183.0,72.0,2026-08-29 06:08:00,2026-08-29 18:32:00,True,Bengaluru
25.6,62,26.5,1.0,1.0,55,22.3,0.246,2026-08-29 14:00:00,30,39,6.45,7.4,17.5,2.5,1.8,216.0,74.0,2026-08-29 06:08:00,2026-08-29 18:32:00,True,Bengaluru
25.6,63,26.5,0.3,0.3,51,13.5,0.246,2026-08-29 15:00:00,28,39,2.85,8.1,18.6,4.9,2.0,325.0,71.0,2026-08-29 06:08:00,2026-08-29 18:32:00,True,Bengaluru
26.7,59,27.1,0.1,0.1,51,17.5,0.243,2026-08-29 16:00:00,26,38,1.1,8.5,16.5,8.3,2.3,471.0,64.0,2026-08-29 06:08:00,2026-08-29 18:32:00,True,Bengaluru
24.2,72,25.3,0.5,0.5,53,14.5,0.214,2026-08-29 17:00:00,23,38,0.3,11.1,23.3,10.5,2.6,555.0,58.0,2026-08-29 06:08:00,2026-08-29 18:32:00,True,Bengaluru
23.9,71,24.1,0.0,0.0,3,19.3,0.212,2026-08-29 18:00:00,22,38,0.0,11.5,21.4,11.9,3.1,518.0,54.0,2026-08-29 06:08:00,2026-08-29 18:32:00,True,Bengaluru
23.6,73,24.5,0.0,0.0,3,15.1,0.211,2026-08-29 19:00:00,19,38,0.0,12.2,21.5,13.8,3.7,420.0,47.0,2026-08-29 06:08:00,2026-08-29 18:32:00,False,Bengaluru
23.3,72,23.9,0.0,0.0,3,15.3,0.21,2026-08-29 20:00:00,17,38,0.0,12.3,21.1,15.0,4.1,339.0,42.0,2026-08-29 06:08:00,2026-08-29 18:32:00,False,Bengaluru
22.4,76,23.2,0.0,0.0,3,13.9,0.209,2026-08-29 21:00:00,15,38,0.0,11.8,19.3,14.8,4.1,309.0,38.0,2026-08-29 06:08:00,2026-08-29 18:32:00,False,Bengaluru
21.8,79,22.7,0.0,0.0,3,13.7,0.208,2026-08-29 22:00:00,14,39,0.0,10.9,16.9,13.8,3.8,296.0,36.0,2026-08-29 06:08:00,2026-08-29 18:32:00,False,Bengaluru
21.3,83,22.3,0.0,0.0,3,14.0,0.21,2026-08-29 23:00:00,14,39,0.0,9.0,13.7,12.6,3.6,276.0,34.0,2026-08-29 06:08:00,2026-08-29 18:32:00,False,Bengaluru
20.8,85,21.8,0.0,0.0,3,13.4,0.209,2026-08-30 00:00:00,14,40,0.0,7.5,11.4,11.0,3.4,232.0,33.0,2026-08-30 06:08:00,2026-08-30 18:32:00,False,Bengaluru
20.4,88,21.4,0.0,0.0,3,13.2,0.209,2026-08-30 01:00:00,15,40,0.0,6.6,10.3,9.0,3.2,181.0,33.0,2026-08-30 06:08:00,2026-08-30 18:32:00,False,Bengaluru
19.9,91,21.1,0.0,0.0,3,13.0,0.209,2026-08-30 02:00:00,15,41,0.0,6.0,9.4,7.6,3.1,146.0,33.0,2026-08-30 06:08:00,2026-08-30 18:32:00,False,Bengaluru
19.7,93,21.0,0.0,0.0,3,12.2,0.209,2026-08-30 03:00:00,15,41,0.0,5.4,8.7,7.1,3.2,136.0,32.0,2026-08-30 06:08:00,2026-08-30 18:32:00,False,Bengaluru
19.5,93,20.8,0.0,0.0,3,12.1,0.208,2026-08-30 04:00:00,15,42,0.0,5.0,7.9,7.2,3.3,142.0,30.0,2026-08-30 06:08:00,2026-08-30 18:32:00,False,Bengaluru
19.5,93,20.7,0.0,0.0,2,12.2,0.225,2026-08-30 05:00:00,15,42,0.0,4.5,6.6,6.5,3.3,157.0,31.0,2026-08-30 06:08:00,2026-08-30 18:32:00,False,Bengaluru
19.5,93,20.8,0.0,0.0,2,11.4,0.225,2026-08-30 06:00:00,15,42,0.1,4.8,6.9,6.3,3.4,187.0,32.0,2026-08-30 06:08:00,2026-08-30 18:32:00,False,Bengaluru
20.8,86,22.0,0.0,0.0,2,13.1,0.224,2026-08-30 07:00:00,15,42,0.85,5.1,7.3,6.0,3.6,226.0,34.0,2026-08-30 06:08:00,2026-08-30 18:32:00,True,Bengaluru
22.8,75,23.2,0.1,0.1,51,16.7,0.223,2026-08-30 08:00:00,15,42,2.3,5.0,7.8,5.4,3.6,246.0,38.0,2026-08-30 06:08:00,2026-08-30 18:32:00,True,Bengaluru
24.0,68,24.2,0.0,0.0,3,17.8,0.221,2026-08-30 09:00:00,18,42,4.0,4.9,7.9,4.3,3.3,230.0,45.0,2026-08-30 06:08:00,2026-08-30 18:32:00,True,Bengaluru
25.1,63,25.2,0.0,0.0,3,18.2,0.218,2026-08-30 10:00:00,22,42,5.5,4.9,7.9,3.0,2.7,196.0,54.0,2026-08-30 06:08:00,2026-08-30 18:32:00,True,Bengaluru
26.3,58,26.1,0.2,0.2,51,19.7,0.218,2026-08-30 11:00:00,24,42,9.1,4.9,8.0,2.0,2.3,170.0,61.0,2026-08-30 06:08:00,2026-08-30 18:32:00,True,Bengaluru
27.4,54,28.8,0.6,0.6,53,19.8,0.219,2026-08-30 12:00:00,26,42,9.7,4.9,8.3,1.4,2.0,162.0,66.0,2026-08-30 06:08:00,2026-08-30 18:32:00,True,Bengaluru
28.4,50,29.7,0.2,0.2,51,19.8,0.215,2026-08-30 13:00:00,28,41,8.7,5.1,8.7,1.2,1.9,162.0,70.0,2026-08-30 06:08:00,2026-08-30 18:32:00,True,Bengaluru
28.8,50,29.7,0.1,0.1,51,18.6,0.211,2026-08-30 14:00:00,28,41,5.9,4.9,8.0,2.0,1.9,170.0,70.0,2026-08-30 06:08:00,2026-08-30 18:32:00,True,Bengaluru
27.6,52,27.6,0.2,0.2,51,18.2,0.209,2026-08-30 15:00:00,26,40,3.35,5.0,7.9,4.7,2.2,191.0,64.0,2026-08-30 06:08:00,2026-08-30 18:32:00,True,Bengaluru
27.2,54,27.1,0.6,0.6,53,17.3,0.212,2026-08-30 16:00:00,22,40,1.0,4.8,7.5,8.3,2.6,220.0,55.0,2026-08-30 06:08:00,2026-08-30 18:32:00,True,Bengaluru
26.1,58,26.0,0.9,0.9,53,18.0,0.25,2026-08-30 17:00:00,20,39,0.2,7.7,11.8,9.8,2.7,242.0,50.0,2026-08-30 06:08:00,2026-08-30 18:32:00,True,Bengaluru
23.8,74,25.1,0.3,0.3,51,13.6,0.251,2026-08-30 18:00:00,18,38,0.0,8.1,10.9,11.0,3.4,251.0,46.0,2026-08-30 06:08:00,2026-08-30 18:32:00,True,Bengaluru
23.0,78,24.7,0.0,0.0,1,11.0,0.251,2026-08-30 19:00:00,16,37,0.0,8.7,11.1,12.5,4.3,254.0,41.0,2026-08-30 06:08:00,2026-08-30 18:32:00,False,Bengaluru
22.8,79,24.2,0.0,0.0,2,12.5,0.25,2026-08-30 20:00:00,15,37,0.0,8.8,11.1,13.1,4.8,251.0,37.0,2026-08-30 06:08:00,2026-08-30 18:32:00,False,Bengaluru
22.6,78,23.7,0.0,0.0,2,13.4,0.25,2026-08-30 21:00:00,14,36,0.0,8.0,10.2,12.0,4.6,244.0,35.0,2026-08-30 06:08:00,2026-08-30 18:32:00,False,Bengaluru
22.0,80,23.3,0.0,0.0,1,12.1,0.249,2026-08-30 22:00:00,14,35,0.0,7.1,9.1,9.9,4.0,231.0,35.0,2026-08-30 06:08:00,2026-08-30 18:32:00,False,Bengaluru
21.5,83,22.6,0.0,0.0,1,13.6,0.24,2026-08-30 23:00:00,14,34,0.0,5.6,7.1,8.1,3.5,214.0,35.0,2026-08-30 06:08:00,2026-08-30 18:32:00,False,Bengaluru
28.4,78,33.7,0.1,0.1,51,6.5,0.087,2026-08-25 00:00:00,71,91,0.0,37.8,86.1,19.9,5.8,226.0,32.0,2026-08-25 06:19:00,2026-08-25 19:03:00,False,Ahmedabad
28.1,78,32.8,0.1,0.1,51,8.8,0.088,2026-08-25 01:00:00,71,92,0.0,35.0,75.7,15.4,4.9,176.0,37.0,2026-08-25 06:19:00,2026-08-25 19:03:00,False,Ahmedabad
27.7,80,32.4,0.1,0.1,51,9.1,0.089,2026-08-25 02:00:00,72,92,0.0,30.9,63.8,11.9,4.3,138.0,40.0,2026-08-25 06:19:00,2026-08-25 19:03:00,False,Ahmedabad
27.2,82,31.9,0.0,0.0,2,8.7,0.09,2026-08-25 03:00:00,72,93,0.0,28.2,58.8,10.4,4.3,122.0,39.0,2026-08-25 06:19:00,2026-08-25 19:03:00,False,Ahmedabad
26.8,84,31.5,0.0,0.0,0,8.8,0.09,2026-08-25 04:00:00,73,93,0.0,25.4,53.1,9.9,4.7,119.0,36.0,2026-08-25 06:19:00,2026-08-25 19:03:00,False,Ahmedabad
27.2,82,31.8,0.0,0.0,0,9.3,0.084,2026-08-25 05:00:00,73,94,0.0,25.0,53.6,8.7,4.8,123.0,35.0,2026-08-25 06:19:00,2026-08-25 19:03:00,False,Ahmedabad
27.0,84,31.8,0.0,0.0,0,8.3,0.084,2026-08-25 06:00:00,73,94,0.05,23.2,50.3,8.5,4.8,139.0,35.0,2026-08-25 06:19:00,2026-08-25 19:03:00,False,Ahmedabad
27.5,82,32.3,0.0,0.0,0,8.6,0.085,2026-08-25 07:00:00,73,95,0.35,23.2,53.3,8.1,4.8,163.0,34.0,2026-08-25 06:19:00,2026-08-25 19:03:00,True,Ahmedabad
28.6,75,33.0,0.1,0.1,51,10.8,0.085,2026-08-25 08:00:00,74,95,0.9,23.9,62.6,7.4,4.7,177.0,38.0,2026-08-25 06:19:00,2026-08-25 19:03:00,True,Ahmedabad
29.8,68,33.9,0.3,0.3,51,10.5,0.089,2026-08-25 09:00:00,74,95,2.15,30.0,87.8,6.0,4.6,173.0,48.0,2026-08-25 06:19:00,2026-08-25 19:03:00,True,Ahmedabad
30.9,62,34.9,0.2,0.2,51,10.9,0.091,2026-08-25 10:00:00,75,96,4.5,29.9,87.3,4.2,4.5,159.0,62.0,2026-08-25 06:19:00,2026-08-25 19:03:00,True,Ahmedabad
32.0,57,36.1,0.3,0.3,51,10.0,0.096,2026-08-25 11:00:00,75,96,5.8,30.5,89.9,2.8,4.3,148.0,74.0,2026-08-25 06:19:00,2026-08-25 19:03:00,True,Ahmedabad
32.6,54,37.0,0.2,0.2,51,9.9,0.099,2026-08-25 12:00:00,76,97,6.55,30.3,92.0,2.1,4.1,142.0,81.0,2026-08-25 06:19:00,2026-08-25 19:03:00,True,Ahmedabad
33.1,52,37.4,0.2,0.2,51,9.7,0.1,2026-08-25 13:00:00,76,97,7.0,30.7,98.5,1.8,3.8,139.0,85.0,2026-08-25 06:19:00,2026-08-25 19:03:00,True,Ahmedabad
33.2,52,36.8,0.1,0.1,51,9.4,0.1,2026-08-25 14:00:00,76,97,5.35,30.5,103.6,2.0,3.6,139.0,87.0,2026-08-25 06:19:00,2026-08-25 19:03:00,True,Ahmedabad
34.1,49,37.7,0.0,0.0,2,10.4,0.098,2026-08-25 15:00:00,76,97,3.4,30.6,104.5,2.1,3.4,140.0,86.0,2026-08-25 06:19:00,2026-08-25 19:03:00,True,Ahmedabad
34.1,48,37.1,0.0,0.0,2,10.7,0.098,2026-08-25 16:00:00,76,97,1.6,31.1,106.2,2.6,3.2,143.0,82.0,2026-08-25 06:19:00,2026-08-25 19:03:00,True,Ahmedabad
33.4,52,37.1,0.0,0.0,3,9.2,0.091,2026-08-25 17:00:00,76,96,0.5,36.7,120.6,5.5,3.6,161.0,76.0,2026-08-25 06:19:00,2026-08-25 19:03:00,True,Ahmedabad
32.5,55,36.3,0.0,0.0,3,9.2,0.091,2026-08-25 18:00:00,76,96,0.05,38.2,103.1,14.2,4.7,205.0,61.0,2026-08-25 06:19:00,2026-08-25 19:03:00,True,Ahmedabad
31.3,62,35.2,0.0,0.0,3,11.2,0.091,2026-08-25 19:00:00,75,95,0.0,41.7,103.8,26.0,6.2,263.0,39.0,2026-08-25 06:19:00,2026-08-25 19:03:00,True,Ahmedabad
30.6,67,35.1,0.0,0.0,3,9.1,0.092,2026-08-25 20:00:00,75,95,0.0,43.1,100.6,33.5,7.3,305.0,25.0,2026-08-25 06:19:00,2026-08-25 19:03:00,False,Ahmedabad
30.3,68,35.1,0.0,0.0,3,7.9,0.092,2026-08-25 21:00:00,74,95,0.0,43.0,95.9,33.0,7.5,325.0,23.0,2026-08-25 06:19:00,2026-08-25 19:03:00,False,Ahmedabad
29.8,71,34.8,0.0,0.0,3,6.7,0.092,2026-08-25 22:00:00,74,95,0.0,41.3,87.5,28.3,7.2,330.0,29.0,2026-08-25 06:19:00,2026-08-25 19:03:00,False,Ahmedabad
29.6,73,34.8,0.0,0.0,3,6.2,0.082,2026-08-25 23:00:00,74,94,0.0,38.0,77.3,23.0,6.7,313.0,34.0,2026-08-25 06:19:00,2026-08-25 19:03:00,False,Ahmedabad
29.7,70,33.9,0.0,0.0,3,10.3,0.082,2026-08-26 00:00:00,74,94,0.0,33.4,66.4,17.8,5.8,259.0,38.0,2026-08-26 06:19:00,2026-08-26 19:02:00,False,Ahmedabad
28.9,69,32.3,0.0,0.0,3,12.6,0.082,2026-08-26 01:00:00,73,94,0.0,28.9,57.3,12.0,4.6,182.0,43.0,2026-08-26 06:19:00,2026-08-26 19:02:00,False,Ahmedabad
28.1,74,31.6,0.0,0.0,2,13.2,0.082,2026-08-26 02:00:00,73,93,0.0,24.8,51.2,7.9,3.8,127.0,45.0,2026-08-26 06:19:00,2026-08-26 19:02:00,False,Ahmedabad
27.5,79,31.5,0.0,0.0,3,12.4,0.083,2026-08-26 03:00:00,73,93,0.0,21.9,47.0,6.8,3.9,112.0,42.0,2026-08-26 06:19:00,2026-08-26 19:02:00,False,Ahmedabad
27.2,80,31.2,0.0,0.0,3,11.4,0.083,2026-08-26 04:00:00,73,92,0.0,20.6,44.4,7.4,4.4,117.0,37.0,2026-08-26 06:19:00,2026-08-26 19:02:00,False,Ahmedabad
27.7,77,31.6,0.0,0.0,2,12.1,0.09,2026-08-26 05:00:00,72,92,0.0,21.4,49.9,6.4,4.5,126.0,38.0,2026-08-26 06:19:00,2026-08-26 19:02:00,False,Ahmedabad
27.2,78,31.0,0.0,0.0,1,11.7,0.09,2026-08-26 06:00:00,72,92,0.0,21.8,51.1,6.4,4.6,137.0,38.0,2026-08-26 06:19:00,2026-08-26 19:02:00,False,Ahmedabad
27.5,77,31.2,0.0,0.0,2,12.6,0.09,2026-08-26 07:00:00,72,92,0.3,22.9,54.1,6.3,4.7,152.0,38.0,2026-08-26 06:19:00,2026-08-26 19:02:00,True,Ahmedabad
28.6,72,32.0,0.0,0.0,3,13.8,0.09,2026-08-26 08:00:00,72,92,1.4,24.3,65.9,5.9,4.7,161.0,42.0,2026-08-26 06:19:00,2026-08-26 19:02:00,True,Ahmedabad
29.8,65,33.2,0.0,0.0,2,12.2,0.091,2026-08-26 09:00:00,72,92,3.45,26.7,78.7,4.7,4.4,159.0,52.0,2026-08-26 06:19:00,2026-08-26 19:02:00,True,Ahmedabad
31.3,58,34.8,0.0,0.0,2,11.0,0.091,2026-08-26 10:00:00,72,91,5.7,29.5,93.6,3.1,3.9,150.0,65.0,2026-08-26 06:19:00,2026-08-26 19:02:00,True,Ahmedabad
32.1,55,36.0,0.1,0.1,51,10.7,0.096,2026-08-26 11:00:00,72,91,7.15,33.4,116.2,2.0,3.6,143.0,76.0,2026-08-26 06:19:00,2026-08-26 19:02:00,True,Ahmedabad
32.6,53,37.2,0.1,0.1,51,10.1,0.096,2026-08-26 12:00:00,73,92,5.75,36.4,133.6,1.6,3.5,139.0,82.0,2026-08-26 06:19:00,2026-08-26 19:02:00,True,Ahmedabad
33.4,50,38.5,0.1,0.1,51,9.6,0.097,2026-08-26 13:00:00,74,92,4.9,38.4,143.0,1.7,3.6,135.0,84.0,2026-08-26 06:19:00,2026-08-26 19:02:00,True,Ahmedabad
33.8,49,38.8,0.1,0.1,51,9.4,0.097,2026-08-26 14:00:00,74,93,4.85,41.1,155.1,2.7,3.7,136.0,84.0,2026-08-26 06:19:00,2026-08-26 19:02:00,True,Ahmedabad
33.2,51,36.7,0.1,0.1,51,12.0,0.097,2026-08-26 15:00:00,75,93,3.1,42.8,164.8,4.5,3.7,139.0,80.0,2026-08-26 06:19:00,2026-08-26 19:02:00,True,Ahmedabad
32.9,53,36.2,0.0,0.0,3,10.7,0.097,2026-08-26 16:00:00,76,94,1.45,42.4,156.9,7.1,3.7,146.0,73.0,2026-08-26 06:19:00,2026-08-26 19:02:00,True,Ahmedabad
32.6,54,36.1,0.0,0.0,3,10.6,0.096,2026-08-26 17:00:00,77,95,0.5,48.4,157.4,8.2,3.7,165.0,71.0,2026-08-26 06:19:00,2026-08-26 19:02:00,True,Ahmedabad
32.1,55,35.8,0.0,0.0,3,7.8,0.096,2026-08-26 18:00:00,78,96,0.05,47.3,132.2,14.6,4.8,211.0,60.0,2026-08-26 06:19:00,2026-08-26 19:02:00,True,Ahmedabad
31.8,57,36.0,0.0,0.0,3,4.9,0.096,2026-08-26 19:00:00,78,97,0.0,46.9,117.8,23.3,6.3,269.0,44.0,2026-08-26 06:19:00,2026-08-26 19:02:00,True,Ahmedabad
31.4,59,35.8,0.0,0.0,3,4.4,0.096,2026-08-26 20:00:00,78,97,0.0,44.6,102.9,28.6,7.2,305.0,34.0,2026-08-26 06:19:00,2026-08-26 19:02:00,False,Ahmedabad
30.2,67,34.7,0.0,0.0,3,8.3,0.096,2026-08-26 21:00:00,78,98,0.0,40.5,86.8,27.6,7.1,300.0,34.0,2026-08-26 06:19:00,2026-08-26 19:02:00,False,Ahmedabad
29.0,75,34.0,0.0,0.0,3,8.3,0.096,2026-08-26 22:00:00,78,97,0.0,36.8,74.5,23.2,6.6,273.0,38.0,2026-08-26 06:19:00,2026-08-26 19:02:00,False,Ahmedabad
29.0,76,34.3,0.0,0.0,3,7.1,0.096,2026-08-26 23:00:00,78,97,0.0,33.4,65.7,18.8,5.9,240.0,42.0,2026-08-26 06:19:00,2026-08-26 19:02:00,False,Ahmedabad
28.5,79,33.8,0.0,0.0,3,7.3,0.097,2026-08-27 00:00:00,78,97,0.0,29.7,57.7,15.2,5.2,202.0,42.0,2026-08-27 06:20:00,2026-08-27 19:01:00,False,Ahmedabad
28.2,77,32.7,0.1,0.1,51,9.9,0.098,2026-08-27 01:00:00,78,96,0.0,26.3,52.2,11.6,4.4,160.0,41.0,2026-08-27 06:20:00,2026-08-27 19:01:00,False,Ahmedabad
27.8,77,31.9,0.0,0.0,3,11.0,0.098,2026-08-27 02:00:00,78,96,0.0,22.9,47.4,9.1,4.0,129.0,40.0,2026-08-27 06:20:00,2026-08-27 19:01:00,False,Ahmedabad
27.3,80,31.5,0.0,0.0,3,10.3,0.098,2026-08-27 03:00:00,77,96,0.0,18.8,39.9,8.4,4.1,119.0,37.0,2026-08-27 06:20:00,2026-08-27 19:01:00,False,Ahmedabad
27.1,81,31.5,0.0,0.0,3,9.0,0.098,2026-08-27 04:00:00,77,96,0.0,16.1,34.2,8.7,4.6,121.0,34.0,2026-08-27 06:20:00,2026-08-27 19:01:00,False,Ahmedabad
27.2,78,31.3,0.0,0.0,3,9.1,0.089,2026-08-27 05:00:00,77,95,0.0,15.8,35.3,8.3,5.0,127.0,33.0,2026-08-27 06:20:00,2026-08-27 19:01:00,False,Ahmedabad
26.8,78,30.7,0.0,0.0,3,9.3,0.089,2026-08-27 06:00:00,77,95,0.05,15.1,33.9,8.0,5.3,138.0,34.0,2026-08-27 06:20:00,2026-08-27 19:01:00,False,Ahmedabad
27.1,76,31.0,0.0,0.0,3,8.7,0.089,2026-08-27 07:00:00,77,94,0.45,15.7,36.8,7.6,5.8,152.0,35.0,2026-08-27 06:20:00,2026-08-27 19:01:00,True,Ahmedabad
28.1,72,31.6,0.0,0.0,3,11.8,0.09,2026-08-27 08:00:00,76,94,1.4,16.6,44.7,6.8,5.9,160.0,39.0,2026-08-27 06:20:00,2026-08-27 19:01:00,True,Ahmedabad
29.3,65,32.5,0.1,0.1,51,11.5,0.091,2026-08-27 09:00:00,76,93,3.15,18.4,53.4,5.4,5.4,154.0,49.0,2026-08-27 06:20:00,2026-08-27 19:01:00,True,Ahmedabad
30.3,60,33.5,0.1,0.1,51,11.1,0.092,2026-08-27 10:00:00,76,93,5.0,20.8,63.6,3.7,4.6,142.0,62.0,2026-08-27 06:20:00,2026-08-27 19:01:00,True,Ahmedabad
31.6,55,34.6,0.0,0.0,3,12.2,0.096,2026-08-27 11:00:00,75,92,6.3,24.0,76.6,2.5,4.0,132.0,72.0,2026-08-27 06:20:00,2026-08-27 19:01:00,True,Ahmedabad
31.9,54,34.9,0.0,0.0,3,12.2,0.096,2026-08-27 12:00:00,74,91,6.2,26.5,86.1,1.9,3.6,129.0,77.0,2026-08-27 06:20:00,2026-08-27 19:01:00,True,Ahmedabad
32.4,53,35.3,0.0,0.0,3,12.2,0.096,2026-08-27 13:00:00,74,90,6.35,28.3,91.3,1.8,3.4,130.0,80.0,2026-08-27 06:20:00,2026-08-27 19:01:00,True,Ahmedabad
33.1,50,35.9,0.0,0.0,3,11.4,0.096,2026-08-27 14:00:00,73,90,5.0,29.0,92.9,2.3,3.3,132.0,81.0,2026-08-27 06:20:00,2026-08-27 19:01:00,True,Ahmedabad
32.6,51,35.2,0.0,0.0,3,11.4,0.095,2026-08-27 15:00:00,72,89,3.45,29.3,90.8,3.2,3.3,130.0,80.0,2026-08-27 06:20:00,2026-08-27 19:01:00,True,Ahmedabad
32.9,50,35.6,0.0,0.0,3,11.4,0.095,2026-08-27 16:00:00,71,88,1.75,29.4,87.1,4.6,3.4,130.0,77.0,2026-08-27 06:20:00,2026-08-27 19:01:00,True,Ahmedabad
32.8,50,35.7,0.0,0.0,3,9.5,0.091,2026-08-27 17:00:00,69,87,0.55,29.3,76.6,7.5,3.8,150.0,72.0,2026-08-27 06:20:00,2026-08-27 19:01:00,True,Ahmedabad
32.2,52,35.4,0.0,0.0,3,7.7,0.091,2026-08-27 18:00:00,68,85,0.05,31.2,70.1,13.4,4.9,216.0,62.0,2026-08-27 06:20:00,2026-08-27 19:01:00,True,Ahmedabad
31.4,56,35.1,0.0,0.0,3,7.1,0.091,2026-08-27 19:00:00,67,84,0.0,33.4,67.8,20.8,6.3,302.0,48.0,2026-08-27 06:20:00,2026-08-27 19:01:00,True,Ahmedabad
30.7,61,34.7,0.0,0.0,3,7.1,0.091,2026-08-27 20:00:00,66,83,0.0,34.2,65.0,25.2,7.2,352.0,39.0,2026-08-27 06:20:00,2026-08-27 19:01:00,False,Ahmedabad
30.1,64,34.1,0.0,0.0,3,8.0,0.091,2026-08-27 21:00:00,66,82,0.0,33.9,61.9,24.4,7.1,336.0,37.0,2026-08-27 06:20:00,2026-08-27 19:01:00,False,Ahmedabad
29.2,71,34.0,0.0,0.0,3,6.4,0.092,2026-08-27 22:00:00,65,81,0.0,32.2,56.8,20.6,6.6,284.0,38.0,2026-08-27 06:20:00,2026-08-27 19:01:00,False,Ahmedabad
29.0,75,34.2,0.0,0.0,3,5.6,0.079,2026-08-27 23:00:00,65,81,0.0,28.9,50.5,16.9,5.9,233.0,39.0,2026-08-27 06:20:00,2026-08-27 19:01:00,False,Ahmedabad
28.8,71,32.9,0.0,0.0,3,9.0,0.079,2026-08-28 00:00:00,65,81,0.0,24.5,44.7,13.7,5.2,192.0,39.0,2026-08-28 06:20:00,2026-08-28 19:00:00,False,Ahmedabad
28.1,72,31.6,0.0,0.0,3,11.0,0.079,2026-08-28 01:00:00,64,80,0.0,20.7,39.5,10.5,4.4,151.0,38.0,2026-08-28 06:20:00,2026-08-28 19:00:00,False,Ahmedabad
27.4,75,31.2,0.0,0.0,2,9.2,0.079,2026-08-28 02:00:00,64,80,0.0,16.9,32.5,8.4,3.9,124.0,37.0,2026-08-28 06:20:00,2026-08-28 19:00:00,False,Ahmedabad
27.0,77,31.1,0.0,0.0,2,7.4,0.079,2026-08-28 03:00:00,64,79,0.0,13.7,25.7,8.1,4.1,117.0,34.0,2026-08-28 06:20:00,2026-08-28 19:00:00,False,Ahmedabad
26.6,78,30.7,0.0,0.0,2,7.5,0.08,2026-08-28 04:00:00,64,79,0.0,12.1,22.2,8.9,4.6,122.0,31.0,2026-08-28 06:20:00,2026-08-28 19:00:00,False,Ahmedabad
26.9,78,31.1,0.0,0.0,1,7.5,0.098,2026-08-28 05:00:00,63,79,0.0,14.3,30.2,9.2,5.1,130.0,30.0,2026-08-28 06:20:00,2026-08-28 19:00:00,False,Ahmedabad
26.6,78,30.5,0.0,0.0,1,8.6,0.098,2026-08-28 06:00:00,63,78,0.05,13.8,28.5,8.5,5.5,140.0,32.0,2026-08-28 06:20:00,2026-08-28 19:00:00,False,Ahmedabad
27.1,76,31.1,0.0,0.0,1,8.4,0.098,2026-08-28 07:00:00,63,78,0.5,14.2,29.6,7.5,6.0,152.0,34.0,2026-08-28 06:20:00,2026-08-28 19:00:00,True,Ahmedabad
28.1,71,31.5,0.0,0.0,2,11.7,0.098,2026-08-28 08:00:00,63,78,1.65,15.9,39.6,6.3,6.1,158.0,40.0,2026-08-28 06:20:00,2026-08-28 19:00:00,True,Ahmedabad
29.1,66,32.5,0.2,0.2,51,10.9,0.1,2026-08-28 09:00:00,63,78,3.4,18.5,47.5,4.8,5.5,151.0,51.0,2026-08-28 06:20:00,2026-08-28 19:00:00,True,Ahmedabad
30.5,60,33.7,0.0,0.0,2,11.0,0.1,2026-08-28 10:00:00,63,78,5.55,22.1,58.9,3.2,4.4,138.0,64.0,2026-08-28 06:20:00,2026-08-28 19:00:00,True,Ahmedabad
31.9,53,35.1,0.0,0.0,3,12.9,0.098,2026-08-28 11:00:00,63,78,7.5,24.7,68.0,2.1,3.6,128.0,75.0,2026-08-28 06:20:00,2026-08-28 19:00:00,True,Ahmedabad
32.6,51,36.0,0.0,0.0,3,12.1,0.097,2026-08-28 12:00:00,63,78,7.95,25.9,72.2,1.6,3.2,126.0,81.0,2026-08-28 06:20:00,2026-08-28 19:00:00,True,Ahmedabad
32.5,51,35.2,0.0,0.0,3,11.6,0.097,2026-08-28 13:00:00,62,78,7.55,25.6,70.5,1.6,3.0,127.0,84.0,2026-08-28 06:20:00,2026-08-28 19:00:00,True,Ahmedabad
33.7,47,36.2,0.0,0.0,3,12.1,0.096,2026-08-28 14:00:00,62,78,5.65,25.1,70.3,2.2,2.9,131.0,86.0,2026-08-28 06:20:00,2026-08-28 19:00:00,True,Ahmedabad
33.9,46,36.3,0.0,0.0,3,12.3,0.096,2026-08-28 15:00:00,62,78,4.2,24.4,67.8,3.3,3.0,133.0,86.0,2026-08-28 06:20:00,2026-08-28 19:00:00,True,Ahmedabad
33.4,48,35.8,0.0,0.0,3,12.4,0.096,2026-08-28 16:00:00,61,77,1.95,23.5,63.8,4.9,3.2,137.0,85.0,2026-08-28 06:20:00,2026-08-28 19:00:00,True,Ahmedabad
33.2,48,35.8,0.0,0.0,2,10.6,0.096,2026-08-28 17:00:00,61,77,0.55,23.2,57.0,6.9,3.3,153.0,75.0,2026-08-28 06:20:00,2026-08-28 19:00:00,True,Ahmedabad
32.8,49,35.6,0.0,0.0,3,8.9,0.096,2026-08-28 18:00:00,61,76,0.05,23.9,50.1,11.3,4.3,198.0,67.0,2026-08-28 06:20:00,2026-08-28 19:00:00,True,Ahmedabad
31.9,54,35.4,0.0,0.0,3,6.7,0.096,2026-08-28 19:00:00,60,76,0.0,25.0,46.7,17.1,5.6,254.0,55.0,2026-08-28 06:20:00,2026-08-28 19:00:00,True,Ahmedabad
31.2,58,34.9,0.0,0.0,3,7.1,0.096,2026-08-28 20:00:00,60,75,0.0,24.6,43.1,20.2,6.3,282.0,47.0,2026-08-28 06:20:00,2026-08-28 19:00:00,False,Ahmedabad
30.4,62,34.6,0.0,0.0,3,6.8,0.096,2026-08-28 21:00:00,58,74,0.0,22.4,37.8,17.8,5.8,254.0,45.0,2026-08-28 06:20:00,2026-08-28 19:00:00,False,Ahmedabad
29.7,66,33.8,0.0,0.0,3,7.6,0.096,2026-08-28 22:00:00,56,74,0.0,19.6,32.7,12.6,4.7,197.0,46.0,2026-08-28 06:20:00,2026-08-28 19:00:00,False,Ahmedabad
29.2,67,32.6,0.0,0.0,3,11.6,0.096,2026-08-28 23:00:00,54,73,0.0,17.2,29.4,8.5,3.9,151.0,46.0,2026-08-28 06:20:00,2026-08-28 19:00:00,False,Ahmedabad
28.2,71,31.3,0.0,0.0,3,13.3,0.096,2026-08-29 00:00:00,52,72,0.0,15.4,27.6,7.1,3.7,133.0,43.0,2026-08-29 06:20:00,2026-08-29 19:00:00,False,Ahmedabad
27.6,75,31.0,0.0,0.0,3,12.7,0.096,2026-08-29 01:00:00,51,71,0.0,14.6,26.6,6.9,3.8,127.0,39.0,2026-08-29 06:20:00,2026-08-29 19:00:00,False,Ahmedabad
27.2,77,31.1,0.0,0.0,2,10.4,0.096,2026-08-29 02:00:00,50,70,0.0,12.9,23.2,7.0,4.0,123.0,36.0,2026-08-29 06:20:00,2026-08-29 19:00:00,False,Ahmedabad
26.8,79,30.7,0.0,0.0,1,9.7,0.096,2026-08-29 03:00:00,49,70,0.0,11.7,20.5,7.4,4.3,117.0,33.0,2026-08-29 06:20:00,2026-08-29 19:00:00,False,Ahmedabad
26.4,78,30.0,0.0,0.0,0,9.5,0.096,2026-08-29 04:00:00,49,70,0.0,11.0,19.0,8.2,4.7,114.0,30.0,2026-08-29 06:20:00,2026-08-29 19:00:00,False,Ahmedabad
26.7,77,30.5,0.0,0.0,3,8.5,0.096,2026-08-29 05:00:00,48,70,0.0,12.0,21.5,7.8,5.0,116.0,32.0,2026-08-29 06:20:00,2026-08-29 19:00:00,False,Ahmedabad
26.5,77,30.2,0.0,0.0,1,8.9,0.096,2026-08-29 06:00:00,48,70,0.05,11.1,20.0,7.5,5.1,131.0,33.0,2026-08-29 06:20:00,2026-08-29 19:00:00,False,Ahmedabad
26.9,76,30.6,0.0,0.0,2,8.6,0.096,2026-08-29 07:00:00,47,70,0.45,11.1,19.7,7.0,5.2,151.0,34.0,2026-08-29 06:20:00,2026-08-29 19:00:00,True,Ahmedabad
28.0,71,31.8,0.0,0.0,3,9.0,0.096,2026-08-29 08:00:00,46,69,1.35,11.3,21.5,6.3,5.2,162.0,38.0,2026-08-29 06:20:00,2026-08-29 19:00:00,True,Ahmedabad
29.2,65,31.9,0.0,0.0,3,14.1,0.096,2026-08-29 09:00:00,45,69,2.85,11.5,21.1,5.1,4.9,153.0,47.0,2026-08-29 06:20:00,2026-08-29 19:00:00,True,Ahmedabad
29.8,63,32.7,0.0,0.0,3,13.9,0.096,2026-08-29 10:00:00,42,68,4.7,14.5,29.5,3.6,4.5,135.0,59.0,2026-08-29 06:20:00,2026-08-29 19:00:00,True,Ahmedabad
31.8,55,34.1,0.0,0.0,3,15.7,0.096,2026-08-29 11:00:00,40,68,7.15,14.1,28.5,2.5,4.0,121.0,69.0,2026-08-29 06:20:00,2026-08-29 19:00:00,True,Ahmedabad
32.9,49,35.7,0.0,0.0,3,14.4,0.096,2026-08-29 12:00:00,38,67,6.9,14.5,30.5,2.0,3.6,118.0,74.0,2026-08-29 06:20:00,2026-08-29 19:00:00,True,Ahmedabad
34.0,45,36.8,0.0,0.0,3,15.0,0.096,2026-08-29 13:00:00,37,66,5.8,15.3,33.5,1.9,3.1,119.0,77.0,2026-08-29 06:20:00,2026-08-29 19:00:00,True,Ahmedabad
33.8,46,35.8,0.0,0.0,3,14.6,0.095,2026-08-29 14:00:00,35,65,4.95,16.2,35.4,2.2,2.8,123.0,79.0,2026-08-29 06:20:00,2026-08-29 19:00:00,True,Ahmedabad
33.6,46,35.4,0.0,0.0,3,15.1,0.095,2026-08-29 15:00:00,34,65,3.6,16.8,36.8,3.1,2.7,128.0,79.0,2026-08-29 06:20:00,2026-08-29 19:00:00,True,Ahmedabad
33.4,46,35.4,0.0,0.0,2,13.4,0.095,2026-08-29 16:00:00,33,64,1.75,17.1,36.9,4.4,2.7,136.0,78.0,2026-08-29 06:20:00,2026-08-29 19:00:00,True,Ahmedabad
32.7,51,35.1,0.0,0.0,2,13.7,0.096,2026-08-29 17:00:00,32,63,0.55,22.8,46.7,6.3,3.0,147.0,72.0,2026-08-29 06:20:00,2026-08-29 19:00:00,True,Ahmedabad
32.3,52,35.1,0.0,0.0,0,11.8,0.096,2026-08-29 18:00:00,32,63,0.05,23.5,43.2,7.4,3.3,169.0,68.0,2026-08-29 06:20:00,2026-08-29 19:00:00,True,Ahmedabad
31.4,57,34.3,0.0,0.0,0,12.4,0.095,2026-08-29 19:00:00,32,63,0.0,23.8,41.0,8.9,3.7,194.0,62.0,2026-08-29 06:20:00,2026-08-29 19:00:00,True,Ahmedabad
30.6,59,33.4,0.0,0.0,0,12.6,0.095,2026-08-29 20:00:00,32,63,0.0,23.1,38.5,9.7,4.0,206.0,57.0,2026-08-29 06:20:00,2026-08-29 19:00:00,False,Ahmedabad
29.4,60,31.5,0.0,0.0,0,15.0,0.095,2026-08-29 21:00:00,32,63,0.0,21.2,35.6,9.0,3.9,192.0,52.0,2026-08-29 06:20:00,2026-08-29 19:00:00,False,Ahmedabad
28.6,63,30.8,0.0,0.0,0,13.9,0.096,2026-08-29 22:00:00,32,63,0.0,19.0,32.6,7.7,3.6,163.0,48.0,2026-08-29 06:20:00,2026-08-29 19:00:00,False,Ahmedabad
28.4,66,31.2,0.0,0.0,1,12.5,0.096,2026-08-29 23:00:00,32,63,0.0,16.6,29.5,6.7,3.4,140.0,44.0,2026-08-29 06:20:00,2026-08-29 19:00:00,False,Ahmedabad
27.8,71,31.0,0.0,0.0,2,11.0,0.096,2026-08-30 00:00:00,32,63,0.0,14.5,25.8,6.6,3.4,129.0,41.0,2026-08-30 06:21:00,2026-08-30 18:59:00,False,Ahmedabad
27.5,74,30.9,0.0,0.0,3,11.7,0.096,2026-08-30 01:00:00,32,63,0.0,13.0,22.8,6.9,3.6,123.0,38.0,2026-08-30 06:21:00,2026-08-30 18:59:00,False,Ahmedabad
27.0,77,30.7,0.0,0.0,3,10.9,0.096,2026-08-30 02:00:00,32,63,0.0,11.1,19.0,7.2,3.8,119.0,35.0,2026-08-30 06:21:00,2026-08-30 18:59:00,False,Ahmedabad
26.6,77,29.8,0.0,0.0,2,12.0,0.096,2026-08-30 03:00:00,31,63,0.0,9.8,16.4,7.6,4.0,115.0,32.0,2026-08-30 06:21:00,2026-08-30 18:59:00,False,Ahmedabad
26.2,77,29.4,0.0,0.0,2,11.4,0.096,2026-08-30 04:00:00,31,62,0.0,8.7,14.5,8.1,4.3,112.0,30.0,2026-08-30 06:21:00,2026-08-30 18:59:00,False,Ahmedabad
27.0,74,30.3,0.0,0.0,3,10.5,0.077,2026-08-30 05:00:00,31,62,0.0,12.0,22.0,7.3,4.5,112.0,31.0,2026-08-30 06:21:00,2026-08-30 18:59:00,False,Ahmedabad
26.9,76,30.4,0.0,0.0,1,10.9,0.077,2026-08-30 06:00:00,31,62,0.05,10.6,19.4,6.7,4.7,115.0,32.0,2026-08-30 06:21:00,2026-08-30 18:59:00,False,Ahmedabad
27.2,77,30.8,0.0,0.0,3,11.7,0.077,2026-08-30 07:00:00,31,62,0.45,8.0,13.9,5.8,4.9,121.0,35.0,2026-08-30 06:21:00,2026-08-30 18:59:00,True,Ahmedabad
28.3,72,31.3,0.0,0.0,1,15.8,0.078,2026-08-30 08:00:00,31,62,1.55,7.4,14.2,4.8,4.9,123.0,39.0,2026-08-30 06:21:00,2026-08-30 18:59:00,True,Ahmedabad
29.5,66,32.3,0.0,0.0,2,15.9,0.078,2026-08-30 09:00:00,30,62,3.15,7.9,16.0,3.7,4.4,118.0,46.0,2026-08-30 06:21:00,2026-08-30 18:59:00,True,Ahmedabad
30.9,59,33.8,0.0,0.0,2,16.8,0.079,2026-08-30 10:00:00,30,61,4.85,8.9,19.0,2.6,3.7,111.0,56.0,2026-08-30 06:21:00,2026-08-30 18:59:00,True,Ahmedabad
32.1,53,34.9,0.0,0.0,2,17.4,0.081,2026-08-30 11:00:00,30,61,5.85,10.3,23.1,1.8,3.1,106.0,63.0,2026-08-30 06:21:00,2026-08-30 18:59:00,True,Ahmedabad
33.2,49,36.0,0.0,0.0,2,16.1,0.081,2026-08-30 12:00:00,29,61,5.55,11.6,26.6,1.6,2.9,107.0,67.0,2026-08-30 06:21:00,2026-08-30 18:59:00,True,Ahmedabad
33.7,46,35.9,0.0,0.0,3,16.0,0.081,2026-08-30 13:00:00,29,60,4.4,12.8,28.9,1.7,2.8,110.0,70.0,2026-08-30 06:21:00,2026-08-30 18:59:00,True,Ahmedabad
33.9,46,36.0,0.0,0.0,1,14.7,0.081,2026-08-30 14:00:00,29,60,3.25,14.4,32.5,2.0,2.8,115.0,71.0,2026-08-30 06:21:00,2026-08-30 18:59:00,True,Ahmedabad
34.6,42,36.6,0.0,0.0,1,13.5,0.081,2026-08-30 15:00:00,29,60,2.45,16.1,36.7,2.6,2.8,121.0,72.0,2026-08-30 06:21:00,2026-08-30 18:59:00,True,Ahmedabad
35.2,39,36.5,0.0,0.0,2,15.2,0.081,2026-08-30 16:00:00,29,60,1.2,16.9,36.6,3.4,2.8,127.0,72.0,2026-08-30 06:21:00,2026-08-30 18:59:00,True,Ahmedabad
32.8,51,35.4,0.0,0.0,1,13.9,0.095,2026-08-30 17:00:00,29,60,0.5,14.1,29.5,3.4,2.6,133.0,70.0,2026-08-30 06:21:00,2026-08-30 18:59:00,True,Ahmedabad
32.5,53,35.5,0.0,0.0,1,10.7,0.095,2026-08-30 18:00:00,28,59,0.05,13.3,23.8,5.2,3.1,139.0,65.0,2026-08-30 06:21:00,2026-08-30 18:59:00,True,Ahmedabad
31.6,57,34.7,0.0,0.0,1,12.8,0.095,2026-08-30 19:00:00,27,59,0.0,16.6,29.0,7.5,3.8,143.0,58.0,2026-08-30 06:21:00,2026-08-30 18:59:00,False,Ahmedabad
30.3,63,33.7,0.0,0.0,1,12.3,0.095,2026-08-30 20:00:00,26,58,0.0,16.8,28.0,9.0,4.2,146.0,52.0,2026-08-30 06:21:00,2026-08-30 18:59:00,False,Ahmedabad
29.6,67,33.4,0.0,0.0,0,10.5,0.095,2026-08-30 21:00:00,26,58,0.0,15.3,24.7,8.6,4.1,145.0,49.0,2026-08-30 06:21:00,2026-08-30 18:59:00,False,Ahmedabad
29.1,69,33.0,0.0,0.0,0,9.7,0.095,2026-08-30 22:00:00,25,57,0.0,14.3,23.5,7.2,3.8,142.0,48.0,2026-08-30 06:21:00,2026-08-30 18:59:00,False,Ahmedabad
28.9,70,32.5,0.0,0.0,3,11.8,0.096,2026-08-30 23:00:00,25,57,0.0,13.6,22.9,6.2,3.6,137.0,46.0,2026-08-30 06:21:00,2026-08-30 18:59:00,False,Ahmedabad
25.8,91,31.2,0.0,0.0,0,4.7,0.193,2026-08-25 00:00:00,102,130,0.0,29.6,46.6,12.2,6.3,305.0,73.0,2026-08-25 06:02:00,2026-08-25 18:54:00,False,Jaipur
25.5,91,30.7,0.0,0.0,1,5.1,0.194,2026-08-25 01:00:00,102,129,0.0,26.4,43.4,10.8,5.1,286.0,73.0,2026-08-25 06:02:00,2026-08-25 18:54:00,False,Jaipur
25.3,92,30.6,0.0,0.0,3,5.2,0.194,2026-08-25 02:00:00,100,126,0.0,25.5,40.2,9.6,4.2,269.0,74.0,2026-08-25 06:02:00,2026-08-25 18:54:00,False,Jaipur
25.3,93,31.3,0.0,0.0,3,0.5,0.195,2026-08-25 03:00:00,96,123,0.0,16.5,27.4,8.5,4.0,235.0,76.0,2026-08-25 06:02:00,2026-08-25 18:54:00,False,Jaipur
24.2,96,28.5,0.4,0.4,51,10.6,0.199,2026-08-25 04:00:00,91,117,0.0,14.5,27.6,7.7,4.1,202.0,79.0,2026-08-25 06:02:00,2026-08-25 18:54:00,False,Jaipur
25.5,99,31.2,0.3,0.3,51,7.5,0.181,2026-08-25 05:00:00,87,111,0.0,29.1,50.8,13.0,5.4,200.0,60.0,2026-08-25 06:02:00,2026-08-25 18:54:00,False,Jaipur
24.8,99,30.5,0.0,0.0,3,5.3,0.182,2026-08-25 06:00:00,83,108,0.05,30.2,46.6,14.1,6.1,266.0,59.0,2026-08-25 06:02:00,2026-08-25 18:54:00,False,Jaipur
23.9,99,28.9,1.7,1.7,61,6.2,0.204,2026-08-25 07:00:00,80,105,0.2,29.0,47.7,15.4,7.1,364.0,57.0,2026-08-25 06:02:00,2026-08-25 18:54:00,True,Jaipur
24.5,96,30.0,2.1,2.1,61,3.2,0.232,2026-08-25 08:00:00,77,102,0.75,29.6,53.8,15.4,7.7,414.0,61.0,2026-08-25 06:02:00,2026-08-25 18:54:00,True,Jaipur
26.5,89,32.2,0.3,0.3,51,4.3,0.235,2026-08-25 09:00:00,73,99,2.45,33.3,62.6,12.7,7.8,367.0,74.0,2026-08-25 06:02:00,2026-08-25 18:54:00,True,Jaipur
28.9,76,34.5,0.0,0.0,2,6.4,0.232,2026-08-25 10:00:00,69,96,4.0,35.5,67.8,8.5,7.5,273.0,93.0,2026-08-25 06:02:00,2026-08-25 18:54:00,True,Jaipur
28.7,77,35.1,0.0,0.0,2,7.6,0.264,2026-08-25 11:00:00,66,94,5.15,36.2,70.8,5.2,7.2,203.0,109.0,2026-08-25 06:02:00,2026-08-25 18:54:00,True,Jaipur
30.5,65,35.8,0.1,0.1,51,7.9,0.259,2026-08-25 12:00:00,65,93,6.15,36.7,73.1,3.5,6.8,184.0,120.0,2026-08-25 06:02:00,2026-08-25 18:54:00,True,Jaipur
30.0,65,34.0,0.1,0.1,51,9.0,0.257,2026-08-25 13:00:00,65,93,5.25,44.5,130.9,2.6,6.3,189.0,128.0,2026-08-25 06:02:00,2026-08-25 18:54:00,True,Jaipur
30.5,64,34.7,0.0,0.0,2,8.4,0.254,2026-08-25 14:00:00,66,93,4.5,41.2,96.4,2.3,6.0,205.0,132.0,2026-08-25 06:02:00,2026-08-25 18:54:00,True,Jaipur
31.3,59,35.0,0.0,0.0,2,9.9,0.249,2026-08-25 15:00:00,66,94,2.95,41.6,95.7,1.8,5.9,213.0,134.0,2026-08-25 06:02:00,2026-08-25 18:54:00,True,Jaipur
30.8,59,34.3,0.0,0.0,3,9.4,0.245,2026-08-25 16:00:00,66,95,1.3,41.3,93.6,2.1,5.9,231.0,132.0,2026-08-25 06:02:00,2026-08-25 18:54:00,True,Jaipur
30.9,63,35.7,0.0,0.0,3,4.4,0.226,2026-08-25 17:00:00,66,95,0.3,50.8,122.5,5.7,7.0,304.0,120.0,2026-08-25 06:02:00,2026-08-25 18:54:00,True,Jaipur
29.8,71,35.4,0.0,0.0,3,2.2,0.226,2026-08-25 18:00:00,67,96,0.0,52.2,112.0,16.8,9.1,505.0,97.0,2026-08-25 06:02:00,2026-08-25 18:54:00,True,Jaipur
28.5,82,34.9,0.1,0.1,51,2.9,0.227,2026-08-25 19:00:00,67,97,0.0,58.6,117.6,32.1,12.0,760.0,66.0,2026-08-25 06:02:00,2026-08-25 18:54:00,False,Jaipur
27.5,86,33.1,0.0,0.0,3,7.4,0.227,2026-08-25 20:00:00,68,99,0.0,63.8,120.1,43.9,14.3,888.0,41.0,2026-08-25 06:02:00,2026-08-25 18:54:00,False,Jaipur
26.9,88,32.4,0.0,0.0,3,6.5,0.227,2026-08-25 21:00:00,69,101,0.0,66.1,117.8,49.3,15.7,767.0,29.0,2026-08-25 06:02:00,2026-08-25 18:54:00,False,Jaipur
26.5,89,31.9,0.0,0.0,3,6.5,0.227,2026-08-25 22:00:00,70,104,0.0,66.1,115.3,51.3,16.5,518.0,24.0,2026-08-25 06:02:00,2026-08-25 18:54:00,False,Jaipur
27.2,89,33.2,0.0,0.0,3,6.1,0.229,2026-08-25 23:00:00,71,108,0.0,67.5,115.9,51.0,16.6,327.0,22.0,2026-08-25 06:02:00,2026-08-25 18:54:00,False,Jaipur
26.9,90,33.0,0.0,0.0,3,5.0,0.229,2026-08-26 00:00:00,72,112,0.0,66.1,111.8,48.2,15.5,277.0,22.0,2026-08-26 06:03:00,2026-08-26 18:53:00,False,Jaipur
26.8,91,33.1,0.0,0.0,2,3.3,0.23,2026-08-26 01:00:00,73,116,0.0,61.5,102.4,43.1,13.6,284.0,25.0,2026-08-26 06:03:00,2026-08-26 18:53:00,False,Jaipur
26.5,92,32.8,0.0,0.0,3,2.8,0.23,2026-08-26 02:00:00,75,119,0.0,53.9,88.5,37.3,11.8,286.0,29.0,2026-08-26 06:03:00,2026-08-26 18:53:00,False,Jaipur
26.2,93,32.2,0.0,0.0,2,5.0,0.231,2026-08-26 03:00:00,76,122,0.0,48.9,90.1,30.4,10.2,255.0,34.0,2026-08-26 06:03:00,2026-08-26 18:53:00,False,Jaipur
26.0,93,31.4,0.0,0.0,3,7.2,0.231,2026-08-26 04:00:00,77,126,0.0,48.0,119.0,22.8,8.6,218.0,41.0,2026-08-26 06:03:00,2026-08-26 18:53:00,False,Jaipur
26.3,93,32.0,0.0,0.0,3,7.4,0.274,2026-08-26 05:00:00,78,129,0.0,36.9,62.6,16.5,7.9,196.0,50.0,2026-08-26 06:03:00,2026-08-26 18:53:00,False,Jaipur
26.2,91,31.2,0.0,0.0,3,10.2,0.274,2026-08-26 06:00:00,78,130,0.05,32.8,57.4,15.2,7.6,204.0,50.0,2026-08-26 06:03:00,2026-08-26 18:53:00,False,Jaipur
27.1,86,32.0,0.0,0.0,3,9.9,0.274,2026-08-26 07:00:00,78,130,0.35,31.8,59.0,13.2,7.2,227.0,50.0,2026-08-26 06:03:00,2026-08-26 18:53:00,True,Jaipur
28.2,78,32.2,0.0,0.0,3,13.5,0.272,2026-08-26 08:00:00,78,131,1.05,34.5,75.7,11.1,6.8,238.0,55.0,2026-08-26 06:03:00,2026-08-26 18:53:00,True,Jaipur
29.5,72,33.7,0.0,0.0,3,11.9,0.269,2026-08-26 09:00:00,78,131,2.0,38.4,100.1,8.8,6.4,222.0,67.0,2026-08-26 06:03:00,2026-08-26 18:53:00,True,Jaipur
30.5,69,34.9,0.0,0.0,3,12.7,0.264,2026-08-26 10:00:00,79,132,2.95,42.5,127.6,6.3,6.0,195.0,83.0,2026-08-26 06:03:00,2026-08-26 18:53:00,True,Jaipur
31.6,62,35.5,0.1,0.1,51,14.7,0.269,2026-08-26 11:00:00,80,132,3.85,46.7,154.1,4.3,5.7,177.0,97.0,2026-08-26 06:03:00,2026-08-26 18:53:00,True,Jaipur
32.3,58,37.0,0.1,0.1,51,12.2,0.263,2026-08-26 12:00:00,81,133,6.6,53.0,207.2,2.9,5.4,173.0,108.0,2026-08-26 06:03:00,2026-08-26 18:53:00,True,Jaipur
32.9,54,37.3,0.0,0.0,3,10.0,0.257,2026-08-26 13:00:00,83,135,5.3,46.8,155.1,2.0,5.1,179.0,118.0,2026-08-26 06:03:00,2026-08-26 18:53:00,True,Jaipur
33.1,52,36.8,0.0,0.0,3,9.7,0.252,2026-08-26 14:00:00,84,135,4.35,42.8,123.4,2.0,4.9,197.0,122.0,2026-08-26 06:03:00,2026-08-26 18:53:00,True,Jaipur
33.2,51,36.8,0.0,0.0,3,7.9,0.247,2026-08-26 15:00:00,84,135,2.75,45.4,142.5,3.0,4.8,224.0,120.0,2026-08-26 06:03:00,2026-08-26 18:53:00,True,Jaipur
32.8,53,36.5,0.0,0.0,3,7.5,0.243,2026-08-26 16:00:00,85,136,1.35,46.2,159.7,4.9,4.9,265.0,113.0,2026-08-26 06:03:00,2026-08-26 18:53:00,True,Jaipur
33.0,55,37.5,0.0,0.0,3,6.3,0.273,2026-08-26 17:00:00,86,136,0.4,30.2,69.4,6.8,5.5,336.0,104.0,2026-08-26 06:03:00,2026-08-26 18:53:00,True,Jaipur
30.2,71,35.6,0.1,0.1,51,5.2,0.273,2026-08-26 18:00:00,85,134,0.05,31.0,58.9,12.3,6.6,486.0,89.0,2026-08-26 06:03:00,2026-08-26 18:53:00,True,Jaipur
28.3,82,34.0,0.0,0.0,3,6.9,0.273,2026-08-26 19:00:00,84,132,0.0,31.9,54.5,19.8,8.0,667.0,68.0,2026-08-26 06:03:00,2026-08-26 18:53:00,False,Jaipur
27.4,87,33.1,0.0,0.0,3,6.2,0.272,2026-08-26 20:00:00,83,129,0.0,31.5,49.5,25.0,9.0,755.0,52.0,2026-08-26 06:03:00,2026-08-26 18:53:00,False,Jaipur
27.2,87,32.8,0.0,0.0,3,6.0,0.272,2026-08-26 21:00:00,82,126,0.0,31.0,46.6,25.7,9.2,670.0,46.0,2026-08-26 06:03:00,2026-08-26 18:53:00,False,Jaipur
27.3,86,33.0,0.0,0.0,3,5.4,0.272,2026-08-26 22:00:00,81,122,0.0,31.0,45.9,24.1,9.0,493.0,44.0,2026-08-26 06:03:00,2026-08-26 18:53:00,False,Jaipur
27.4,86,33.0,0.0,0.0,3,6.3,0.275,2026-08-26 23:00:00,80,119,0.0,31.3,47.8,21.8,8.6,343.0,44.0,2026-08-26 06:03:00,2026-08-26 18:53:00,False,Jaipur
26.8,89,32.8,0.0,0.0,3,4.3,0.275,2026-08-27 00:00:00,78,115,0.0,32.6,58.9,19.1,8.0,262.0,45.0,2026-08-27 06:03:00,2026-08-27 18:52:00,False,Jaipur
26.9,88,32.5,0.0,0.0,2,6.1,0.275,2026-08-27 01:00:00,78,111,0.0,33.3,66.4,15.6,7.1,208.0,49.0,2026-08-27 06:03:00,2026-08-27 18:52:00,False,Jaipur
27.5,77,31.6,0.0,0.0,2,10.5,0.275,2026-08-27 02:00:00,77,108,0.0,32.5,71.2,12.6,6.3,171.0,51.0,2026-08-27 06:03:00,2026-08-27 18:52:00,False,Jaipur
27.3,75,30.8,0.0,0.0,2,11.6,0.274,2026-08-27 03:00:00,77,106,0.0,31.9,73.3,10.2,5.5,152.0,52.0,2026-08-27 06:03:00,2026-08-27 18:52:00,False,Jaipur
26.9,77,30.1,0.0,0.0,3,13.2,0.273,2026-08-27 04:00:00,76,104,0.0,45.2,187.2,8.2,4.7,151.0,52.0,2026-08-27 06:03:00,2026-08-27 18:52:00,False,Jaipur
27.1,78,30.2,0.0,0.0,3,15.5,0.274,2026-08-27 05:00:00,78,104,0.0,72.9,340.9,6.6,4.2,154.0,53.0,2026-08-27 06:03:00,2026-08-27 18:52:00,False,Jaipur
26.8,78,29.7,0.0,0.0,2,15.7,0.273,2026-08-27 06:00:00,82,108,0.1,74.5,346.5,6.6,4.6,162.0,53.0,2026-08-27 06:03:00,2026-08-27 18:52:00,False,Jaipur
27.1,77,29.9,0.0,0.0,3,16.9,0.272,2026-08-27 07:00:00,87,112,0.65,74.5,342.7,6.5,5.2,175.0,53.0,2026-08-27 06:03:00,2026-08-27 18:52:00,True,Jaipur
28.1,74,31.1,0.0,0.0,2,16.7,0.27,2026-08-27 08:00:00,92,117,2.0,68.0,310.1,6.0,5.6,182.0,58.0,2026-08-27 06:03:00,2026-08-27 18:52:00,True,Jaipur
29.1,72,32.6,0.0,0.0,3,15.8,0.266,2026-08-27 09:00:00,96,120,4.1,75.0,366.9,4.8,5.6,177.0,71.0,2026-08-27 06:03:00,2026-08-27 18:52:00,True,Jaipur
30.6,67,34.7,0.0,0.0,2,15.5,0.261,2026-08-27 10:00:00,100,124,6.45,75.4,368.8,3.2,5.3,166.0,89.0,2026-08-27 06:03:00,2026-08-27 18:52:00,True,Jaipur
31.9,60,36.7,0.0,0.0,2,14.2,0.265,2026-08-27 11:00:00,104,127,7.9,71.0,339.0,2.0,5.1,158.0,102.0,2026-08-27 06:03:00,2026-08-27 18:52:00,True,Jaipur
32.6,56,37.7,0.0,0.0,3,12.0,0.258,2026-08-27 12:00:00,107,130,7.9,64.7,293.4,1.5,4.9,153.0,108.0,2026-08-27 06:03:00,2026-08-27 18:52:00,True,Jaipur
32.8,54,37.4,0.0,0.0,3,10.2,0.252,2026-08-27 13:00:00,109,131,6.9,45.8,141.6,1.3,4.6,150.0,110.0,2026-08-27 06:03:00,2026-08-27 18:52:00,True,Jaipur
32.6,54,36.3,0.0,0.0,3,7.9,0.248,2026-08-27 14:00:00,108,131,5.1,39.5,99.0,1.8,4.5,159.0,110.0,2026-08-27 06:03:00,2026-08-27 18:52:00,True,Jaipur
32.5,55,36.7,0.0,0.0,3,6.0,0.244,2026-08-27 15:00:00,108,131,3.05,42.3,124.3,2.8,4.5,185.0,108.0,2026-08-27 06:03:00,2026-08-27 18:52:00,True,Jaipur
32.3,56,36.5,0.0,0.0,3,6.7,0.241,2026-08-27 16:00:00,108,130,1.4,40.2,109.7,4.5,4.6,222.0,103.0,2026-08-27 06:03:00,2026-08-27 18:52:00,True,Jaipur
32.7,54,36.7,0.0,0.0,1,6.2,0.239,2026-08-27 17:00:00,107,130,0.4,37.4,80.3,6.9,5.0,259.0,95.0,2026-08-27 06:03:00,2026-08-27 18:52:00,True,Jaipur
30.8,63,35.7,0.0,0.0,3,4.2,0.238,2026-08-27 18:00:00,107,130,0.05,44.8,133.6,11.2,5.8,301.0,82.0,2026-08-27 06:03:00,2026-08-27 18:52:00,True,Jaipur
29.5,68,34.0,0.0,0.0,3,6.3,0.237,2026-08-27 19:00:00,108,132,0.0,46.7,134.6,16.3,6.9,342.0,67.0,2026-08-27 06:03:00,2026-08-27 18:52:00,False,Jaipur
29.0,69,33.2,0.0,0.0,3,8.5,0.237,2026-08-27 20:00:00,110,133,0.0,47.1,136.4,19.2,7.5,355.0,56.0,2026-08-27 06:03:00,2026-08-27 18:52:00,False,Jaipur
28.7,70,32.7,0.0,0.0,3,8.4,0.236,2026-08-27 21:00:00,111,135,0.0,49.8,166.7,18.0,7.2,318.0,54.0,2026-08-27 06:03:00,2026-08-27 18:52:00,False,Jaipur
28.2,73,32.4,0.0,0.0,1,8.9,0.236,2026-08-27 22:00:00,113,137,0.0,55.8,224.0,14.6,6.4,254.0,57.0,2026-08-27 06:03:00,2026-08-27 18:52:00,False,Jaipur
28.2,75,32.3,0.0,0.0,1,11.0,0.226,2026-08-27 23:00:00,116,140,0.0,62.6,277.5,11.6,5.7,201.0,59.0,2026-08-27 06:03:00,2026-08-27 18:52:00,False,Jaipur
27.9,76,31.7,0.0,0.0,1,12.7,0.226,2026-08-28 00:00:00,120,143,0.0,66.4,302.7,9.9,5.2,175.0,59.0,2026-08-28 06:04:00,2026-08-28 18:51:00,False,Jaipur
27.6,76,30.9,0.0,0.0,1,14.4,0.225,2026-08-28 01:00:00,124,146,0.0,68.9,315.7,8.7,4.7,160.0,59.0,2026-08-28 06:04:00,2026-08-28 18:51:00,False,Jaipur
27.1,76,30.0,0.0,0.0,3,15.3,0.225,2026-08-28 02:00:00,128,150,0.0,69.6,320.4,7.9,4.3,149.0,58.0,2026-08-28 06:04:00,2026-08-28 18:51:00,False,Jaipur
26.5,76,29.1,0.0,0.0,3,15.1,0.224,2026-08-28 03:00:00,132,151,0.0,69.6,320.4,7.7,4.1,140.0,55.0,2026-08-28 06:04:00,2026-08-28 18:51:00,False,Jaipur
26.0,76,28.5,0.0,0.0,3,14.4,0.224,2026-08-28 04:00:00,136,152,0.0,67.1,305.5,7.8,4.1,135.0,52.0,2026-08-28 06:04:00,2026-08-28 18:51:00,False,Jaipur
26.2,79,28.9,0.0,0.0,3,15.9,0.235,2026-08-28 05:00:00,138,153,0.0,70.3,325.0,6.3,3.6,136.0,55.0,2026-08-28 06:04:00,2026-08-28 18:51:00,False,Jaipur
26.0,80,28.7,0.0,0.0,3,15.5,0.234,2026-08-28 06:00:00,138,153,0.1,66.8,301.7,6.2,3.8,149.0,56.0,2026-08-28 06:04:00,2026-08-28 18:51:00,False,Jaipur
26.6,77,29.4,0.0,0.0,3,15.6,0.233,2026-08-28 07:00:00,137,153,0.75,63.3,278.5,6.0,4.1,169.0,58.0,2026-08-28 06:04:00,2026-08-28 18:51:00,True,Jaipur
27.8,74,30.7,0.0,0.0,2,15.7,0.231,2026-08-28 08:00:00,136,152,2.3,57.0,248.7,5.5,4.2,181.0,63.0,2026-08-28 06:04:00,2026-08-28 18:51:00,True,Jaipur
28.9,70,32.1,0.0,0.0,1,14.7,0.228,2026-08-28 09:00:00,135,152,4.7,60.8,277.5,4.4,4.1,178.0,74.0,2026-08-28 06:04:00,2026-08-28 18:51:00,True,Jaipur
30.1,67,34.4,0.0,0.0,2,14.0,0.224,2026-08-28 10:00:00,134,152,7.2,60.1,271.0,3.0,3.8,167.0,89.0,2026-08-28 06:04:00,2026-08-28 18:51:00,True,Jaipur
31.4,62,36.6,0.0,0.0,1,13.2,0.22,2026-08-28 11:00:00,132,151,9.2,55.9,244.9,1.9,3.6,158.0,100.0,2026-08-28 06:04:00,2026-08-28 18:51:00,True,Jaipur
32.2,58,38.1,0.0,0.0,2,10.2,0.214,2026-08-28 12:00:00,131,151,9.75,51.7,221.7,1.4,3.4,153.0,106.0,2026-08-28 06:04:00,2026-08-28 18:51:00,True,Jaipur
32.4,57,37.8,0.1,0.1,51,10.0,0.209,2026-08-28 13:00:00,129,150,8.8,47.8,202.6,1.3,3.3,149.0,109.0,2026-08-28 06:04:00,2026-08-28 18:51:00,True,Jaipur
32.5,56,37.4,0.1,0.1,51,9.6,0.204,2026-08-28 14:00:00,130,150,6.6,42.5,169.5,1.7,3.2,153.0,109.0,2026-08-28 06:04:00,2026-08-28 18:51:00,True,Jaipur
32.6,56,37.0,0.1,0.1,51,9.3,0.2,2026-08-28 15:00:00,132,150,4.0,42.4,176.0,2.3,3.1,165.0,108.0,2026-08-28 06:04:00,2026-08-28 18:51:00,True,Jaipur
32.4,57,36.1,0.0,0.0,3,10.7,0.196,2026-08-28 16:00:00,132,150,1.8,40.6,169.0,3.4,3.2,183.0,105.0,2026-08-28 06:04:00,2026-08-28 18:51:00,True,Jaipur
32.0,60,36.3,0.0,0.0,2,9.3,0.203,2026-08-28 17:00:00,133,150,0.5,42.3,164.8,5.5,3.5,211.0,96.0,2026-08-28 06:04:00,2026-08-28 18:51:00,True,Jaipur
30.8,67,35.8,0.0,0.0,2,6.3,0.202,2026-08-28 18:00:00,135,151,0.05,41.4,138.3,10.7,4.7,260.0,83.0,2026-08-28 06:04:00,2026-08-28 18:51:00,True,Jaipur
29.5,73,34.7,0.0,0.0,2,6.2,0.202,2026-08-28 19:00:00,135,150,0.0,40.0,110.4,17.8,6.3,318.0,64.0,2026-08-28 06:04:00,2026-08-28 18:51:00,False,Jaipur
28.8,76,33.7,0.0,0.0,2,8.4,0.202,2026-08-28 20:00:00,134,150,0.0,38.5,92.2,22.2,7.3,348.0,51.0,2026-08-28 06:04:00,2026-08-28 18:51:00,False,Jaipur
28.4,76,32.8,0.0,0.0,1,10.2,0.202,2026-08-28 21:00:00,134,150,0.0,38.5,99.9,21.3,7.3,326.0,48.0,2026-08-28 06:04:00,2026-08-28 18:51:00,False,Jaipur
28.1,76,32.2,0.0,0.0,2,11.2,0.202,2026-08-28 22:00:00,133,149,0.0,41.6,138.8,17.7,6.7,275.0,50.0,2026-08-28 06:04:00,2026-08-28 18:51:00,False,Jaipur
27.9,77,31.8,0.0,0.0,3,12.3,0.2,2026-08-28 23:00:00,131,147,0.0,44.9,180.2,14.3,6.0,230.0,53.0,2026-08-28 06:04:00,2026-08-28 18:51:00,False,Jaipur
27.4,77,31.1,0.0,0.0,3,11.7,0.2,2026-08-29 00:00:00,130,145,0.0,48.5,218.9,12.0,5.3,200.0,55.0,2026-08-29 06:04:00,2026-08-29 18:50:00,False,Jaipur
26.9,77,30.2,0.0,0.0,2,12.8,0.2,2026-08-29 01:00:00,128,144,0.0,50.5,234.7,9.9,4.6,175.0,57.0,2026-08-29 06:04:00,2026-08-29 18:50:00,False,Jaipur
26.3,77,29.3,0.0,0.0,2,13.0,0.2,2026-08-29 02:00:00,127,142,0.0,49.8,231.4,8.5,4.1,157.0,57.0,2026-08-29 06:04:00,2026-08-29 18:50:00,False,Jaipur
25.7,78,28.7,0.0,0.0,2,11.5,0.2,2026-08-29 03:00:00,125,140,0.0,47.1,215.1,8.5,4.0,146.0,54.0,2026-08-29 06:04:00,2026-08-29 18:50:00,False,Jaipur
25.2,79,28.1,0.0,0.0,0,11.4,0.2,2026-08-29 04:00:00,124,137,0.0,42.8,188.1,9.2,4.1,141.0,49.0,2026-08-29 06:04:00,2026-08-29 18:50:00,False,Jaipur
25.3,81,28.2,0.0,0.0,3,13.4,0.201,2026-08-29 05:00:00,122,135,0.0,44.9,210.9,7.7,3.8,143.0,51.0,2026-08-29 06:04:00,2026-08-29 18:50:00,False,Jaipur
25.1,82,28.1,0.0,0.0,3,12.4,0.201,2026-08-29 06:00:00,120,132,0.1,43.3,200.2,7.2,3.9,156.0,53.0,2026-08-29 06:04:00,2026-08-29 18:50:00,False,Jaipur
25.9,80,29.3,0.0,0.0,3,10.7,0.2,2026-08-29 07:00:00,118,130,0.75,44.5,199.3,6.4,4.1,175.0,56.0,2026-08-29 06:04:00,2026-08-29 18:50:00,True,Jaipur
27.0,75,30.1,0.0,0.0,3,13.3,0.199,2026-08-29 08:00:00,117,128,2.35,40.3,190.5,5.5,4.2,186.0,61.0,2026-08-29 06:04:00,2026-08-29 18:50:00,True,Jaipur
28.1,72,31.4,0.0,0.0,2,13.0,0.197,2026-08-29 09:00:00,116,126,4.7,45.1,226.3,4.2,4.1,179.0,71.0,2026-08-29 06:04:00,2026-08-29 18:50:00,True,Jaipur
29.3,67,33.5,0.0,0.0,2,13.0,0.193,2026-08-29 10:00:00,115,124,6.95,44.5,222.1,2.8,4.0,164.0,84.0,2026-08-29 06:04:00,2026-08-29 18:50:00,True,Jaipur
30.7,61,35.6,0.0,0.0,3,12.0,0.194,2026-08-29 11:00:00,114,123,8.45,42.3,207.7,1.8,3.8,151.0,94.0,2026-08-29 06:04:00,2026-08-29 18:50:00,True,Jaipur
31.2,59,36.2,0.0,0.0,2,11.8,0.188,2026-08-29 12:00:00,113,121,9.0,39.3,188.6,1.4,3.6,142.0,99.0,2026-08-29 06:04:00,2026-08-29 18:50:00,True,Jaipur
31.8,55,36.7,0.0,0.0,1,12.0,0.183,2026-08-29 13:00:00,113,120,8.35,38.0,182.5,1.3,3.4,136.0,101.0,2026-08-29 06:04:00,2026-08-29 18:50:00,True,Jaipur
32.0,54,36.4,0.0,0.0,0,12.0,0.177,2026-08-29 14:00:00,113,119,6.35,37.5,183.5,1.6,3.2,136.0,101.0,2026-08-29 06:04:00,2026-08-29 18:50:00,True,Jaipur
32.0,53,35.6,0.0,0.0,0,11.8,0.172,2026-08-29 15:00:00,113,118,3.9,36.7,179.3,1.9,3.0,144.0,101.0,2026-08-29 06:04:00,2026-08-29 18:50:00,True,Jaipur
31.7,55,34.7,0.0,0.0,1,11.3,0.169,2026-08-29 16:00:00,113,118,1.75,36.0,174.6,2.5,3.0,159.0,100.0,2026-08-29 06:04:00,2026-08-29 18:50:00,True,Jaipur
31.2,60,34.8,0.0,0.0,3,10.3,0.163,2026-08-29 17:00:00,113,117,0.45,38.3,181.1,5.0,3.2,179.0,89.0,2026-08-29 06:04:00,2026-08-29 18:50:00,True,Jaipur
29.9,66,34.1,0.0,0.0,3,8.3,0.162,2026-08-29 18:00:00,113,117,0.05,40.0,175.6,8.3,4.0,210.0,80.0,2026-08-29 06:04:00,2026-08-29 18:50:00,True,Jaipur
28.8,70,32.8,0.0,0.0,0,8.9,0.162,2026-08-29 19:00:00,114,117,0.0,40.6,161.1,12.8,5.0,247.0,67.0,2026-08-29 06:04:00,2026-08-29 18:50:00,False,Jaipur
28.2,72,32.2,0.0,0.0,0,8.5,0.162,2026-08-29 20:00:00,115,117,0.0,39.2,143.4,16.0,5.8,270.0,57.0,2026-08-29 06:04:00,2026-08-29 18:50:00,False,Jaipur
27.8,73,31.5,0.0,0.0,0,10.4,0.162,2026-08-29 21:00:00,116,117,0.0,38.1,134.6,16.6,6.0,270.0,53.0,2026-08-29 06:04:00,2026-08-29 18:50:00,False,Jaipur
27.3,74,30.8,0.0,0.0,3,10.5,0.162,2026-08-29 22:00:00,116,118,0.0,38.6,142.0,15.7,5.9,255.0,51.0,2026-08-29 06:04:00,2026-08-29 18:50:00,False,Jaipur
27.2,74,30.5,0.0,0.0,3,11.7,0.161,2026-08-29 23:00:00,116,118,0.0,38.9,150.4,14.6,5.6,236.0,50.0,2026-08-29 06:04:00,2026-08-29 18:50:00,False,Jaipur
26.7,75,29.7,0.0,0.0,3,12.1,0.161,2026-08-30 00:00:00,116,117,0.0,38.1,152.3,13.2,5.2,210.0,49.0,2026-08-30 06:05:00,2026-08-30 18:49:00,False,Jaipur
26.3,75,29.1,0.0,0.0,3,11.9,0.161,2026-08-30 01:00:00,115,116,0.0,38.0,157.4,11.6,4.6,179.0,49.0,2026-08-30 06:05:00,2026-08-30 18:49:00,False,Jaipur
25.7,76,28.6,0.0,0.0,2,11.0,0.162,2026-08-30 02:00:00,113,114,0.0,38.2,163.9,10.2,4.1,155.0,48.0,2026-08-30 06:05:00,2026-08-30 18:49:00,False,Jaipur
25.4,77,28.3,0.0,0.0,0,10.4,0.162,2026-08-30 03:00:00,112,113,0.0,38.6,168.6,9.6,3.9,143.0,46.0,2026-08-30 06:05:00,2026-08-30 18:49:00,False,Jaipur
25.0,79,28.0,0.0,0.0,0,10.1,0.162,2026-08-30 04:00:00,111,112,0.0,38.4,165.8,9.3,3.8,139.0,44.0,2026-08-30 06:05:00,2026-08-30 18:49:00,False,Jaipur
24.9,79,27.6,0.0,0.0,0,11.9,0.164,2026-08-30 05:00:00,111,111,0.0,47.5,218.4,6.8,3.2,139.0,48.0,2026-08-30 06:05:00,2026-08-30 18:49:00,False,Jaipur
24.8,80,27.5,0.0,0.0,3,11.0,0.164,2026-08-30 06:00:00,111,111,0.1,45.8,203.0,6.1,3.4,147.0,50.0,2026-08-30 06:05:00,2026-08-30 18:49:00,False,Jaipur
25.6,78,28.7,0.0,0.0,2,10.1,0.164,2026-08-30 07:00:00,111,112,0.75,46.7,201.2,5.0,3.6,160.0,54.0,2026-08-30 06:05:00,2026-08-30 18:49:00,True,Jaipur
26.7,74,29.4,0.0,0.0,2,13.1,0.163,2026-08-30 08:00:00,111,112,2.4,45.3,205.8,4.0,3.8,166.0,59.0,2026-08-30 06:05:00,2026-08-30 18:49:00,True,Jaipur
27.9,70,30.8,0.0,0.0,1,13.2,0.161,2026-08-30 09:00:00,111,112,4.8,48.4,230.0,3.0,3.8,159.0,68.0,2026-08-30 06:05:00,2026-08-30 18:49:00,True,Jaipur
29.2,65,33.1,0.0,0.0,0,12.1,0.158,2026-08-30 10:00:00,112,113,7.4,47.3,224.0,2.1,3.6,145.0,80.0,2026-08-30 06:05:00,2026-08-30 18:49:00,True,Jaipur
30.5,59,35.1,0.0,0.0,0,11.4,0.159,2026-08-30 11:00:00,112,113,9.35,43.3,199.8,1.4,3.5,134.0,89.0,2026-08-30 06:05:00,2026-08-30 18:49:00,True,Jaipur
31.2,56,36.4,0.0,0.0,3,9.4,0.155,2026-08-30 12:00:00,111,113,9.9,40.4,182.5,1.1,3.4,131.0,94.0,2026-08-30 06:05:00,2026-08-30 18:49:00,True,Jaipur
31.5,54,35.7,0.0,0.0,3,8.0,0.15,2026-08-30 13:00:00,111,113,8.85,38.4,171.4,1.1,3.3,131.0,98.0,2026-08-30 06:05:00,2026-08-30 18:49:00,True,Jaipur
31.3,55,34.5,0.0,0.0,3,7.8,0.147,2026-08-30 14:00:00,111,113,6.6,37.4,167.2,1.3,3.2,133.0,99.0,2026-08-30 06:05:00,2026-08-30 18:49:00,True,Jaipur
31.1,57,34.3,0.0,0.0,2,9.4,0.145,2026-08-30 15:00:00,111,113,3.95,37.4,169.5,1.4,3.0,135.0,99.0,2026-08-30 06:05:00,2026-08-30 18:49:00,True,Jaipur
30.7,57,33.6,0.0,0.0,2,11.1,0.143,2026-08-30 16:00:00,111,113,1.7,38.3,179.3,1.7,2.9,139.0,98.0,2026-08-30 06:05:00,2026-08-30 18:49:00,True,Jaipur
30.1,58,32.6,0.0,0.0,2,12.9,0.146,2026-08-30 17:00:00,111,113,0.45,40.6,178.3,3.6,3.2,151.0,90.0,2026-08-30 06:05:00,2026-08-30 18:49:00,True,Jaipur
29.0,63,32.1,0.0,0.0,3,9.1,0.145,2026-08-30 18:00:00,111,114,0.0,40.9,164.8,6.1,3.9,181.0,81.0,2026-08-30 06:05:00,2026-08-30 18:49:00,True,Jaipur
28.1,67,31.5,0.0,0.0,3,8.6,0.145,2026-08-30 19:00:00,111,114,0.0,41.0,152.3,9.6,4.9,219.0,69.0,2026-08-30 06:05:00,2026-08-30 18:49:00,False,Jaipur
27.6,70,30.9,0.0,0.0,3,9.4,0.145,2026-08-30 20:00:00,110,114,0.0,42.1,161.1,12.1,5.6,242.0,59.0,2026-08-30 06:05:00,2026-08-30 18:49:00,False,Jaipur
27.4,69,30.3,0.0,0.0,3,11.1,0.145,2026-08-30 21:00:00,111,114,0.0,41.0,156.9,12.9,5.8,236.0,53.0,2026-08-30 06:05:00,2026-08-30 18:49:00,False,Jaipur
26.8,71,29.7,0.0,0.0,3,10.1,0.145,2026-08-30 22:00:00,111,114,0.0,39.1,147.1,12.7,5.7,214.0,49.0,2026-08-30 06:05:00,2026-08-30 18:49:00,False,Jaipur
26.8,73,30.0,0.0,0.0,3,10.4,0.143,2026-08-30 23:00:00,111,114,0.0,38.0,145.8,12.4,5.4,191.0,46.0,2026-08-30 06:05:00,2026-08-30 18:49:00,False,Jaipur
23.0,89,25.8,0.0,0.0,3,11.0,0.291,2026-08-25 00:00:00,17,47,0.0,7.9,15.3,9.1,6.8,136.0,31.0,2026-08-25 06:18:00,2026-08-25 18:54:00,False,Pune
22.8,91,25.6,0.0,0.0,3,11.5,0.291,2026-08-25 01:00:00,17,47,0.0,6.2,12.0,7.5,6.2,125.0,32.0,2026-08-25 06:18:00,2026-08-25 18:54:00,False,Pune
22.9,90,25.5,0.0,0.0,3,12.2,0.291,2026-08-25 02:00:00,17,47,0.0,5.5,11.1,6.3,5.8,117.0,33.0,2026-08-25 06:18:00,2026-08-25 18:54:00,False,Pune
22.6,90,25.3,0.0,0.0,3,11.2,0.291,2026-08-25 03:00:00,17,47,0.0,4.4,8.7,5.7,5.6,112.0,33.0,2026-08-25 06:18:00,2026-08-25 18:54:00,False,Pune
22.6,90,25.4,0.0,0.0,3,10.9,0.291,2026-08-25 04:00:00,17,47,0.0,3.5,7.2,5.5,5.5,109.0,33.0,2026-08-25 06:18:00,2026-08-25 18:54:00,False,Pune
22.6,90,25.4,0.0,0.0,3,10.5,0.294,2026-08-25 05:00:00,17,47,0.0,3.5,7.5,4.8,4.7,113.0,35.0,2026-08-25 06:18:00,2026-08-25 18:54:00,False,Pune
22.6,91,25.6,0.0,0.0,3,9.0,0.295,2026-08-25 06:00:00,17,47,0.05,3.5,6.8,5.3,5.1,130.0,35.0,2026-08-25 06:18:00,2026-08-25 18:54:00,False,Pune
23.1,89,26.2,0.0,0.0,3,9.6,0.295,2026-08-25 07:00:00,17,47,0.3,4.1,8.1,5.8,5.6,153.0,36.0,2026-08-25 06:18:00,2026-08-25 18:54:00,True,Pune
24.3,83,26.8,0.0,0.0,3,13.7,0.294,2026-08-25 08:00:00,17,47,1.35,5.3,11.6,5.9,5.9,166.0,40.0,2026-08-25 06:18:00,2026-08-25 18:54:00,True,Pune
25.3,77,27.5,0.1,0.1,51,14.6,0.292,2026-08-25 09:00:00,19,47,3.05,8.2,19.3,5.0,5.7,160.0,48.0,2026-08-25 06:18:00,2026-08-25 18:54:00,True,Pune
26.6,71,29.1,0.0,0.0,3,15.3,0.289,2026-08-25 10:00:00,24,47,4.4,10.3,24.6,3.5,5.3,144.0,60.0,2026-08-25 06:18:00,2026-08-25 18:54:00,True,Pune
26.6,73,29.5,0.2,0.2,51,17.7,0.286,2026-08-25 11:00:00,27,47,6.5,11.5,27.6,2.4,4.9,132.0,68.0,2026-08-25 06:18:00,2026-08-25 18:54:00,True,Pune
27.3,69,31.0,0.2,0.2,51,16.4,0.283,2026-08-25 12:00:00,29,47,7.8,12.2,28.9,1.9,4.5,129.0,72.0,2026-08-25 06:18:00,2026-08-25 18:54:00,True,Pune
28.1,65,31.7,0.0,0.0,2,17.3,0.278,2026-08-25 13:00:00,30,47,7.0,12.6,31.1,1.8,4.2,129.0,74.0,2026-08-25 06:18:00,2026-08-25 18:54:00,True,Pune
28.3,64,31.2,0.0,0.0,3,20.2,0.272,2026-08-25 14:00:00,29,48,5.85,12.3,29.8,2.0,4.0,131.0,73.0,2026-08-25 06:18:00,2026-08-25 18:54:00,True,Pune
27.4,68,29.5,0.0,0.0,2,19.4,0.268,2026-08-25 15:00:00,28,48,3.45,11.2,25.7,2.6,4.0,133.0,70.0,2026-08-25 06:18:00,2026-08-25 18:54:00,True,Pune
26.6,71,28.1,0.0,0.0,2,19.3,0.264,2026-08-25 16:00:00,26,48,1.5,11.0,24.7,3.5,4.1,136.0,64.0,2026-08-25 06:18:00,2026-08-25 18:54:00,True,Pune
26.0,74,27.8,0.0,0.0,1,17.6,0.273,2026-08-25 17:00:00,24,49,0.4,21.3,50.8,4.4,4.3,142.0,60.0,2026-08-25 06:18:00,2026-08-25 18:54:00,True,Pune
24.7,81,26.9,0.0,0.0,1,15.1,0.272,2026-08-25 18:00:00,21,50,0.05,18.6,41.9,6.2,5.0,156.0,53.0,2026-08-25 06:18:00,2026-08-25 18:54:00,True,Pune
23.7,85,26.0,0.0,0.0,1,14.1,0.272,2026-08-25 19:00:00,21,51,0.0,17.0,36.0,8.6,5.9,173.0,44.0,2026-08-25 06:18:00,2026-08-25 18:54:00,False,Pune
23.3,88,25.8,0.0,0.0,2,13.6,0.271,2026-08-25 20:00:00,21,51,0.0,15.8,32.6,10.6,6.8,182.0,37.0,2026-08-25 06:18:00,2026-08-25 18:54:00,False,Pune
23.3,88,26.0,0.0,0.0,2,12.4,0.271,2026-08-25 21:00:00,22,52,0.0,15.2,30.5,11.8,7.5,178.0,33.0,2026-08-25 06:18:00,2026-08-25 18:54:00,False,Pune
23.4,89,26.3,0.0,0.0,3,11.9,0.271,2026-08-25 22:00:00,22,52,0.0,14.9,30.4,12.5,8.1,165.0,30.0,2026-08-25 06:18:00,2026-08-25 18:54:00,False,Pune
23.2,89,25.9,0.0,0.0,2,11.9,0.268,2026-08-25 23:00:00,23,52,0.0,14.4,27.9,12.5,8.3,152.0,29.0,2026-08-25 06:18:00,2026-08-25 18:54:00,False,Pune
23.0,89,25.3,0.0,0.0,2,14.4,0.268,2026-08-26 00:00:00,23,53,0.0,12.7,24.9,11.2,7.8,137.0,29.0,2026-08-26 06:18:00,2026-08-26 18:53:00,False,Pune
22.7,91,25.0,0.0,0.0,2,13.8,0.269,2026-08-26 01:00:00,23,53,0.0,10.6,22.7,9.2,6.9,122.0,31.0,2026-08-26 06:18:00,2026-08-26 18:53:00,False,Pune
22.7,90,25.0,0.0,0.0,2,13.7,0.269,2026-08-26 02:00:00,24,53,0.0,8.7,17.1,7.5,6.2,111.0,33.0,2026-08-26 06:18:00,2026-08-26 18:53:00,False,Pune
22.6,90,24.8,0.0,0.0,2,13.9,0.269,2026-08-26 03:00:00,24,54,0.0,6.9,14.8,6.5,5.9,107.0,34.0,2026-08-26 06:18:00,2026-08-26 18:53:00,False,Pune
22.6,90,24.8,0.0,0.0,2,13.9,0.269,2026-08-26 04:00:00,24,54,0.0,6.2,13.1,5.9,5.8,109.0,35.0,2026-08-26 06:18:00,2026-08-26 18:53:00,False,Pune
22.9,90,25.6,0.0,0.0,2,12.0,0.274,2026-08-26 05:00:00,25,54,0.0,4.4,9.6,4.8,5.2,116.0,39.0,2026-08-26 06:18:00,2026-08-26 18:53:00,False,Pune
22.6,92,25.4,0.0,0.0,3,11.2,0.274,2026-08-26 06:00:00,25,54,0.05,4.1,8.7,5.3,5.4,135.0,39.0,2026-08-26 06:18:00,2026-08-26 18:53:00,False,Pune
22.9,91,25.4,0.1,0.1,51,13.9,0.275,2026-08-26 07:00:00,25,54,0.35,4.4,8.8,6.0,5.8,160.0,39.0,2026-08-26 06:18:00,2026-08-26 18:53:00,True,Pune
24.0,85,26.3,0.2,0.2,51,15.3,0.277,2026-08-26 08:00:00,25,54,1.55,5.2,10.0,6.1,5.9,174.0,42.0,2026-08-26 06:18:00,2026-08-26 18:53:00,True,Pune
25.4,78,27.5,0.1,0.1,51,16.6,0.276,2026-08-26 09:00:00,25,54,3.85,7.6,16.8,5.1,5.7,165.0,51.0,2026-08-26 06:18:00,2026-08-26 18:53:00,True,Pune
26.5,73,28.5,0.2,0.2,51,19.1,0.275,2026-08-26 10:00:00,25,54,5.05,10.4,23.6,3.5,5.4,146.0,63.0,2026-08-26 06:18:00,2026-08-26 18:53:00,True,Pune
27.5,69,30.0,0.0,0.0,1,18.1,0.272,2026-08-26 11:00:00,29,54,7.7,13.5,32.7,2.3,5.1,131.0,72.0,2026-08-26 06:18:00,2026-08-26 18:53:00,True,Pune
28.1,66,31.3,0.0,0.0,3,17.5,0.267,2026-08-26 12:00:00,31,54,8.3,15.4,38.5,1.8,4.9,128.0,77.0,2026-08-26 06:18:00,2026-08-26 18:53:00,True,Pune
28.3,64,31.5,0.1,0.1,51,18.2,0.263,2026-08-26 13:00:00,32,55,7.25,14.9,36.0,1.7,4.7,129.0,80.0,2026-08-26 06:18:00,2026-08-26 18:53:00,True,Pune
28.1,66,31.3,0.0,0.0,2,19.1,0.258,2026-08-26 14:00:00,32,55,5.55,15.4,36.7,2.0,4.6,133.0,80.0,2026-08-26 06:18:00,2026-08-26 18:53:00,True,Pune
27.7,67,30.2,0.1,0.1,51,18.2,0.254,2026-08-26 15:00:00,31,55,3.8,16.1,37.7,2.5,4.6,138.0,77.0,2026-08-26 06:18:00,2026-08-26 18:53:00,True,Pune
27.0,71,28.7,0.0,0.0,0,18.8,0.251,2026-08-26 16:00:00,28,55,1.7,15.8,35.7,3.4,4.8,146.0,71.0,2026-08-26 06:18:00,2026-08-26 18:53:00,True,Pune
26.1,74,28.1,0.0,0.0,1,16.6,0.237,2026-08-26 17:00:00,27,56,0.45,17.6,41.3,4.2,4.4,154.0,64.0,2026-08-26 06:18:00,2026-08-26 18:53:00,True,Pune
25.0,79,27.4,0.0,0.0,1,14.3,0.236,2026-08-26 18:00:00,26,55,0.05,16.4,36.2,6.6,5.3,164.0,56.0,2026-08-26 06:18:00,2026-08-26 18:53:00,True,Pune
23.9,85,26.3,0.0,0.0,1,13.9,0.236,2026-08-26 19:00:00,26,55,0.0,15.5,30.7,9.8,6.5,175.0,45.0,2026-08-26 06:18:00,2026-08-26 18:53:00,False,Pune
23.7,85,26.0,0.0,0.0,0,13.4,0.236,2026-08-26 20:00:00,26,55,0.0,13.8,25.5,12.2,7.5,180.0,36.0,2026-08-26 06:18:00,2026-08-26 18:53:00,False,Pune
23.3,86,25.9,0.0,0.0,1,12.1,0.236,2026-08-26 21:00:00,25,55,0.0,11.2,19.2,13.0,8.1,176.0,31.0,2026-08-26 06:18:00,2026-08-26 18:53:00,False,Pune
23.1,89,26.0,0.0,0.0,3,10.5,0.236,2026-08-26 22:00:00,25,55,0.0,9.0,14.1,12.8,8.4,165.0,29.0,2026-08-26 06:18:00,2026-08-26 18:53:00,False,Pune
23.1,88,25.7,0.0,0.0,2,12.4,0.231,2026-08-26 23:00:00,24,54,0.0,7.0,10.9,12.0,8.3,153.0,28.0,2026-08-26 06:18:00,2026-08-26 18:53:00,False,Pune
23.1,89,25.7,0.0,0.0,2,12.5,0.231,2026-08-27 00:00:00,24,54,0.0,5.1,9.2,10.1,7.4,137.0,30.0,2026-08-27 06:18:00,2026-08-27 18:53:00,False,Pune
23.2,89,25.9,0.0,0.0,3,12.2,0.232,2026-08-27 01:00:00,23,53,0.0,4.2,9.5,7.4,6.1,119.0,33.0,2026-08-27 06:18:00,2026-08-27 18:53:00,False,Pune
23.0,90,25.7,0.0,0.0,3,12.1,0.232,2026-08-27 02:00:00,22,53,0.0,3.8,8.8,5.5,5.2,106.0,36.0,2026-08-27 06:18:00,2026-08-27 18:53:00,False,Pune
22.9,89,25.5,0.0,0.0,3,12.6,0.232,2026-08-27 03:00:00,22,52,0.0,3.2,6.9,5.0,5.0,101.0,36.0,2026-08-27 06:18:00,2026-08-27 18:53:00,False,Pune
22.8,90,25.4,0.0,0.0,3,12.5,0.233,2026-08-27 04:00:00,22,52,0.0,2.6,4.9,5.1,5.1,101.0,36.0,2026-08-27 06:18:00,2026-08-27 18:53:00,False,Pune
22.8,91,25.4,0.0,0.0,3,12.8,0.24,2026-08-27 05:00:00,21,52,0.0,3.7,8.5,4.5,4.5,106.0,39.0,2026-08-27 06:18:00,2026-08-27 18:53:00,False,Pune
23.1,88,25.4,0.0,0.0,3,14.1,0.24,2026-08-27 06:00:00,21,52,0.05,3.8,7.5,4.7,4.6,121.0,40.0,2026-08-27 06:18:00,2026-08-27 18:53:00,False,Pune
23.3,86,25.7,0.0,0.0,2,13.3,0.24,2026-08-27 07:00:00,21,52,0.45,4.0,8.5,4.9,4.7,142.0,42.0,2026-08-27 06:18:00,2026-08-27 18:53:00,True,Pune
24.0,83,25.8,0.0,0.0,1,17.7,0.24,2026-08-27 08:00:00,21,52,1.95,6.9,16.9,4.8,4.7,154.0,45.0,2026-08-27 06:18:00,2026-08-27 18:53:00,True,Pune
25.4,75,26.7,0.2,0.2,51,19.7,0.24,2026-08-27 09:00:00,22,52,3.8,10.2,26.1,4.0,4.5,148.0,51.0,2026-08-27 06:18:00,2026-08-27 18:53:00,True,Pune
26.4,70,28.6,0.0,0.0,0,17.5,0.237,2026-08-27 10:00:00,24,52,5.65,11.1,27.0,2.8,4.1,133.0,59.0,2026-08-27 06:18:00,2026-08-27 18:53:00,True,Pune
27.3,64,29.8,0.0,0.0,1,18.8,0.234,2026-08-27 11:00:00,26,52,7.5,11.4,28.5,2.0,3.8,122.0,65.0,2026-08-27 06:18:00,2026-08-27 18:53:00,True,Pune
27.6,63,30.9,0.0,0.0,0,17.5,0.229,2026-08-27 12:00:00,27,52,8.2,11.6,28.2,1.7,3.6,120.0,68.0,2026-08-27 06:18:00,2026-08-27 18:53:00,True,Pune
26.8,66,29.1,0.8,0.8,53,22.0,0.234,2026-08-27 13:00:00,28,51,7.95,10.7,24.3,1.8,3.5,121.0,69.0,2026-08-27 06:18:00,2026-08-27 18:53:00,True,Pune
26.6,70,28.6,0.6,0.6,53,19.1,0.237,2026-08-27 14:00:00,27,51,5.6,9.1,18.9,2.1,3.5,125.0,68.0,2026-08-27 06:18:00,2026-08-27 18:53:00,True,Pune
26.5,68,28.4,0.4,0.4,51,19.4,0.237,2026-08-27 15:00:00,26,51,3.15,8.7,18.5,2.3,3.5,133.0,65.0,2026-08-27 06:18:00,2026-08-27 18:53:00,True,Pune
26.0,71,27.0,0.1,0.1,51,19.6,0.236,2026-08-27 16:00:00,24,50,1.35,8.7,19.6,2.7,3.6,143.0,59.0,2026-08-27 06:18:00,2026-08-27 18:53:00,True,Pune
25.4,75,27.0,0.2,0.2,51,17.7,0.242,2026-08-27 17:00:00,21,48,0.45,8.1,17.7,4.1,4.1,152.0,53.0,2026-08-27 06:18:00,2026-08-27 18:53:00,True,Pune
24.1,83,26.1,0.0,0.0,1,16.2,0.241,2026-08-27 18:00:00,18,46,0.05,8.2,16.0,7.6,5.3,160.0,45.0,2026-08-27 06:18:00,2026-08-27 18:53:00,True,Pune
23.3,86,25.6,0.0,0.0,2,13.6,0.241,2026-08-27 19:00:00,17,44,0.0,8.9,15.2,12.0,6.9,167.0,37.0,2026-08-27 06:18:00,2026-08-27 18:53:00,False,Pune
23.0,85,25.0,0.0,0.0,1,13.5,0.241,2026-08-27 20:00:00,16,43,0.0,9.9,15.0,14.9,8.1,170.0,31.0,2026-08-27 06:18:00,2026-08-27 18:53:00,False,Pune
22.7,87,24.8,0.0,0.0,1,13.2,0.241,2026-08-27 21:00:00,16,42,0.0,8.9,13.0,14.7,8.4,166.0,29.0,2026-08-27 06:18:00,2026-08-27 18:53:00,False,Pune
22.7,88,25.1,0.0,0.0,1,12.5,0.241,2026-08-27 22:00:00,16,41,0.0,7.2,10.3,13.0,8.3,157.0,30.0,2026-08-27 06:18:00,2026-08-27 18:53:00,False,Pune
22.8,88,25.0,0.0,0.0,3,13.4,0.236,2026-08-27 23:00:00,15,41,0.0,6.0,8.2,11.2,8.0,147.0,31.0,2026-08-27 06:18:00,2026-08-27 18:53:00,False,Pune
22.6,89,24.9,0.0,0.0,3,12.7,0.236,2026-08-28 00:00:00,15,41,0.0,4.8,6.5,9.8,7.6,135.0,32.0,2026-08-28 06:19:00,2026-08-28 18:52:00,False,Pune
22.5,90,24.9,0.1,0.1,51,12.1,0.237,2026-08-28 01:00:00,15,41,0.0,3.2,4.5,8.4,7.1,121.0,33.0,2026-08-28 06:19:00,2026-08-28 18:52:00,False,Pune
22.4,90,24.9,0.0,0.0,3,11.8,0.237,2026-08-28 02:00:00,15,40,0.0,2.5,3.3,7.3,6.7,110.0,34.0,2026-08-28 06:19:00,2026-08-28 18:52:00,False,Pune
22.3,90,24.3,0.0,0.0,3,14.7,0.237,2026-08-28 03:00:00,15,40,0.0,2.2,2.7,6.9,6.5,102.0,33.0,2026-08-28 06:19:00,2026-08-28 18:52:00,False,Pune
22.2,90,24.3,0.0,0.0,3,13.6,0.237,2026-08-28 04:00:00,15,40,0.0,1.8,2.1,6.8,6.3,97.0,32.0,2026-08-28 06:19:00,2026-08-28 18:52:00,False,Pune
22.6,90,24.7,0.0,0.0,3,14.6,0.237,2026-08-28 05:00:00,16,40,0.0,3.3,6.6,4.2,4.3,99.0,39.0,2026-08-28 06:19:00,2026-08-28 18:52:00,False,Pune
22.4,90,24.7,0.0,0.0,3,12.8,0.237,2026-08-28 06:00:00,16,40,0.05,3.3,7.3,4.5,4.5,114.0,40.0,2026-08-28 06:19:00,2026-08-28 18:52:00,False,Pune
23.0,87,25.0,0.0,0.0,3,15.9,0.237,2026-08-28 07:00:00,16,40,0.4,4.3,8.9,4.8,4.7,135.0,40.0,2026-08-28 06:19:00,2026-08-28 18:52:00,True,Pune
24.2,80,25.3,0.0,0.0,2,19.9,0.236,2026-08-28 08:00:00,17,40,1.75,6.5,16.2,4.8,4.8,148.0,43.0,2026-08-28 06:19:00,2026-08-28 18:52:00,True,Pune
25.3,75,26.4,0.0,0.0,1,19.9,0.234,2026-08-28 09:00:00,20,39,3.65,8.6,21.4,4.0,4.5,144.0,49.0,2026-08-28 06:19:00,2026-08-28 18:52:00,True,Pune
26.5,70,28.2,0.1,0.1,51,19.1,0.232,2026-08-28 10:00:00,22,39,5.6,8.8,20.9,2.9,4.1,131.0,56.0,2026-08-28 06:19:00,2026-08-28 18:52:00,True,Pune
26.9,67,28.9,0.2,0.2,51,20.4,0.234,2026-08-28 11:00:00,24,39,5.65,6.5,13.7,2.1,3.7,121.0,61.0,2026-08-28 06:19:00,2026-08-28 18:52:00,True,Pune
27.3,66,29.8,0.2,0.2,51,20.7,0.232,2026-08-28 12:00:00,25,37,5.75,4.1,8.2,1.7,3.5,118.0,63.0,2026-08-28 06:19:00,2026-08-28 18:52:00,True,Pune
26.8,69,28.9,0.3,0.3,51,22.7,0.231,2026-08-28 13:00:00,25,36,7.2,4.2,8.1,1.7,3.3,119.0,63.0,2026-08-28 06:19:00,2026-08-28 18:52:00,True,Pune
27.0,67,28.9,0.3,0.3,51,22.9,0.23,2026-08-28 14:00:00,24,34,4.35,4.6,9.3,2.0,3.3,123.0,61.0,2026-08-28 06:19:00,2026-08-28 18:52:00,True,Pune
26.3,72,28.1,0.7,0.7,53,22.9,0.235,2026-08-28 15:00:00,23,33,1.85,4.6,10.2,2.7,3.5,133.0,58.0,2026-08-28 06:19:00,2026-08-28 18:52:00,True,Pune
25.8,75,26.8,0.2,0.2,51,23.0,0.234,2026-08-28 16:00:00,22,32,1.5,5.0,10.6,3.9,3.8,145.0,54.0,2026-08-28 06:19:00,2026-08-28 18:52:00,True,Pune
25.0,78,26.5,0.2,0.2,51,18.6,0.221,2026-08-28 17:00:00,20,31,0.45,4.8,8.5,4.5,4.3,155.0,51.0,2026-08-28 06:19:00,2026-08-28 18:52:00,True,Pune
23.9,84,25.6,0.0,0.0,3,17.7,0.221,2026-08-28 18:00:00,18,31,0.0,5.8,10.6,6.8,5.1,159.0,46.0,2026-08-28 06:19:00,2026-08-28 18:52:00,True,Pune
23.2,86,25.1,0.0,0.0,3,15.3,0.22,2026-08-28 19:00:00,15,30,0.0,6.9,11.2,9.8,6.3,160.0,38.0,2026-08-28 06:19:00,2026-08-28 18:52:00,False,Pune
22.9,88,25.3,0.0,0.0,3,12.8,0.22,2026-08-28 20:00:00,13,30,0.0,7.9,12.6,11.8,7.1,158.0,33.0,2026-08-28 06:19:00,2026-08-28 18:52:00,False,Pune
23.1,87,25.6,0.0,0.0,3,12.8,0.22,2026-08-28 21:00:00,12,29,0.0,8.3,12.8,11.7,7.2,151.0,31.0,2026-08-28 06:19:00,2026-08-28 18:52:00,False,Pune
23.0,89,25.4,0.0,0.0,3,13.7,0.22,2026-08-28 22:00:00,12,29,0.0,6.9,10.4,10.6,6.9,140.0,31.0,2026-08-28 06:19:00,2026-08-28 18:52:00,False,Pune
23.0,88,25.1,0.0,0.0,3,14.8,0.215,2026-08-28 23:00:00,12,29,0.0,5.0,7.1,9.4,6.6,129.0,31.0,2026-08-28 06:19:00,2026-08-28 18:52:00,False,Pune
22.8,90,25.1,0.0,0.0,3,14.4,0.215,2026-08-29 00:00:00,12,29,0.0,3.6,5.1,8.5,6.3,117.0,30.0,2026-08-29 06:19:00,2026-08-29 18:51:00,False,Pune
23.0,90,25.6,0.0,0.0,3,12.8,0.215,2026-08-29 01:00:00,12,28,0.0,2.7,3.7,7.7,5.9,104.0,30.0,2026-08-29 06:19:00,2026-08-29 18:51:00,False,Pune
23.0,89,25.0,0.0,0.0,3,16.0,0.216,2026-08-29 02:00:00,12,28,0.0,2.2,2.8,6.8,5.5,95.0,30.0,2026-08-29 06:19:00,2026-08-29 18:51:00,False,Pune
22.9,89,24.7,0.1,0.1,51,17.1,0.216,2026-08-29 03:00:00,12,28,0.0,1.7,2.2,5.8,5.0,92.0,31.0,2026-08-29 06:19:00,2026-08-29 18:51:00,False,Pune
22.8,90,24.6,0.0,0.0,3,17.1,0.216,2026-08-29 04:00:00,13,28,0.0,1.6,2.2,4.8,4.4,92.0,33.0,2026-08-29 06:19:00,2026-08-29 18:51:00,False,Pune
22.5,91,24.1,0.1,0.1,51,18.4,0.231,2026-08-29 05:00:00,14,28,0.0,3.4,8.1,4.2,3.9,98.0,36.0,2026-08-29 06:19:00,2026-08-29 18:51:00,False,Pune
22.3,92,24.2,0.0,0.0,3,16.4,0.231,2026-08-29 06:00:00,14,28,0.05,3.0,5.8,4.7,4.1,113.0,36.0,2026-08-29 06:19:00,2026-08-29 18:51:00,False,Pune
22.9,89,24.7,0.1,0.1,51,17.5,0.231,2026-08-29 07:00:00,14,28,0.35,3.1,5.5,5.4,4.4,132.0,36.0,2026-08-29 06:19:00,2026-08-29 18:51:00,True,Pune
23.8,84,25.2,0.1,0.1,51,20.1,0.231,2026-08-29 08:00:00,15,28,1.65,3.8,6.3,5.5,4.5,144.0,38.0,2026-08-29 06:19:00,2026-08-29 18:51:00,True,Pune
25.4,76,26.5,0.0,0.0,2,22.0,0.23,2026-08-29 09:00:00,18,27,3.8,5.1,9.5,4.6,4.3,139.0,44.0,2026-08-29 06:19:00,2026-08-29 18:51:00,True,Pune
25.8,75,27.4,0.3,0.3,51,22.7,0.231,2026-08-29 10:00:00,21,26,4.8,5.5,10.2,3.2,3.9,126.0,52.0,2026-08-29 06:19:00,2026-08-29 18:51:00,True,Pune
26.5,70,28.2,0.8,0.8,53,22.4,0.233,2026-08-29 11:00:00,23,26,6.0,5.2,9.8,2.1,3.5,117.0,58.0,2026-08-29 06:19:00,2026-08-29 18:51:00,True,Pune
26.4,71,28.8,1.1,1.1,55,22.5,0.241,2026-08-29 12:00:00,24,25,6.75,5.2,9.9,1.7,3.2,118.0,59.0,2026-08-29 06:19:00,2026-08-29 18:51:00,True,Pune
26.4,72,28.5,0.9,0.9,53,23.3,0.247,2026-08-29 13:00:00,23,25,6.7,4.7,8.7,1.6,3.0,123.0,58.0,2026-08-29 06:19:00,2026-08-29 18:51:00,True,Pune
26.1,74,28.3,0.4,0.4,51,22.5,0.247,2026-08-29 14:00:00,22,26,3.5,3.8,7.4,1.9,3.0,129.0,56.0,2026-08-29 06:19:00,2026-08-29 18:51:00,True,Pune
25.7,76,27.1,0.5,0.5,53,24.5,0.249,2026-08-29 15:00:00,22,25,2.4,4.2,9.0,2.6,3.3,136.0,54.0,2026-08-29 06:19:00,2026-08-29 18:51:00,True,Pune
25.2,78,25.9,0.3,0.3,51,24.7,0.249,2026-08-29 16:00:00,20,25,1.45,4.9,10.2,3.6,3.8,143.0,51.0,2026-08-29 06:19:00,2026-08-29 18:51:00,True,Pune
24.4,82,25.8,0.2,0.2,51,20.7,0.232,2026-08-29 17:00:00,20,25,0.35,8.7,17.5,5.3,4.7,149.0,50.0,2026-08-29 06:19:00,2026-08-29 18:51:00,True,Pune
23.4,85,25.0,0.1,0.1,51,17.9,0.232,2026-08-29 18:00:00,18,26,0.0,7.8,13.8,6.9,5.2,152.0,45.0,2026-08-29 06:19:00,2026-08-29 18:51:00,True,Pune
23.0,87,25.0,0.0,0.0,3,15.4,0.232,2026-08-29 19:00:00,15,27,0.0,7.3,11.4,9.0,5.9,153.0,38.0,2026-08-29 06:19:00,2026-08-29 18:51:00,False,Pune
23.1,87,25.0,0.0,0.0,3,16.6,0.232,2026-08-29 20:00:00,13,27,0.0,5.8,8.8,10.2,6.3,151.0,33.0,2026-08-29 06:19:00,2026-08-29 18:51:00,False,Pune
22.5,89,24.0,0.0,0.0,2,18.4,0.232,2026-08-29 21:00:00,13,26,0.0,5.1,7.0,9.5,6.0,144.0,32.0,2026-08-29 06:19:00,2026-08-29 18:51:00,False,Pune
22.3,90,24.0,0.0,0.0,3,16.8,0.232,2026-08-29 22:00:00,13,26,0.0,4.2,6.0,7.7,5.3,134.0,33.0,2026-08-29 06:19:00,2026-08-29 18:51:00,False,Pune
22.4,90,24.1,0.0,0.0,3,17.2,0.23,2026-08-29 23:00:00,14,25,0.0,3.7,6.2,6.3,4.7,124.0,34.0,2026-08-29 06:19:00,2026-08-29 18:51:00,False,Pune
22.4,89,24.0,0.0,0.0,3,17.3,0.23,2026-08-30 00:00:00,14,25,0.0,3.4,5.7,5.6,4.4,112.0,34.0,2026-08-30 06:19:00,2026-08-30 18:50:00,False,Pune
22.0,90,23.5,0.0,0.0,3,17.5,0.23,2026-08-30 01:00:00,14,25,0.0,3.0,4.9,5.2,4.2,100.0,34.0,2026-08-30 06:19:00,2026-08-30 18:50:00,False,Pune
21.9,88,23.1,0.0,0.0,2,17.9,0.23,2026-08-30 02:00:00,14,25,0.0,3.3,5.6,4.8,4.0,92.0,34.0,2026-08-30 06:19:00,2026-08-30 18:50:00,False,Pune
21.8,90,23.1,0.0,0.0,3,17.9,0.23,2026-08-30 03:00:00,14,25,0.0,3.3,5.6,4.5,3.9,89.0,34.0,2026-08-30 06:19:00,2026-08-30 18:50:00,False,Pune
22.0,91,23.6,0.0,0.0,3,17.1,0.23,2026-08-30 04:00:00,14,25,0.0,2.6,4.2,4.3,3.8,90.0,34.0,2026-08-30 06:19:00,2026-08-30 18:50:00,False,Pune
22.2,90,23.4,0.0,0.0,2,19.5,0.24,2026-08-30 05:00:00,14,25,0.0,2.6,5.2,3.6,3.3,94.0,36.0,2026-08-30 06:19:00,2026-08-30 18:50:00,False,Pune
21.9,91,23.5,0.0,0.0,3,16.8,0.24,2026-08-30 06:00:00,14,25,0.05,2.8,4.9,3.7,3.6,103.0,36.0,2026-08-30 06:19:00,2026-08-30 18:50:00,False,Pune
22.6,89,24.1,0.0,0.0,2,18.5,0.24,2026-08-30 07:00:00,15,25,0.45,3.0,4.8,3.8,4.0,114.0,37.0,2026-08-30 06:19:00,2026-08-30 18:50:00,True,Pune
23.5,84,24.7,0.0,0.0,1,20.4,0.239,2026-08-30 08:00:00,16,25,1.8,3.6,6.3,3.6,4.2,121.0,40.0,2026-08-30 06:19:00,2026-08-30 18:50:00,True,Pune
25.4,73,26.4,0.0,0.0,1,20.2,0.237,2026-08-30 09:00:00,18,25,4.35,4.9,9.0,3.0,4.1,119.0,46.0,2026-08-30 06:19:00,2026-08-30 18:50:00,True,Pune
26.6,68,28.1,0.0,0.0,1,21.1,0.234,2026-08-30 10:00:00,22,25,6.55,5.8,11.6,2.1,3.8,111.0,54.0,2026-08-30 06:19:00,2026-08-30 18:50:00,True,Pune
27.0,66,29.2,0.0,0.0,1,19.8,0.23,2026-08-30 11:00:00,24,25,8.05,6.1,12.3,1.5,3.5,106.0,60.0,2026-08-30 06:19:00,2026-08-30 18:50:00,True,Pune
27.7,63,29.7,0.0,0.0,1,23.4,0.226,2026-08-30 12:00:00,25,25,8.55,5.8,11.8,1.3,3.4,105.0,62.0,2026-08-30 06:19:00,2026-08-30 18:50:00,True,Pune
28.0,62,29.9,0.0,0.0,1,24.2,0.221,2026-08-30 13:00:00,25,26,7.25,5.5,10.6,1.4,3.3,105.0,62.0,2026-08-30 06:19:00,2026-08-30 18:50:00,True,Pune
28.0,61,29.4,0.0,0.0,2,23.9,0.217,2026-08-30 14:00:00,24,26,6.05,5.0,8.7,1.7,3.3,106.0,61.0,2026-08-30 06:19:00,2026-08-30 18:50:00,True,Pune
27.0,67,28.2,0.1,0.1,51,21.6,0.214,2026-08-30 15:00:00,24,26,4.1,5.1,8.7,2.1,3.3,107.0,59.0,2026-08-30 06:19:00,2026-08-30 18:50:00,True,Pune
26.3,71,27.7,0.0,0.0,0,19.1,0.212,2026-08-30 16:00:00,22,26,1.7,5.4,9.3,2.6,3.5,109.0,56.0,2026-08-30 06:19:00,2026-08-30 18:50:00,True,Pune
25.8,73,27.6,0.0,0.0,0,16.3,0.211,2026-08-30 17:00:00,22,27,0.45,8.1,16.5,2.8,3.5,114.0,55.0,2026-08-30 06:19:00,2026-08-30 18:50:00,True,Pune
24.6,78,26.5,0.0,0.0,0,15.2,0.21,2026-08-30 18:00:00,20,27,0.0,7.5,13.7,4.5,4.3,125.0,49.0,2026-08-30 06:19:00,2026-08-30 18:50:00,True,Pune
23.7,82,25.9,0.0,0.0,1,13.1,0.209,2026-08-30 19:00:00,16,27,0.0,7.3,11.8,6.8,5.4,139.0,41.0,2026-08-30 06:19:00,2026-08-30 18:50:00,False,Pune
23.3,87,26.0,0.0,0.0,3,11.6,0.209,2026-08-30 20:00:00,14,26,0.0,7.0,10.4,8.4,6.2,146.0,35.0,2026-08-30 06:19:00,2026-08-30 18:50:00,False,Pune
23.5,87,26.3,0.0,0.0,3,11.9,0.209,2026-08-30 21:00:00,13,26,0.0,6.5,9.1,8.7,6.6,141.0,33.0,2026-08-30 06:19:00,2026-08-30 18:50:00,False,Pune
23.4,87,25.9,0.0,0.0,3,13.3,0.21,2026-08-30 22:00:00,13,27,0.0,5.6,7.7,8.3,6.7,129.0,32.0,2026-08-30 06:19:00,2026-08-30 18:50:00,False,Pune
22.8,89,25.1,0.0,0.0,3,13.8,0.205,2026-08-30 23:00:00,13,27,0.0,4.9,6.8,7.7,6.6,118.0,32.0,2026-08-30 06:19:00,2026-08-30 18:50:00,False,Pune
27.2,83,31.7,0.0,0.0,3,11.7,0.299,2026-08-25 00:00:00,60,80,0.0,28.5,51.8,25.5,39.3,337.0,20.0,2026-08-25 06:20:00,2026-08-25 19:01:00,False,Surat
27.0,81,31.0,0.1,0.1,51,12.2,0.299,2026-08-25 01:00:00,60,81,0.0,28.2,49.8,25.7,40.1,325.0,19.0,2026-08-25 06:20:00,2026-08-25 19:01:00,False,Surat
26.8,83,31.3,0.0,0.0,3,9.8,0.299,2026-08-25 02:00:00,61,82,0.0,27.9,49.1,26.5,41.9,327.0,17.0,2026-08-25 06:20:00,2026-08-25 19:01:00,False,Surat
26.8,85,31.7,0.0,0.0,3,8.4,0.298,2026-08-25 03:00:00,61,83,0.0,27.9,49.0,28.5,44.6,357.0,14.0,2026-08-25 06:20:00,2026-08-25 19:01:00,False,Surat
26.8,85,31.9,0.0,0.0,3,7.4,0.298,2026-08-25 04:00:00,62,84,0.0,27.6,47.0,31.0,48.3,400.0,11.0,2026-08-25 06:20:00,2026-08-25 19:01:00,False,Surat
26.5,87,31.4,0.0,0.0,3,9.4,0.303,2026-08-25 05:00:00,62,84,0.0,28.7,47.4,31.4,51.7,427.0,9.0,2026-08-25 06:20:00,2026-08-25 19:01:00,False,Surat
26.7,86,31.7,0.0,0.0,1,7.5,0.303,2026-08-25 06:00:00,62,85,0.05,29.9,48.4,28.8,57.4,416.0,12.0,2026-08-25 06:20:00,2026-08-25 19:01:00,False,Surat
27.3,83,32.2,0.0,0.0,1,8.5,0.303,2026-08-25 07:00:00,62,85,0.4,33.1,52.6,25.1,65.1,389.0,16.0,2026-08-25 06:20:00,2026-08-25 19:01:00,True,Surat
28.1,78,32.7,0.1,0.1,51,9.7,0.302,2026-08-25 08:00:00,62,86,1.5,34.0,62.2,22.2,70.5,378.0,22.0,2026-08-25 06:20:00,2026-08-25 19:01:00,True,Surat
28.9,74,33.5,0.1,0.1,51,9.3,0.301,2026-08-25 09:00:00,62,86,3.1,35.9,69.6,20.9,71.6,406.0,29.0,2026-08-25 06:20:00,2026-08-25 19:01:00,True,Surat
29.7,70,34.6,0.1,0.1,51,8.3,0.298,2026-08-25 10:00:00,63,86,4.85,38.3,82.7,20.3,70.2,450.0,38.0,2026-08-25 06:20:00,2026-08-25 19:01:00,True,Surat
30.4,67,35.8,0.1,0.1,51,10.4,0.297,2026-08-25 11:00:00,63,87,6.2,41.0,91.7,19.7,67.6,478.0,45.0,2026-08-25 06:20:00,2026-08-25 19:01:00,True,Surat
30.5,68,36.7,0.1,0.1,51,11.9,0.292,2026-08-25 12:00:00,63,88,6.6,42.4,100.6,18.5,63.4,475.0,50.0,2026-08-25 06:20:00,2026-08-25 19:01:00,True,Surat
30.7,67,36.9,0.0,0.0,1,11.0,0.286,2026-08-25 13:00:00,64,89,6.85,42.4,101.5,17.2,57.9,456.0,54.0,2026-08-25 06:20:00,2026-08-25 19:01:00,True,Surat
30.8,67,36.7,0.0,0.0,1,12.0,0.281,2026-08-25 14:00:00,64,90,5.45,40.2,90.1,16.7,53.1,430.0,55.0,2026-08-25 06:20:00,2026-08-25 19:01:00,True,Surat
30.3,69,35.3,0.1,0.1,51,13.2,0.277,2026-08-25 15:00:00,65,92,3.35,35.9,74.5,17.5,49.7,393.0,51.0,2026-08-25 06:20:00,2026-08-25 19:01:00,True,Surat
29.7,72,33.6,0.3,0.3,51,14.6,0.277,2026-08-25 16:00:00,65,93,1.6,30.2,59.1,19.1,47.0,350.0,44.0,2026-08-25 06:20:00,2026-08-25 19:01:00,True,Surat
29.6,75,33.8,0.1,0.1,51,15.0,0.266,2026-08-25 17:00:00,66,93,0.4,33.5,65.4,20.7,41.0,320.0,42.0,2026-08-25 06:20:00,2026-08-25 19:01:00,True,Surat
28.7,80,33.2,0.1,0.1,51,14.5,0.266,2026-08-25 18:00:00,66,94,0.05,27.1,45.8,22.9,41.3,317.0,38.0,2026-08-25 06:20:00,2026-08-25 19:01:00,True,Surat
28.2,84,33.0,0.0,0.0,2,13.7,0.265,2026-08-25 19:00:00,66,94,0.0,25.3,41.2,26.0,41.8,327.0,32.0,2026-08-25 06:20:00,2026-08-25 19:01:00,True,Surat
28.1,84,32.8,0.0,0.0,3,14.2,0.265,2026-08-25 20:00:00,66,94,0.0,25.4,42.1,27.8,41.7,332.0,27.0,2026-08-25 06:20:00,2026-08-25 19:01:00,False,Surat
28.2,83,32.8,0.0,0.0,3,14.3,0.264,2026-08-25 21:00:00,66,93,0.0,25.8,44.1,27.3,40.8,322.0,25.0,2026-08-25 06:20:00,2026-08-25 19:01:00,False,Surat
28.1,85,32.7,0.0,0.0,3,15.1,0.264,2026-08-25 22:00:00,66,93,0.0,25.8,44.2,25.5,39.4,307.0,25.0,2026-08-25 06:20:00,2026-08-25 19:01:00,False,Surat
28.1,82,32.3,0.0,0.0,3,15.6,0.254,2026-08-25 23:00:00,65,93,0.0,25.0,42.0,23.9,38.0,299.0,25.0,2026-08-25 06:20:00,2026-08-25 19:01:00,False,Surat
27.7,83,32.1,0.0,0.0,3,13.4,0.254,2026-08-26 00:00:00,65,93,0.0,23.3,39.8,22.6,36.5,303.0,24.0,2026-08-26 06:20:00,2026-08-26 19:00:00,False,Surat
27.4,84,32.0,0.0,0.0,3,12.2,0.254,2026-08-26 01:00:00,65,92,0.0,21.8,38.9,21.3,35.1,315.0,24.0,2026-08-26 06:20:00,2026-08-26 19:00:00,False,Surat
27.1,85,31.7,0.0,0.0,2,11.7,0.254,2026-08-26 02:00:00,65,92,0.0,20.8,38.3,20.8,34.8,326.0,23.0,2026-08-26 06:20:00,2026-08-26 19:00:00,False,Surat
26.8,87,31.4,0.0,0.0,3,12.0,0.253,2026-08-26 03:00:00,65,91,0.0,20.7,38.2,21.8,36.1,336.0,21.0,2026-08-26 06:20:00,2026-08-26 19:00:00,False,Surat
26.6,88,31.3,0.0,0.0,3,10.5,0.253,2026-08-26 04:00:00,64,91,0.0,20.5,38.3,23.5,38.4,347.0,19.0,2026-08-26 06:20:00,2026-08-26 19:00:00,False,Surat
26.6,88,31.2,0.0,0.0,2,11.8,0.258,2026-08-26 05:00:00,64,90,0.0,22.1,40.5,24.9,43.1,355.0,18.0,2026-08-26 06:20:00,2026-08-26 19:00:00,False,Surat
26.3,89,31.0,0.1,0.1,51,11.4,0.259,2026-08-26 06:00:00,64,90,0.05,24.3,42.6,23.5,48.9,358.0,19.0,2026-08-26 06:20:00,2026-08-26 19:00:00,False,Surat
27.1,86,32.0,0.0,0.0,1,9.7,0.26,2026-08-26 07:00:00,64,89,0.4,27.5,48.1,21.5,56.7,360.0,21.0,2026-08-26 06:20:00,2026-08-26 19:00:00,True,Surat
28.1,80,32.6,0.1,0.1,51,11.5,0.26,2026-08-26 08:00:00,64,89,1.55,29.2,55.4,19.6,61.4,363.0,25.0,2026-08-26 06:20:00,2026-08-26 19:00:00,True,Surat
29.0,75,33.5,0.1,0.1,51,11.1,0.259,2026-08-26 09:00:00,63,88,3.4,29.8,60.1,17.9,59.8,371.0,32.0,2026-08-26 06:20:00,2026-08-26 19:00:00,True,Surat
29.9,70,34.7,0.0,0.0,0,11.7,0.255,2026-08-26 10:00:00,63,88,5.55,31.0,66.6,16.2,55.1,382.0,41.0,2026-08-26 06:20:00,2026-08-26 19:00:00,True,Surat
30.7,64,35.8,0.0,0.0,0,13.0,0.251,2026-08-26 11:00:00,63,87,6.75,32.9,72.9,15.1,51.3,391.0,49.0,2026-08-26 06:20:00,2026-08-26 19:00:00,True,Surat
31.0,63,36.5,0.1,0.1,51,13.2,0.247,2026-08-26 12:00:00,63,87,7.2,34.0,73.8,14.8,50.0,402.0,54.0,2026-08-26 06:20:00,2026-08-26 19:00:00,True,Surat
30.9,63,36.3,0.2,0.2,51,14.0,0.244,2026-08-26 13:00:00,62,86,6.7,34.0,72.4,15.0,49.6,412.0,58.0,2026-08-26 06:20:00,2026-08-26 19:00:00,True,Surat
30.8,64,35.5,0.2,0.2,51,14.3,0.241,2026-08-26 14:00:00,62,85,4.8,33.8,68.0,15.7,49.2,411.0,59.0,2026-08-26 06:20:00,2026-08-26 19:00:00,True,Surat
30.2,66,34.3,0.4,0.4,51,15.2,0.242,2026-08-26 15:00:00,62,85,2.95,31.5,60.1,16.9,48.4,390.0,55.0,2026-08-26 06:20:00,2026-08-26 19:00:00,True,Surat
29.5,73,33.4,0.5,0.5,53,15.0,0.245,2026-08-26 16:00:00,62,85,1.55,28.0,51.1,18.6,47.6,357.0,47.0,2026-08-26 06:20:00,2026-08-26 19:00:00,True,Surat
29.5,76,33.9,0.1,0.1,51,14.5,0.242,2026-08-26 17:00:00,62,84,0.45,28.3,59.1,17.3,36.3,327.0,42.0,2026-08-26 06:20:00,2026-08-26 19:00:00,True,Surat
28.3,85,33.3,0.4,0.4,51,13.8,0.245,2026-08-26 18:00:00,62,84,0.05,27.6,51.2,20.9,39.3,304.0,37.0,2026-08-26 06:20:00,2026-08-26 19:00:00,True,Surat
27.9,86,32.8,0.0,0.0,3,13.7,0.244,2026-08-26 19:00:00,62,84,0.0,26.5,46.7,25.7,43.2,284.0,30.0,2026-08-26 06:20:00,2026-08-26 19:00:00,True,Surat
27.9,84,32.6,0.0,0.0,3,14.1,0.244,2026-08-26 20:00:00,62,84,0.0,25.6,45.2,28.5,45.1,268.0,25.0,2026-08-26 06:20:00,2026-08-26 19:00:00,False,Surat
27.8,85,32.5,0.0,0.0,3,14.1,0.244,2026-08-26 21:00:00,62,84,0.0,24.7,45.2,27.2,43.0,258.0,25.0,2026-08-26 06:20:00,2026-08-26 19:00:00,False,Surat
27.6,86,32.3,0.0,0.0,3,14.7,0.243,2026-08-26 22:00:00,62,84,0.0,24.6,46.7,23.9,38.8,254.0,27.0,2026-08-26 06:20:00,2026-08-26 19:00:00,False,Surat
27.6,83,31.7,0.0,0.0,3,16.1,0.238,2026-08-26 23:00:00,62,84,0.0,24.5,48.8,21.2,35.5,252.0,29.0,2026-08-26 06:20:00,2026-08-26 19:00:00,False,Surat
27.3,84,31.5,0.0,0.0,3,14.6,0.237,2026-08-27 00:00:00,62,84,0.0,23.8,48.3,19.9,34.0,253.0,29.0,2026-08-27 06:20:00,2026-08-27 18:59:00,False,Surat
27.1,85,31.4,0.0,0.0,3,13.8,0.237,2026-08-27 01:00:00,62,84,0.0,22.5,45.8,19.3,33.5,257.0,28.0,2026-08-27 06:20:00,2026-08-27 18:59:00,False,Surat
27.0,84,31.1,0.0,0.0,3,13.7,0.237,2026-08-27 02:00:00,62,84,0.0,20.7,40.6,19.5,34.1,266.0,27.0,2026-08-27 06:20:00,2026-08-27 18:59:00,False,Surat
26.7,85,30.8,0.1,0.1,51,13.6,0.238,2026-08-27 03:00:00,62,84,0.0,18.9,34.1,21.2,36.3,280.0,24.0,2026-08-27 06:20:00,2026-08-27 18:59:00,False,Surat
26.3,87,30.8,0.1,0.1,51,10.9,0.238,2026-08-27 04:00:00,62,84,0.0,17.8,29.6,23.7,39.7,298.0,21.0,2026-08-27 06:20:00,2026-08-27 18:59:00,False,Surat
26.1,87,30.5,0.1,0.1,51,10.3,0.24,2026-08-27 05:00:00,61,84,0.0,18.7,31.1,25.0,43.4,317.0,19.0,2026-08-27 06:20:00,2026-08-27 18:59:00,False,Surat
25.8,89,30.3,0.3,0.3,51,10.5,0.242,2026-08-27 06:00:00,61,83,0.05,20.3,32.8,24.7,50.1,339.0,19.0,2026-08-27 06:20:00,2026-08-27 18:59:00,False,Surat
26.4,87,30.9,0.1,0.1,51,10.7,0.243,2026-08-27 07:00:00,61,83,0.35,23.4,36.7,24.3,59.2,361.0,20.0,2026-08-27 06:20:00,2026-08-27 18:59:00,True,Surat
27.4,81,31.4,0.1,0.1,51,12.8,0.244,2026-08-27 08:00:00,61,83,1.1,25.0,42.5,23.5,64.3,370.0,22.0,2026-08-27 06:20:00,2026-08-27 18:59:00,True,Surat
28.0,76,31.9,0.2,0.2,51,12.6,0.245,2026-08-27 09:00:00,61,82,1.85,23.7,42.7,22.1,61.8,353.0,25.0,2026-08-27 06:20:00,2026-08-27 18:59:00,True,Surat
28.6,73,32.6,0.1,0.1,51,11.4,0.244,2026-08-27 10:00:00,61,82,2.65,22.8,44.0,20.4,55.5,324.0,30.0,2026-08-27 06:20:00,2026-08-27 18:59:00,True,Surat
29.5,69,33.1,0.1,0.1,51,13.6,0.244,2026-08-27 11:00:00,60,81,3.3,22.7,46.0,19.0,49.8,310.0,34.0,2026-08-27 06:20:00,2026-08-27 18:59:00,True,Surat
29.8,68,33.5,0.1,0.1,51,13.9,0.242,2026-08-27 12:00:00,60,80,3.9,24.5,47.1,18.0,46.2,331.0,39.0,2026-08-27 06:20:00,2026-08-27 18:59:00,True,Surat
30.2,67,34.6,0.1,0.1,51,14.6,0.24,2026-08-27 13:00:00,59,80,3.8,24.4,47.5,17.3,43.4,369.0,45.0,2026-08-27 06:20:00,2026-08-27 18:59:00,True,Surat
30.7,65,35.4,0.1,0.1,51,15.6,0.236,2026-08-27 14:00:00,57,79,2.9,25.2,48.3,17.2,41.8,391.0,48.0,2026-08-27 06:20:00,2026-08-27 18:59:00,True,Surat
30.5,65,34.8,0.1,0.1,51,14.5,0.234,2026-08-27 15:00:00,56,78,2.45,26.8,50.3,17.8,42.5,384.0,47.0,2026-08-27 06:20:00,2026-08-27 18:59:00,True,Surat
29.6,70,33.3,0.4,0.4,51,14.3,0.235,2026-08-27 16:00:00,55,78,1.45,26.9,47.7,18.9,44.5,362.0,43.0,2026-08-27 06:20:00,2026-08-27 18:59:00,True,Surat
29.4,74,33.3,0.1,0.1,51,15.9,0.218,2026-08-27 17:00:00,55,78,0.5,23.6,39.3,20.2,45.5,340.0,39.0,2026-08-27 06:20:00,2026-08-27 18:59:00,True,Surat
28.4,82,33.0,0.1,0.1,51,14.2,0.218,2026-08-27 18:00:00,54,77,0.05,21.1,32.7,21.9,44.4,320.0,35.0,2026-08-27 06:20:00,2026-08-27 18:59:00,True,Surat
27.8,85,32.6,0.0,0.0,3,13.2,0.218,2026-08-27 19:00:00,53,77,0.0,19.9,30.2,23.8,42.2,299.0,32.0,2026-08-27 06:20:00,2026-08-27 18:59:00,False,Surat
27.9,84,32.6,0.0,0.0,3,13.8,0.217,2026-08-27 20:00:00,52,76,0.0,18.9,29.2,24.5,39.7,286.0,29.0,2026-08-27 06:20:00,2026-08-27 18:59:00,False,Surat
27.9,86,32.6,0.0,0.0,3,14.4,0.217,2026-08-27 21:00:00,51,76,0.0,17.3,26.5,23.1,36.8,289.0,28.0,2026-08-27 06:20:00,2026-08-27 18:59:00,False,Surat
27.9,86,32.7,0.0,0.0,3,14.3,0.217,2026-08-27 22:00:00,50,75,0.0,15.7,23.4,20.5,33.7,300.0,29.0,2026-08-27 06:20:00,2026-08-27 18:59:00,False,Surat
27.6,83,31.8,0.0,0.0,3,14.9,0.199,2026-08-27 23:00:00,48,75,0.0,14.0,20.7,18.6,31.6,303.0,29.0,2026-08-27 06:20:00,2026-08-27 18:59:00,False,Surat
27.4,83,31.4,0.0,0.0,3,14.5,0.199,2026-08-28 00:00:00,46,74,0.0,13.0,18.7,18.0,31.2,287.0,28.0,2026-08-28 06:21:00,2026-08-28 18:58:00,False,Surat
27.0,84,31.0,0.0,0.0,3,13.8,0.199,2026-08-28 01:00:00,45,73,0.0,12.6,18.1,18.2,31.8,264.0,27.0,2026-08-28 06:21:00,2026-08-28 18:58:00,False,Surat
27.0,83,31.0,0.0,0.0,3,13.2,0.199,2026-08-28 02:00:00,43,72,0.0,12.9,18.4,18.7,33.1,252.0,26.0,2026-08-28 06:21:00,2026-08-28 18:58:00,False,Surat
26.7,84,30.9,0.0,0.0,2,12.3,0.2,2026-08-28 03:00:00,42,72,0.0,13.1,19.0,20.1,35.1,262.0,24.0,2026-08-28 06:21:00,2026-08-28 18:58:00,False,Surat
26.5,85,30.9,0.0,0.0,2,11.2,0.2,2026-08-28 04:00:00,41,71,0.0,13.6,19.8,21.9,37.7,283.0,22.0,2026-08-28 06:21:00,2026-08-28 18:58:00,False,Surat
26.7,86,31.1,0.0,0.0,2,12.0,0.211,2026-08-28 05:00:00,40,71,0.0,17.9,25.8,26.6,46.4,304.0,16.0,2026-08-28 06:21:00,2026-08-28 18:58:00,False,Surat
26.5,87,31.3,0.0,0.0,2,9.8,0.212,2026-08-28 06:00:00,40,71,0.05,19.5,28.3,24.5,49.5,325.0,18.0,2026-08-28 06:21:00,2026-08-28 18:58:00,False,Surat
27.2,83,31.7,0.0,0.0,2,11.3,0.212,2026-08-28 07:00:00,40,71,0.45,22.2,32.2,21.5,53.7,347.0,22.0,2026-08-28 06:21:00,2026-08-28 18:58:00,True,Surat
28.1,78,32.2,0.2,0.2,51,13.9,0.212,2026-08-28 08:00:00,40,71,1.65,24.6,44.9,18.8,55.7,360.0,26.0,2026-08-28 06:21:00,2026-08-28 18:58:00,True,Surat
29.0,72,32.7,0.0,0.0,1,14.6,0.211,2026-08-28 09:00:00,40,71,3.35,21.6,37.5,16.7,53.4,359.0,32.0,2026-08-28 06:21:00,2026-08-28 18:58:00,True,Surat
29.9,69,34.2,0.0,0.0,1,14.7,0.209,2026-08-28 10:00:00,40,70,5.15,21.5,37.6,14.9,49.0,349.0,39.0,2026-08-28 06:21:00,2026-08-28 18:58:00,True,Surat
30.6,65,35.4,0.0,0.0,2,15.3,0.206,2026-08-28 11:00:00,39,70,6.8,21.7,37.4,13.7,45.4,340.0,44.0,2026-08-28 06:21:00,2026-08-28 18:58:00,True,Surat
30.9,64,36.1,0.0,0.0,1,15.5,0.203,2026-08-28 12:00:00,39,70,6.7,22.0,36.1,13.2,44.0,332.0,48.0,2026-08-28 06:21:00,2026-08-28 18:58:00,True,Surat
30.9,63,35.9,0.2,0.2,51,15.5,0.201,2026-08-28 13:00:00,39,70,6.15,21.1,32.9,13.2,43.5,325.0,51.0,2026-08-28 06:21:00,2026-08-28 18:58:00,True,Surat
30.2,67,34.5,0.6,0.6,53,17.8,0.205,2026-08-28 14:00:00,39,70,5.45,20.3,29.6,13.8,43.2,321.0,51.0,2026-08-28 06:21:00,2026-08-28 18:58:00,True,Surat
30.1,72,34.3,0.7,0.7,53,18.8,0.21,2026-08-28 15:00:00,38,69,3.45,19.0,27.0,15.2,43.0,325.0,47.0,2026-08-28 06:21:00,2026-08-28 18:58:00,True,Surat
29.9,74,33.8,0.1,0.1,51,18.2,0.208,2026-08-28 16:00:00,38,69,1.75,18.2,26.1,17.2,43.0,333.0,40.0,2026-08-28 06:21:00,2026-08-28 18:58:00,True,Surat
29.3,77,33.1,0.0,0.0,0,19.2,0.21,2026-08-28 17:00:00,37,68,0.55,19.8,30.9,16.1,35.9,335.0,38.0,2026-08-28 06:21:00,2026-08-28 18:58:00,True,Surat
28.5,82,32.5,0.0,0.0,1,18.5,0.209,2026-08-28 18:00:00,37,68,0.05,19.8,28.9,18.0,35.9,326.0,35.0,2026-08-28 06:21:00,2026-08-28 18:58:00,True,Surat
28.1,83,32.2,0.0,0.0,0,16.9,0.208,2026-08-28 19:00:00,37,68,0.0,17.5,24.4,20.6,35.8,311.0,31.0,2026-08-28 06:21:00,2026-08-28 18:58:00,False,Surat
27.9,85,32.2,0.0,0.0,0,16.6,0.208,2026-08-28 20:00:00,36,67,0.0,17.2,24.0,22.1,35.3,297.0,28.0,2026-08-28 06:21:00,2026-08-28 18:58:00,False,Surat
27.8,85,32.2,0.0,0.0,2,16.6,0.208,2026-08-28 21:00:00,36,67,0.0,16.8,23.6,21.6,34.1,287.0,26.0,2026-08-28 06:21:00,2026-08-28 18:58:00,False,Surat
27.7,85,31.9,0.0,0.0,1,16.5,0.208,2026-08-28 22:00:00,36,67,0.0,16.2,23.0,20.1,32.6,279.0,26.0,2026-08-28 06:21:00,2026-08-28 18:58:00,False,Surat
27.5,83,31.2,0.0,0.0,0,17.6,0.201,2026-08-28 23:00:00,36,67,0.0,15.5,22.1,18.8,31.3,270.0,25.0,2026-08-28 06:21:00,2026-08-28 18:58:00,False,Surat
27.2,84,31.1,0.0,0.0,0,15.6,0.201,2026-08-29 00:00:00,36,67,0.0,14.4,21.0,17.9,30.3,256.0,25.0,2026-08-29 06:21:00,2026-08-29 18:57:00,False,Surat
26.9,84,31.0,0.0,0.0,1,14.2,0.201,2026-08-29 01:00:00,37,68,0.0,13.8,20.6,17.1,29.5,243.0,24.0,2026-08-29 06:21:00,2026-08-29 18:57:00,False,Surat
26.6,85,30.6,0.0,0.0,1,13.8,0.201,2026-08-29 02:00:00,37,68,0.0,13.6,20.5,16.8,29.5,241.0,24.0,2026-08-29 06:21:00,2026-08-29 18:57:00,False,Surat
26.5,86,30.5,0.0,0.0,2,13.8,0.201,2026-08-29 03:00:00,37,68,0.0,13.6,20.3,17.7,30.8,264.0,23.0,2026-08-29 06:21:00,2026-08-29 18:57:00,False,Surat
26.5,86,30.6,0.0,0.0,2,13.0,0.201,2026-08-29 04:00:00,37,68,0.0,13.6,20.5,19.1,32.9,299.0,21.0,2026-08-29 06:21:00,2026-08-29 18:57:00,False,Surat
26.2,90,30.6,0.0,0.0,3,13.9,0.212,2026-08-29 05:00:00,37,68,0.0,14.6,21.0,21.6,38.4,322.0,19.0,2026-08-29 06:21:00,2026-08-29 18:57:00,False,Surat
26.1,90,30.3,0.2,0.2,51,14.3,0.214,2026-08-29 06:00:00,37,67,0.05,14.8,21.8,19.7,39.3,318.0,21.0,2026-08-29 06:21:00,2026-08-29 18:57:00,False,Surat
26.6,87,30.5,0.3,0.3,51,15.3,0.218,2026-08-29 07:00:00,36,67,0.5,16.5,23.6,17.0,40.5,302.0,23.0,2026-08-29 06:21:00,2026-08-29 18:57:00,True,Surat
28.1,78,31.7,0.1,0.1,51,16.6,0.218,2026-08-29 08:00:00,36,67,1.65,16.5,25.6,14.7,41.0,295.0,27.0,2026-08-29 06:21:00,2026-08-29 18:57:00,True,Surat
28.8,74,32.4,0.0,0.0,3,15.5,0.216,2026-08-29 09:00:00,35,66,3.55,16.1,26.0,13.3,40.4,311.0,32.0,2026-08-29 06:21:00,2026-08-29 18:57:00,True,Surat
29.8,69,33.5,0.0,0.0,1,14.3,0.214,2026-08-29 10:00:00,35,66,4.9,16.8,27.6,12.4,39.1,335.0,38.0,2026-08-29 06:21:00,2026-08-29 18:57:00,True,Surat
30.7,65,35.1,0.0,0.0,0,16.9,0.212,2026-08-29 11:00:00,34,65,6.3,17.2,27.8,11.6,37.3,347.0,43.0,2026-08-29 06:21:00,2026-08-29 18:57:00,True,Surat
30.9,64,35.5,0.0,0.0,2,17.0,0.208,2026-08-29 12:00:00,34,65,6.5,16.6,27.4,10.6,34.5,334.0,48.0,2026-08-29 06:21:00,2026-08-29 18:57:00,True,Surat
30.6,66,35.1,0.1,0.1,51,18.0,0.206,2026-08-29 13:00:00,33,64,4.85,16.8,27.2,9.7,31.3,308.0,51.0,2026-08-29 06:21:00,2026-08-29 18:57:00,True,Surat
30.0,71,34.2,0.7,0.7,53,19.2,0.211,2026-08-29 14:00:00,33,64,5.15,17.9,28.6,9.7,29.6,289.0,52.0,2026-08-29 06:21:00,2026-08-29 18:57:00,True,Surat
30.4,69,33.7,0.3,0.3,51,20.5,0.212,2026-08-29 15:00:00,33,64,3.3,18.5,28.7,11.3,31.1,285.0,47.0,2026-08-29 06:21:00,2026-08-29 18:57:00,True,Surat
29.7,74,33.0,0.0,0.0,2,20.9,0.21,2026-08-29 16:00:00,33,64,1.6,18.0,26.6,13.9,34.1,288.0,40.0,2026-08-29 06:21:00,2026-08-29 18:57:00,True,Surat
28.9,79,32.5,0.0,0.0,2,20.6,0.2,2026-08-29 17:00:00,33,64,0.45,26.7,46.4,16.5,34.2,288.0,37.0,2026-08-29 06:21:00,2026-08-29 18:57:00,True,Surat
28.3,81,31.8,0.0,0.0,3,20.6,0.199,2026-08-29 18:00:00,33,64,0.05,25.3,40.2,17.1,32.7,281.0,35.0,2026-08-29 06:21:00,2026-08-29 18:57:00,True,Surat
28.1,78,31.2,0.0,0.0,3,20.0,0.199,2026-08-29 19:00:00,34,65,0.0,23.3,36.4,18.0,30.7,270.0,33.0,2026-08-29 06:21:00,2026-08-29 18:57:00,False,Surat
27.9,82,31.5,0.0,0.0,3,18.6,0.199,2026-08-29 20:00:00,34,65,0.0,20.7,31.8,18.3,28.9,261.0,31.0,2026-08-29 06:21:00,2026-08-29 18:57:00,False,Surat
27.9,81,31.5,0.0,0.0,1,17.9,0.198,2026-08-29 21:00:00,34,66,0.0,18.7,28.5,17.7,27.7,255.0,29.0,2026-08-29 06:21:00,2026-08-29 18:57:00,False,Surat
27.7,82,31.5,0.0,0.0,2,16.8,0.198,2026-08-29 22:00:00,35,66,0.0,17.2,26.1,16.6,26.7,251.0,28.0,2026-08-29 06:21:00,2026-08-29 18:57:00,False,Surat
27.7,81,31.1,0.0,0.0,2,18.5,0.19,2026-08-29 23:00:00,35,66,0.0,13.6,19.9,15.7,26.0,245.0,27.0,2026-08-29 06:21:00,2026-08-29 18:57:00,False,Surat
27.3,82,30.9,0.0,0.0,3,17.2,0.19,2026-08-30 00:00:00,35,66,0.0,11.6,16.7,15.0,25.2,234.0,26.0,2026-08-30 06:21:00,2026-08-30 18:56:00,False,Surat
27.1,83,30.7,0.0,0.0,3,16.7,0.19,2026-08-30 01:00:00,34,65,0.0,10.4,14.8,14.4,24.7,221.0,26.0,2026-08-30 06:21:00,2026-08-30 18:56:00,False,Surat
26.9,84,30.6,0.0,0.0,3,15.3,0.19,2026-08-30 02:00:00,34,65,0.0,10.0,13.5,14.5,25.3,215.0,25.0,2026-08-30 06:21:00,2026-08-30 18:56:00,False,Surat
26.8,84,30.5,0.0,0.0,3,15.3,0.19,2026-08-30 03:00:00,34,65,0.0,10.1,13.2,16.1,27.8,222.0,23.0,2026-08-30 06:21:00,2026-08-30 18:56:00,False,Surat
26.9,83,30.6,0.0,0.0,3,15.5,0.19,2026-08-30 04:00:00,33,65,0.0,10.6,13.4,18.4,31.4,237.0,21.0,2026-08-30 06:21:00,2026-08-30 18:56:00,False,Surat
26.7,86,30.7,0.0,0.0,3,15.8,0.179,2026-08-30 05:00:00,33,64,0.0,10.3,13.0,18.0,31.9,249.0,23.0,2026-08-30 06:21:00,2026-08-30 18:56:00,False,Surat
26.6,87,30.5,0.1,0.1,51,15.8,0.181,2026-08-30 06:00:00,33,64,0.05,11.2,14.4,16.6,33.4,255.0,24.0,2026-08-30 06:21:00,2026-08-30 18:56:00,False,Surat
27.5,81,31.4,0.1,0.1,51,15.0,0.181,2026-08-30 07:00:00,33,64,0.45,12.9,16.6,14.6,35.4,260.0,26.0,2026-08-30 06:21:00,2026-08-30 18:56:00,True,Surat
28.4,77,31.9,0.2,0.2,51,17.0,0.183,2026-08-30 08:00:00,32,63,1.7,12.4,17.2,12.7,36.1,264.0,29.0,2026-08-30 06:21:00,2026-08-30 18:56:00,True,Surat
28.8,74,32.3,0.4,0.4,51,16.4,0.187,2026-08-30 09:00:00,32,63,3.6,12.7,17.7,10.9,34.2,270.0,34.0,2026-08-30 06:21:00,2026-08-30 18:56:00,True,Surat
30.0,68,33.7,0.3,0.3,51,17.2,0.19,2026-08-30 10:00:00,32,63,6.0,12.9,18.9,9.2,31.1,276.0,40.0,2026-08-30 06:21:00,2026-08-30 18:56:00,True,Surat
30.0,70,34.2,0.1,0.1,51,19.1,0.189,2026-08-30 11:00:00,31,63,7.95,13.2,19.9,8.0,28.6,279.0,46.0,2026-08-30 06:21:00,2026-08-30 18:56:00,True,Surat
30.0,71,34.4,0.5,0.5,53,19.3,0.194,2026-08-30 12:00:00,31,62,8.8,14.0,21.7,7.4,27.4,275.0,51.0,2026-08-30 06:21:00,2026-08-30 18:56:00,True,Surat
30.6,69,35.1,0.4,0.4,51,20.8,0.196,2026-08-30 13:00:00,31,62,8.5,15.3,23.7,7.3,26.9,267.0,56.0,2026-08-30 06:21:00,2026-08-30 18:56:00,True,Surat
30.8,68,34.9,0.1,0.1,51,21.0,0.195,2026-08-30 14:00:00,31,62,6.05,16.8,25.8,8.0,27.2,261.0,57.0,2026-08-30 06:21:00,2026-08-30 18:56:00,True,Surat
30.5,69,34.5,0.1,0.1,51,20.6,0.193,2026-08-30 15:00:00,31,62,3.75,17.5,26.4,10.0,29.1,259.0,52.0,2026-08-30 06:21:00,2026-08-30 18:56:00,True,Surat
29.9,73,33.5,0.0,0.0,1,19.8,0.192,2026-08-30 16:00:00,30,62,1.75,18.3,26.5,12.7,31.8,260.0,44.0,2026-08-30 06:21:00,2026-08-30 18:56:00,True,Surat
29.7,74,33.2,0.0,0.0,2,19.5,0.178,2026-08-30 17:00:00,30,62,0.45,15.3,23.5,12.4,25.0,260.0,39.0,2026-08-30 06:21:00,2026-08-30 18:56:00,True,Surat
28.6,78,32.3,0.0,0.0,2,17.8,0.178,2026-08-30 18:00:00,30,61,0.05,14.1,19.6,13.7,25.7,261.0,37.0,2026-08-30 06:21:00,2026-08-30 18:56:00,True,Surat
28.3,79,32.2,0.0,0.0,2,16.4,0.178,2026-08-30 19:00:00,29,60,0.0,13.7,18.7,15.4,26.8,261.0,35.0,2026-08-30 06:21:00,2026-08-30 18:56:00,False,Surat
27.9,82,31.9,0.0,0.0,3,16.0,0.178,2026-08-30 20:00:00,28,59,0.0,14.6,20.4,16.6,27.4,260.0,33.0,2026-08-30 06:21:00,2026-08-30 18:56:00,False,Surat
27.8,83,31.9,0.0,0.0,3,16.2,0.178,2026-08-30 21:00:00,27,59,0.0,15.3,21.8,16.6,27.3,255.0,31.0,2026-08-30 06:21:00,2026-08-30 18:56:00,False,Surat
27.7,83,31.7,0.0,0.0,3,16.2,0.178,2026-08-30 22:00:00,27,58,0.0,15.1,21.7,16.1,26.9,248.0,29.0,2026-08-30 06:21:00,2026-08-30 18:56:00,False,Surat
27.6,80,31.0,0.0,0.0,3,17.5,0.168,2026-08-30 23:00:00,27,58,0.0,12.5,17.5,15.6,26.5,242.0,28.0,2026-08-30 06:21:00,2026-08-30 18:56:00,False,Surat
25.0,94,29.7,0.2,0.2,51,9.3,0.433,2026-08-25 00:00:00,48,74,0.0,29.3,38.0,12.6,8.4,257.0,50.0,2026-08-25 05:55:00,2026-08-25 18:35:00,False,Nagpur
25.0,95,29.9,0.1,0.1,51,8.6,0.434,2026-08-25 01:00:00,49,75,0.0,29.2,38.3,11.7,8.5,239.0,48.0,2026-08-25 05:55:00,2026-08-25 18:35:00,False,Nagpur
25.0,96,29.9,0.1,0.1,51,9.5,0.434,2026-08-25 02:00:00,50,76,0.0,28.7,38.0,10.9,8.5,224.0,47.0,2026-08-25 05:55:00,2026-08-25 18:35:00,False,Nagpur
25.1,95,29.7,0.0,0.0,3,10.6,0.434,2026-08-25 03:00:00,51,76,0.0,28.0,37.1,10.3,8.5,211.0,49.0,2026-08-25 05:55:00,2026-08-25 18:35:00,False,Nagpur
24.7,93,28.8,0.0,0.0,3,11.3,0.434,2026-08-25 04:00:00,52,76,0.0,26.4,34.9,9.9,8.5,201.0,51.0,2026-08-25 05:55:00,2026-08-25 18:35:00,False,Nagpur
25.9,87,30.0,0.0,0.0,3,12.0,0.427,2026-08-25 05:00:00,53,77,0.0,20.4,27.3,8.1,7.7,198.0,61.0,2026-08-25 05:55:00,2026-08-25 18:35:00,False,Nagpur
26.0,87,30.0,0.0,0.0,3,12.6,0.426,2026-08-25 06:00:00,54,77,0.1,19.1,25.3,8.7,8.2,211.0,60.0,2026-08-25 05:55:00,2026-08-25 18:35:00,True,Nagpur
26.4,85,30.3,0.0,0.0,3,13.0,0.425,2026-08-25 07:00:00,54,77,0.65,19.3,26.0,9.5,9.0,233.0,58.0,2026-08-25 05:55:00,2026-08-25 18:35:00,True,Nagpur
26.7,84,31.0,0.0,0.0,3,10.4,0.424,2026-08-25 08:00:00,54,78,1.45,20.4,27.9,9.8,10.3,241.0,60.0,2026-08-25 05:55:00,2026-08-25 18:35:00,True,Nagpur
27.6,79,31.3,0.0,0.0,3,14.8,0.421,2026-08-25 09:00:00,55,78,3.0,20.8,29.9,9.3,12.5,222.0,68.0,2026-08-25 05:55:00,2026-08-25 18:35:00,True,Nagpur
28.7,75,32.5,0.1,0.1,51,13.8,0.417,2026-08-25 10:00:00,56,78,2.55,21.0,32.0,8.3,15.1,190.0,79.0,2026-08-25 05:55:00,2026-08-25 18:35:00,True,Nagpur
26.8,85,31.3,0.1,0.1,51,11.7,0.418,2026-08-25 11:00:00,56,78,4.2,21.9,34.3,7.5,17.3,170.0,88.0,2026-08-25 05:55:00,2026-08-25 18:35:00,True,Nagpur
26.7,84,30.4,1.5,1.5,61,15.3,0.431,2026-08-25 12:00:00,57,79,5.05,22.3,36.0,6.9,18.9,173.0,95.0,2026-08-25 05:55:00,2026-08-25 18:35:00,True,Nagpur
26.8,86,31.2,0.9,0.9,53,13.4,0.432,2026-08-25 13:00:00,57,79,5.35,22.2,35.4,6.4,20.0,189.0,101.0,2026-08-25 05:55:00,2026-08-25 18:35:00,True,Nagpur
27.6,85,32.2,0.4,0.4,51,13.7,0.432,2026-08-25 14:00:00,57,79,4.65,22.1,35.3,6.5,20.3,205.0,103.0,2026-08-25 05:55:00,2026-08-25 18:35:00,True,Nagpur
26.3,90,30.7,1.1,1.1,55,13.5,0.432,2026-08-25 15:00:00,57,79,2.45,21.9,36.6,7.6,19.4,220.0,97.0,2026-08-25 05:55:00,2026-08-25 18:35:00,True,Nagpur
26.7,87,31.3,0.3,0.3,51,12.0,0.432,2026-08-25 16:00:00,57,79,0.85,21.5,36.2,9.2,17.7,236.0,87.0,2026-08-25 05:55:00,2026-08-25 18:35:00,True,Nagpur
27.9,83,32.8,0.1,0.1,51,11.1,0.419,2026-08-25 17:00:00,57,79,0.2,23.4,32.7,11.3,18.7,249.0,73.0,2026-08-25 05:55:00,2026-08-25 18:35:00,True,Nagpur
27.4,85,32.3,0.0,0.0,3,10.9,0.418,2026-08-25 18:00:00,56,78,0.0,22.1,29.2,11.4,17.2,256.0,70.0,2026-08-25 05:55:00,2026-08-25 18:35:00,True,Nagpur
27.0,86,31.6,0.0,0.0,3,11.7,0.417,2026-08-25 19:00:00,56,78,0.0,21.7,28.3,11.5,15.1,260.0,65.0,2026-08-25 05:55:00,2026-08-25 18:35:00,False,Nagpur
26.6,87,31.1,0.0,0.0,3,11.4,0.416,2026-08-25 20:00:00,55,78,0.0,22.1,29.6,11.5,13.3,260.0,62.0,2026-08-25 05:55:00,2026-08-25 18:35:00,False,Nagpur
26.3,87,30.6,0.0,0.0,2,11.4,0.415,2026-08-25 21:00:00,55,78,0.0,22.5,30.5,11.2,12.1,255.0,61.0,2026-08-25 05:55:00,2026-08-25 18:35:00,False,Nagpur
26.0,87,30.2,0.0,0.0,3,11.2,0.415,2026-08-25 22:00:00,54,77,0.0,22.4,30.5,10.8,11.1,246.0,61.0,2026-08-25 05:55:00,2026-08-25 18:35:00,False,Nagpur
26.2,86,30.4,0.0,0.0,3,11.0,0.411,2026-08-25 23:00:00,53,77,0.0,20.8,28.1,10.4,10.3,236.0,61.0,2026-08-25 05:55:00,2026-08-25 18:35:00,False,Nagpur
25.8,87,30.0,0.0,0.0,2,11.2,0.41,2026-08-26 00:00:00,52,76,0.0,18.7,25.1,10.0,9.4,227.0,60.0,2026-08-26 05:55:00,2026-08-26 18:35:00,False,Nagpur
25.5,88,29.5,0.0,0.0,1,11.2,0.41,2026-08-26 01:00:00,50,75,0.0,16.6,22.2,9.6,8.7,216.0,58.0,2026-08-26 05:55:00,2026-08-26 18:35:00,False,Nagpur
25.3,88,29.3,0.0,0.0,2,11.0,0.409,2026-08-26 02:00:00,48,74,0.0,14.7,19.7,9.3,8.2,207.0,56.0,2026-08-26 05:55:00,2026-08-26 18:35:00,False,Nagpur
25.1,89,29.2,0.0,0.0,3,10.2,0.409,2026-08-26 03:00:00,45,73,0.0,13.0,17.6,9.1,7.9,197.0,54.0,2026-08-26 05:55:00,2026-08-26 18:35:00,False,Nagpur
25.0,90,29.1,0.0,0.0,3,9.6,0.408,2026-08-26 04:00:00,43,72,0.0,11.4,15.4,9.1,8.0,187.0,53.0,2026-08-26 05:55:00,2026-08-26 18:35:00,False,Nagpur
25.0,90,29.0,0.0,0.0,1,11.0,0.411,2026-08-26 05:00:00,40,71,0.0,11.6,13.9,9.0,8.4,183.0,54.0,2026-08-26 05:55:00,2026-08-26 18:35:00,False,Nagpur
25.2,89,29.1,0.0,0.0,2,11.6,0.41,2026-08-26 06:00:00,39,70,0.15,12.0,14.5,8.9,9.8,189.0,58.0,2026-08-26 05:55:00,2026-08-26 18:35:00,True,Nagpur
26.0,86,30.0,0.0,0.0,2,11.8,0.409,2026-08-26 07:00:00,39,70,0.9,10.4,13.2,8.7,11.8,201.0,64.0,2026-08-26 05:55:00,2026-08-26 18:35:00,True,Nagpur
27.1,82,31.1,0.0,0.0,3,13.3,0.406,2026-08-26 08:00:00,38,69,2.35,10.0,12.7,8.4,13.7,206.0,71.0,2026-08-26 05:55:00,2026-08-26 18:35:00,True,Nagpur
28.6,75,32.3,0.0,0.0,3,15.3,0.402,2026-08-26 09:00:00,37,68,2.5,10.0,13.4,8.1,15.4,196.0,78.0,2026-08-26 05:55:00,2026-08-26 18:35:00,True,Nagpur
29.4,73,33.7,0.1,0.1,51,15.9,0.396,2026-08-26 10:00:00,36,67,3.05,10.1,14.3,7.8,17.0,179.0,87.0,2026-08-26 05:55:00,2026-08-26 18:35:00,True,Nagpur
29.8,69,33.3,0.1,0.1,51,18.6,0.4,2026-08-26 11:00:00,37,66,3.3,10.6,15.1,7.4,17.9,167.0,93.0,2026-08-26 05:55:00,2026-08-26 18:35:00,True,Nagpur
28.5,73,31.7,0.6,0.6,53,16.5,0.401,2026-08-26 12:00:00,39,66,3.85,11.1,14.9,6.9,17.6,162.0,98.0,2026-08-26 05:55:00,2026-08-26 18:35:00,True,Nagpur
29.7,70,33.9,0.4,0.4,51,16.9,0.398,2026-08-26 13:00:00,41,65,5.25,11.1,13.8,6.3,16.6,162.0,101.0,2026-08-26 05:55:00,2026-08-26 18:35:00,True,Nagpur
29.7,71,33.5,0.2,0.2,51,16.4,0.394,2026-08-26 14:00:00,41,64,4.7,10.8,12.8,6.3,15.3,168.0,101.0,2026-08-26 05:55:00,2026-08-26 18:35:00,True,Nagpur
29.7,70,33.2,0.2,0.2,51,16.4,0.391,2026-08-26 15:00:00,38,63,3.15,11.0,12.7,7.2,13.6,186.0,95.0,2026-08-26 05:55:00,2026-08-26 18:35:00,True,Nagpur
29.2,71,32.5,0.2,0.2,51,16.8,0.389,2026-08-26 16:00:00,34,62,1.1,11.6,14.0,8.6,11.6,211.0,86.0,2026-08-26 05:55:00,2026-08-26 18:35:00,True,Nagpur
28.1,78,31.7,0.3,0.3,51,16.6,0.425,2026-08-26 17:00:00,31,61,0.1,18.6,27.6,10.7,13.6,229.0,77.0,2026-08-26 05:55:00,2026-08-26 18:35:00,True,Nagpur
27.3,81,31.0,0.0,0.0,3,14.6,0.423,2026-08-26 18:00:00,30,61,0.0,15.5,20.8,10.8,12.3,234.0,73.0,2026-08-26 05:55:00,2026-08-26 18:35:00,True,Nagpur
26.9,82,30.4,0.0,0.0,3,15.1,0.422,2026-08-26 19:00:00,29,60,0.0,15.4,20.3,10.9,10.6,231.0,68.0,2026-08-26 05:55:00,2026-08-26 18:35:00,False,Nagpur
26.7,82,30.2,0.0,0.0,3,15.0,0.42,2026-08-26 20:00:00,29,60,0.0,15.5,20.3,10.9,9.3,225.0,63.0,2026-08-26 05:55:00,2026-08-26 18:35:00,False,Nagpur
26.5,82,30.0,0.0,0.0,3,14.2,0.419,2026-08-26 21:00:00,28,59,0.0,15.8,20.8,10.8,9.1,214.0,60.0,2026-08-26 05:55:00,2026-08-26 18:35:00,False,Nagpur
26.2,82,29.6,0.0,0.0,3,14.1,0.418,2026-08-26 22:00:00,27,59,0.0,16.2,21.5,10.7,9.3,198.0,58.0,2026-08-26 05:55:00,2026-08-26 18:35:00,False,Nagpur
26.2,80,29.1,0.6,0.6,53,15.2,0.426,2026-08-26 23:00:00,27,58,0.0,16.5,23.1,10.4,9.4,184.0,57.0,2026-08-26 05:55:00,2026-08-26 18:35:00,False,Nagpur
25.8,82,28.9,0.0,0.0,3,13.8,0.425,2026-08-27 00:00:00,27,58,0.0,17.9,26.8,9.9,9.1,173.0,56.0,2026-08-27 05:55:00,2026-08-27 18:34:00,False,Nagpur
25.2,87,28.5,0.6,0.6,53,14.2,0.43,2026-08-27 01:00:00,26,58,0.0,19.8,31.1,9.3,8.6,163.0,55.0,2026-08-27 05:55:00,2026-08-27 18:34:00,False,Nagpur
24.6,91,28.1,0.6,0.6,53,14.0,0.436,2026-08-27 02:00:00,27,58,0.0,21.8,35.5,8.8,8.2,157.0,55.0,2026-08-27 05:55:00,2026-08-27 18:34:00,False,Nagpur
24.3,92,27.8,0.5,0.5,53,13.7,0.436,2026-08-27 03:00:00,27,59,0.0,23.9,40.9,8.5,7.8,156.0,54.0,2026-08-27 05:55:00,2026-08-27 18:34:00,False,Nagpur
24.5,92,27.9,0.3,0.3,51,13.9,0.435,2026-08-27 04:00:00,28,60,0.0,27.2,48.9,8.4,7.5,159.0,53.0,2026-08-27 05:55:00,2026-08-27 18:34:00,False,Nagpur
24.3,93,28.0,0.0,0.0,3,13.0,0.441,2026-08-27 05:00:00,30,61,0.0,28.9,51.9,8.3,7.9,165.0,54.0,2026-08-27 05:55:00,2026-08-27 18:34:00,False,Nagpur
24.6,92,28.2,0.1,0.1,51,13.2,0.441,2026-08-27 06:00:00,31,62,0.15,30.6,55.2,8.4,9.1,177.0,56.0,2026-08-27 05:55:00,2026-08-27 18:34:00,True,Nagpur
25.9,86,29.3,0.0,0.0,3,15.5,0.44,2026-08-27 07:00:00,33,64,0.8,32.7,59.6,8.4,10.7,192.0,60.0,2026-08-27 05:55:00,2026-08-27 18:34:00,True,Nagpur
27.0,82,31.0,0.0,0.0,3,12.5,0.437,2026-08-27 08:00:00,34,65,2.3,34.0,61.9,8.1,12.5,199.0,66.0,2026-08-27 05:55:00,2026-08-27 18:34:00,True,Nagpur
27.5,79,31.4,0.0,0.0,3,12.7,0.433,2026-08-27 09:00:00,36,67,3.7,32.7,61.2,7.0,14.7,190.0,79.0,2026-08-27 05:55:00,2026-08-27 18:34:00,True,Nagpur
28.6,73,31.8,0.0,0.0,3,16.1,0.428,2026-08-27 10:00:00,38,69,5.65,28.6,52.4,5.5,17.0,174.0,95.0,2026-08-27 05:55:00,2026-08-27 18:34:00,True,Nagpur
28.4,70,30.6,0.0,0.0,3,20.0,0.432,2026-08-27 11:00:00,43,71,7.7,24.2,43.5,4.5,18.0,160.0,105.0,2026-08-27 05:55:00,2026-08-27 18:34:00,True,Nagpur
28.9,70,32.1,0.0,0.0,3,18.7,0.424,2026-08-27 12:00:00,43,72,6.65,22.1,39.8,4.4,16.7,152.0,104.0,2026-08-27 05:55:00,2026-08-27 18:34:00,True,Nagpur
29.1,67,31.5,0.0,0.0,3,18.8,0.418,2026-08-27 13:00:00,44,73,2.65,18.7,32.0,4.8,14.1,147.0,97.0,2026-08-27 05:55:00,2026-08-27 18:34:00,True,Nagpur
29.0,65,30.7,0.1,0.1,51,21.2,0.412,2026-08-27 14:00:00,45,73,3.05,15.5,23.9,5.5,12.1,150.0,89.0,2026-08-27 05:55:00,2026-08-27 18:34:00,True,Nagpur
28.0,74,30.9,0.3,0.3,51,17.5,0.41,2026-08-27 15:00:00,46,73,2.05,15.0,22.1,6.7,11.3,166.0,81.0,2026-08-27 05:55:00,2026-08-27 18:34:00,True,Nagpur
27.9,75,30.7,0.1,0.1,51,17.8,0.407,2026-08-27 16:00:00,46,74,0.7,15.1,22.1,8.3,11.1,189.0,72.0,2026-08-27 05:55:00,2026-08-27 18:34:00,True,Nagpur
26.9,81,30.5,0.1,0.1,51,14.7,0.435,2026-08-27 17:00:00,47,74,0.2,16.5,24.4,9.7,11.1,208.0,65.0,2026-08-27 05:55:00,2026-08-27 18:34:00,True,Nagpur
26.7,77,29.9,0.0,0.0,3,12.7,0.433,2026-08-27 18:00:00,47,74,0.0,18.6,28.3,10.8,11.3,218.0,60.0,2026-08-27 05:55:00,2026-08-27 18:34:00,True,Nagpur
26.3,77,29.5,0.0,0.0,3,11.2,0.432,2026-08-27 19:00:00,47,74,0.0,21.8,33.6,11.7,11.7,224.0,57.0,2026-08-27 05:55:00,2026-08-27 18:34:00,False,Nagpur
26.2,77,29.2,0.0,0.0,3,11.6,0.43,2026-08-27 20:00:00,48,75,0.0,25.5,40.3,12.2,11.9,225.0,55.0,2026-08-27 05:55:00,2026-08-27 18:34:00,False,Nagpur
25.7,76,28.6,0.0,0.0,3,10.7,0.429,2026-08-27 21:00:00,50,75,0.0,29.9,48.8,12.3,11.7,223.0,53.0,2026-08-27 05:55:00,2026-08-27 18:34:00,False,Nagpur
25.2,77,28.1,0.0,0.0,3,9.9,0.427,2026-08-27 22:00:00,52,77,0.0,28.6,46.8,12.0,11.2,217.0,52.0,2026-08-27 05:55:00,2026-08-27 18:34:00,False,Nagpur
25.1,77,28.0,0.0,0.0,3,8.8,0.434,2026-08-27 23:00:00,54,78,0.0,28.8,48.4,11.6,10.6,205.0,51.0,2026-08-27 05:55:00,2026-08-27 18:34:00,False,Nagpur
25.0,78,28.1,0.0,0.0,3,8.1,0.433,2026-08-28 00:00:00,56,78,0.0,29.3,50.2,11.0,9.9,181.0,49.0,2026-08-28 05:56:00,2026-08-28 18:33:00,False,Nagpur
25.0,80,28.3,0.0,0.0,3,8.1,0.432,2026-08-28 01:00:00,58,79,0.0,27.5,46.2,10.1,9.1,151.0,47.0,2026-08-28 05:56:00,2026-08-28 18:33:00,False,Nagpur
24.8,82,28.5,0.0,0.0,3,7.0,0.431,2026-08-28 02:00:00,60,80,0.0,24.2,40.3,9.5,8.5,134.0,46.0,2026-08-28 05:56:00,2026-08-28 18:33:00,False,Nagpur
24.6,85,28.2,0.0,0.0,3,8.1,0.43,2026-08-28 03:00:00,60,80,0.0,20.8,34.9,9.2,8.1,141.0,45.0,2026-08-28 05:56:00,2026-08-28 18:33:00,False,Nagpur
24.5,85,27.9,0.0,0.0,3,9.4,0.429,2026-08-28 04:00:00,59,80,0.0,18.0,30.5,9.1,8.0,161.0,45.0,2026-08-28 05:56:00,2026-08-28 18:33:00,False,Nagpur
24.3,88,27.8,0.0,0.0,3,10.0,0.431,2026-08-28 05:00:00,58,79,0.0,24.3,44.0,9.6,8.8,180.0,45.0,2026-08-28 05:56:00,2026-08-28 18:33:00,False,Nagpur
24.4,88,27.9,0.0,0.0,3,10.2,0.43,2026-08-28 06:00:00,57,79,0.15,22.4,39.2,9.3,10.1,195.0,48.0,2026-08-28 05:56:00,2026-08-28 18:33:00,True,Nagpur
25.6,83,29.0,0.0,0.0,3,12.1,0.429,2026-08-28 07:00:00,56,78,0.9,21.2,36.2,8.8,12.0,207.0,53.0,2026-08-28 05:56:00,2026-08-28 18:33:00,True,Nagpur
26.8,78,30.0,0.0,0.0,2,14.5,0.426,2026-08-28 08:00:00,54,77,2.6,22.1,41.6,8.1,13.8,211.0,60.0,2026-08-28 05:56:00,2026-08-28 18:33:00,True,Nagpur
28.0,71,30.7,0.0,0.0,3,16.2,0.42,2026-08-28 09:00:00,52,76,4.95,24.9,49.6,7.2,15.5,198.0,72.0,2026-08-28 05:56:00,2026-08-28 18:33:00,True,Nagpur
28.9,67,32.5,0.1,0.1,51,14.8,0.414,2026-08-28 10:00:00,51,76,5.65,28.1,58.7,6.1,17.1,175.0,87.0,2026-08-28 05:56:00,2026-08-28 18:33:00,True,Nagpur
29.0,64,32.7,0.2,0.2,51,15.9,0.411,2026-08-28 11:00:00,51,76,7.8,29.4,56.7,5.2,18.2,158.0,100.0,2026-08-28 05:56:00,2026-08-28 18:33:00,True,Nagpur
29.6,61,32.7,0.0,0.0,3,14.4,0.404,2026-08-28 12:00:00,51,76,7.35,28.6,54.4,4.6,18.7,148.0,110.0,2026-08-28 05:56:00,2026-08-28 18:33:00,True,Nagpur
29.4,62,32.2,0.0,0.0,3,11.9,0.398,2026-08-28 13:00:00,52,77,6.8,27.2,49.6,4.1,18.8,144.0,117.0,2026-08-28 05:56:00,2026-08-28 18:33:00,True,Nagpur
30.4,58,33.2,0.1,0.1,51,11.2,0.393,2026-08-28 14:00:00,54,77,5.25,26.4,47.6,4.5,18.5,151.0,119.0,2026-08-28 05:56:00,2026-08-28 18:33:00,True,Nagpur
30.9,56,33.5,0.3,0.3,51,12.1,0.39,2026-08-28 15:00:00,56,78,2.75,25.6,44.8,5.9,17.9,175.0,111.0,2026-08-28 05:56:00,2026-08-28 18:33:00,True,Nagpur
30.7,59,33.7,0.2,0.2,51,12.0,0.387,2026-08-28 16:00:00,57,79,1.05,24.7,40.5,8.1,16.9,211.0,98.0,2026-08-28 05:56:00,2026-08-28 18:33:00,True,Nagpur
27.7,80,32.1,0.1,0.1,51,11.6,0.38,2026-08-28 17:00:00,59,80,0.2,25.7,38.0,12.5,14.9,247.0,72.0,2026-08-28 05:56:00,2026-08-28 18:33:00,True,Nagpur
27.3,82,32.1,0.1,0.1,51,8.1,0.381,2026-08-28 18:00:00,60,80,0.0,25.6,36.8,14.5,14.2,287.0,64.0,2026-08-28 05:56:00,2026-08-28 18:33:00,True,Nagpur
27.2,80,31.3,0.0,0.0,3,10.7,0.38,2026-08-28 19:00:00,60,81,0.0,27.2,37.8,17.3,13.2,327.0,53.0,2026-08-28 05:56:00,2026-08-28 18:33:00,False,Nagpur
26.8,81,31.1,0.0,0.0,3,8.9,0.379,2026-08-28 20:00:00,61,81,0.0,29.3,40.6,19.0,12.2,350.0,44.0,2026-08-28 05:56:00,2026-08-28 18:33:00,False,Nagpur
26.7,82,31.1,0.0,0.0,3,8.3,0.378,2026-08-28 21:00:00,61,82,0.0,30.6,42.6,18.9,11.4,344.0,40.0,2026-08-28 05:56:00,2026-08-28 18:33:00,False,Nagpur
26.5,83,31.1,0.0,0.0,3,7.6,0.378,2026-08-28 22:00:00,61,82,0.0,31.1,43.2,17.8,10.6,320.0,39.0,2026-08-28 05:56:00,2026-08-28 18:33:00,False,Nagpur
26.4,83,30.8,0.0,0.0,3,8.0,0.384,2026-08-28 23:00:00,61,82,0.0,30.7,42.7,16.4,9.9,292.0,39.0,2026-08-28 05:56:00,2026-08-28 18:33:00,False,Nagpur
26.0,83,30.3,0.0,0.0,3,7.6,0.384,2026-08-29 00:00:00,61,82,0.0,28.9,40.2,14.9,9.2,259.0,40.0,2026-08-29 05:56:00,2026-08-29 18:32:00,False,Nagpur
25.9,82,29.9,0.0,0.0,3,8.5,0.383,2026-08-29 01:00:00,61,82,0.0,26.3,37.0,13.2,8.7,222.0,43.0,2026-08-29 05:56:00,2026-08-29 18:32:00,False,Nagpur
25.8,82,29.5,0.0,0.0,3,9.8,0.382,2026-08-29 02:00:00,61,82,0.0,23.9,34.1,11.8,8.1,194.0,45.0,2026-08-29 05:56:00,2026-08-29 18:32:00,False,Nagpur
25.7,82,29.4,0.0,0.0,3,9.6,0.381,2026-08-29 03:00:00,61,82,0.0,21.4,31.5,10.7,7.5,180.0,47.0,2026-08-29 05:56:00,2026-08-29 18:32:00,False,Nagpur
25.7,81,28.9,0.0,0.0,3,12.1,0.381,2026-08-29 04:00:00,61,82,0.0,19.7,30.6,9.9,7.0,175.0,50.0,2026-08-29 05:56:00,2026-08-29 18:32:00,False,Nagpur
25.2,85,28.5,0.0,0.0,3,12.7,0.386,2026-08-29 05:00:00,61,82,0.0,20.9,34.7,9.2,9.2,179.0,56.0,2026-08-29 05:56:00,2026-08-29 18:32:00,False,Nagpur
25.3,83,28.4,0.0,0.0,3,13.7,0.385,2026-08-29 06:00:00,61,82,0.05,21.1,35.0,10.1,9.0,201.0,53.0,2026-08-29 05:56:00,2026-08-29 18:32:00,True,Nagpur
24.9,88,28.3,1.3,1.3,61,12.8,0.398,2026-08-29 07:00:00,61,82,0.25,23.5,39.0,11.4,8.8,232.0,50.0,2026-08-29 05:56:00,2026-08-29 18:32:00,True,Nagpur
24.9,92,28.8,3.4,3.4,63,12.1,0.441,2026-08-29 08:00:00,61,82,0.45,23.3,38.0,12.1,9.1,249.0,48.0,2026-08-29 05:56:00,2026-08-29 18:32:00,True,Nagpur
24.9,93,28.7,3.0,3.0,63,13.7,0.447,2026-08-29 09:00:00,61,82,0.75,22.7,37.5,11.7,10.3,237.0,49.0,2026-08-29 05:56:00,2026-08-29 18:32:00,True,Nagpur
25.3,91,29.0,1.3,1.3,61,14.8,0.446,2026-08-29 10:00:00,61,82,1.0,20.4,32.2,10.8,11.9,211.0,52.0,2026-08-29 05:56:00,2026-08-29 18:32:00,True,Nagpur
24.8,92,28.3,0.3,0.3,51,15.3,0.465,2026-08-29 11:00:00,60,81,1.6,18.1,28.1,10.0,12.9,189.0,54.0,2026-08-29 05:56:00,2026-08-29 18:32:00,True,Nagpur
25.3,84,28.4,0.5,0.5,53,13.3,0.445,2026-08-29 12:00:00,60,80,1.65,15.4,22.7,9.5,12.8,173.0,53.0,2026-08-29 05:56:00,2026-08-29 18:32:00,True,Nagpur
25.5,89,29.4,0.4,0.4,51,13.0,0.444,2026-08-29 13:00:00,58,79,1.05,12.5,17.2,9.2,12.1,161.0,52.0,2026-08-29 05:56:00,2026-08-29 18:32:00,True,Nagpur
25.6,86,29.2,1.4,1.4,61,13.4,0.444,2026-08-29 14:00:00,56,78,1.25,10.8,14.6,9.3,11.4,166.0,50.0,2026-08-29 05:56:00,2026-08-29 18:32:00,True,Nagpur
25.5,90,29.5,1.1,1.1,55,12.9,0.444,2026-08-29 15:00:00,53,77,1.25,10.4,13.1,10.1,10.7,205.0,49.0,2026-08-29 05:56:00,2026-08-29 18:32:00,True,Nagpur
25.6,91,29.9,1.1,1.1,55,12.2,0.443,2026-08-29 16:00:00,51,76,0.35,9.6,12.6,11.3,9.9,262.0,48.0,2026-08-29 05:56:00,2026-08-29 18:32:00,True,Nagpur
25.3,88,28.6,1.5,1.5,61,15.7,0.445,2026-08-29 17:00:00,48,75,0.15,13.5,18.4,9.7,12.1,302.0,53.0,2026-08-29 05:56:00,2026-08-29 18:32:00,True,Nagpur
24.9,88,28.1,0.3,0.3,51,14.7,0.442,2026-08-29 18:00:00,46,74,0.0,12.0,16.6,9.8,11.8,307.0,52.0,2026-08-29 05:56:00,2026-08-29 18:32:00,True,Nagpur
24.7,90,28.1,0.6,0.6,53,13.2,0.442,2026-08-29 19:00:00,44,73,0.0,13.4,19.6,10.0,11.4,294.0,51.0,2026-08-29 05:56:00,2026-08-29 18:32:00,False,Nagpur
24.5,92,28.6,0.6,0.6,53,9.5,0.441,2026-08-29 20:00:00,42,72,0.0,14.2,21.3,10.3,10.9,286.0,50.0,2026-08-29 05:56:00,2026-08-29 18:32:00,False,Nagpur
24.5,92,28.6,0.0,0.0,3,9.6,0.441,2026-08-29 21:00:00,40,70,0.0,16.8,26.0,11.0,10.4,296.0,48.0,2026-08-29 05:56:00,2026-08-29 18:32:00,False,Nagpur
24.5,91,28.7,0.0,0.0,3,8.8,0.44,2026-08-29 22:00:00,38,69,0.0,16.9,26.0,11.8,9.9,310.0,46.0,2026-08-29 05:56:00,2026-08-29 18:32:00,False,Nagpur
25.0,84,28.4,0.0,0.0,3,10.6,0.441,2026-08-29 23:00:00,37,68,0.0,16.6,25.2,12.1,9.3,305.0,44.0,2026-08-29 05:56:00,2026-08-29 18:32:00,False,Nagpur
24.8,84,28.4,0.0,0.0,3,8.3,0.44,2026-08-30 00:00:00,36,67,0.0,15.8,23.9,11.6,8.3,263.0,43.0,2026-08-30 05:56:00,2026-08-30 18:31:00,False,Nagpur
24.5,85,28.2,0.0,0.0,3,7.8,0.439,2026-08-30 01:00:00,35,66,0.0,15.6,23.8,10.6,7.2,202.0,43.0,2026-08-30 05:56:00,2026-08-30 18:31:00,False,Nagpur
24.3,86,27.9,0.0,0.0,3,8.4,0.438,2026-08-30 02:00:00,34,65,0.0,15.9,24.6,9.9,6.4,158.0,43.0,2026-08-30 05:56:00,2026-08-30 18:31:00,False,Nagpur
24.3,86,27.6,0.0,0.0,3,10.3,0.438,2026-08-30 03:00:00,33,65,0.0,16.1,25.0,9.7,6.2,146.0,42.0,2026-08-30 05:56:00,2026-08-30 18:31:00,False,Nagpur
24.3,86,27.4,0.0,0.0,3,11.9,0.437,2026-08-30 04:00:00,33,64,0.0,16.1,25.0,9.8,6.4,150.0,41.0,2026-08-30 05:56:00,2026-08-30 18:31:00,False,Nagpur
24.9,84,27.6,0.0,0.0,3,14.8,0.437,2026-08-30 05:00:00,33,64,0.0,17.5,27.7,9.5,7.1,157.0,42.0,2026-08-30 05:56:00,2026-08-30 18:31:00,False,Nagpur
24.9,84,27.9,0.0,0.0,3,13.6,0.435,2026-08-30 06:00:00,32,64,0.15,17.2,26.2,9.3,8.4,165.0,46.0,2026-08-30 05:56:00,2026-08-30 18:31:00,True,Nagpur
25.4,83,28.5,0.0,0.0,3,13.2,0.434,2026-08-30 07:00:00,32,63,0.8,18.2,26.9,8.9,10.3,175.0,51.0,2026-08-30 05:56:00,2026-08-30 18:31:00,True,Nagpur
26.5,78,29.3,0.0,0.0,3,16.0,0.431,2026-08-30 08:00:00,32,63,1.6,20.3,33.4,8.5,12.2,178.0,57.0,2026-08-30 05:56:00,2026-08-30 18:31:00,True,Nagpur
27.3,74,29.5,0.0,0.0,3,19.0,0.427,2026-08-30 09:00:00,31,63,3.3,19.8,30.7,7.8,14.1,166.0,64.0,2026-08-30 05:56:00,2026-08-30 18:31:00,True,Nagpur
28.2,69,30.2,0.0,0.0,3,19.7,0.422,2026-08-30 10:00:00,31,62,5.15,20.7,31.5,7.1,16.1,147.0,71.0,2026-08-30 05:56:00,2026-08-30 18:31:00,True,Nagpur
28.4,70,31.2,0.1,0.1,51,18.0,0.428,2026-08-30 11:00:00,31,62,3.1,20.1,31.0,6.7,17.4,134.0,75.0,2026-08-30 05:56:00,2026-08-30 18:31:00,True,Nagpur
28.2,72,31.3,0.0,0.0,3,14.4,0.423,2026-08-30 12:00:00,31,63,2.65,19.2,28.9,6.8,17.8,135.0,74.0,2026-08-30 05:56:00,2026-08-30 18:31:00,True,Nagpur
28.4,72,31.9,0.0,0.0,3,12.9,0.418,2026-08-30 13:00:00,32,63,1.85,17.5,25.3,7.3,17.7,142.0,70.0,2026-08-30 05:56:00,2026-08-30 18:31:00,True,Nagpur
28.2,72,31.4,0.0,0.0,3,14.7,0.413,2026-08-30 14:00:00,32,63,1.65,16.9,24.3,8.1,17.2,151.0,66.0,2026-08-30 05:56:00,2026-08-30 18:31:00,True,Nagpur
28.0,74,31.7,0.0,0.0,3,12.3,0.41,2026-08-30 15:00:00,33,64,1.0,17.0,23.7,9.2,16.4,158.0,62.0,2026-08-30 05:56:00,2026-08-30 18:31:00,True,Nagpur
28.1,74,31.7,0.0,0.0,3,12.6,0.406,2026-08-30 16:00:00,33,64,0.35,16.8,22.4,10.6,15.3,166.0,58.0,2026-08-30 05:56:00,2026-08-30 18:31:00,True,Nagpur
27.9,73,30.9,0.0,0.0,3,15.3,0.394,2026-08-30 17:00:00,34,65,0.1,17.2,23.9,11.9,13.4,178.0,55.0,2026-08-30 05:56:00,2026-08-30 18:31:00,True,Nagpur
27.2,75,30.7,0.0,0.0,3,11.0,0.393,2026-08-30 18:00:00,34,65,0.0,17.4,24.5,11.6,12.8,200.0,54.0,2026-08-30 05:56:00,2026-08-30 18:31:00,True,Nagpur
26.8,77,30.6,0.0,0.0,3,9.9,0.391,2026-08-30 19:00:00,34,66,0.0,17.0,23.7,11.3,12.0,225.0,53.0,2026-08-30 05:56:00,2026-08-30 18:31:00,False,Nagpur
26.8,72,29.5,0.0,0.0,3,12.1,0.39,2026-08-30 20:00:00,35,66,0.0,16.9,23.8,11.0,11.4,237.0,52.0,2026-08-30 05:56:00,2026-08-30 18:31:00,False,Nagpur
26.3,71,28.8,0.0,0.0,3,10.8,0.388,2026-08-30 21:00:00,35,66,0.0,17.3,24.9,10.9,11.1,227.0,51.0,2026-08-30 05:56:00,2026-08-30 18:31:00,False,Nagpur
25.7,74,28.6,0.0,0.0,3,8.8,0.387,2026-08-30 22:00:00,35,66,0.0,17.9,26.4,10.8,11.0,204.0,49.0,2026-08-30 05:56:00,2026-08-30 18:31:00,False,Nagpur
25.2,76,28.0,0.0,0.0,3,9.8,0.391,2026-08-30 23:00:00,35,66,0.0,18.1,27.8,10.6,10.7,182.0,48.0,2026-08-30 05:56:00,2026-08-30 18:31:00,False,Nagpur
24.2,94,28.1,0.3,0.3,51,11.8,0.412,2026-08-25 00:00:00,62,85,0.0,30.5,38.5,10.5,5.0,282.0,54.0,2026-08-25 05:59:00,2026-08-25 18:44:00,False,Bhopal
23.9,94,27.3,0.1,0.1,51,13.0,0.413,2026-08-25 01:00:00,62,84,0.0,32.2,41.1,10.2,5.0,275.0,53.0,2026-08-25 05:59:00,2026-08-25 18:44:00,False,Bhopal
23.7,95,27.2,0.1,0.1,51,12.5,0.413,2026-08-25 02:00:00,62,84,0.0,34.9,45.1,10.0,5.2,265.0,52.0,2026-08-25 05:59:00,2026-08-25 18:44:00,False,Bhopal
23.6,95,27.1,0.1,0.1,51,12.2,0.414,2026-08-25 03:00:00,62,85,0.0,36.8,47.7,10.2,5.5,249.0,49.0,2026-08-25 05:59:00,2026-08-25 18:44:00,False,Bhopal
23.6,95,27.2,0.1,0.1,51,11.5,0.415,2026-08-25 04:00:00,62,86,0.0,38.5,50.8,10.6,5.9,230.0,46.0,2026-08-25 05:59:00,2026-08-25 18:44:00,False,Bhopal
23.4,95,26.6,0.0,0.0,3,14.1,0.409,2026-08-25 05:00:00,63,87,0.0,34.5,49.2,8.4,4.8,216.0,54.0,2026-08-25 05:59:00,2026-08-25 18:44:00,False,Bhopal
23.6,95,26.8,0.2,0.2,51,14.1,0.411,2026-08-25 06:00:00,63,88,0.1,34.2,49.4,7.5,5.1,214.0,58.0,2026-08-25 05:59:00,2026-08-25 18:44:00,True,Bhopal
24.6,91,27.9,0.1,0.1,51,15.5,0.413,2026-08-25 07:00:00,64,89,0.7,33.5,51.0,6.2,5.4,218.0,63.0,2026-08-25 05:59:00,2026-08-25 18:44:00,True,Bhopal
25.8,85,28.7,0.0,0.0,3,17.0,0.412,2026-08-25 08:00:00,64,89,2.2,32.9,55.9,4.9,5.5,217.0,70.0,2026-08-25 05:59:00,2026-08-25 18:44:00,True,Bhopal
26.8,83,30.4,0.0,0.0,3,15.1,0.409,2026-08-25 09:00:00,64,90,3.75,31.7,57.0,3.6,5.2,204.0,81.0,2026-08-25 05:59:00,2026-08-25 18:44:00,True,Bhopal
28.2,77,32.3,0.1,0.1,51,15.9,0.405,2026-08-25 10:00:00,64,90,4.35,27.5,49.8,2.4,4.6,186.0,93.0,2026-08-25 05:59:00,2026-08-25 18:44:00,True,Bhopal
28.3,72,31.7,0.1,0.1,51,15.7,0.408,2026-08-25 11:00:00,64,90,4.0,23.2,41.8,1.5,4.1,177.0,102.0,2026-08-25 05:59:00,2026-08-25 18:44:00,True,Bhopal
27.3,74,30.3,0.2,0.2,51,13.8,0.407,2026-08-25 12:00:00,64,90,3.2,20.5,35.0,1.1,3.7,185.0,105.0,2026-08-25 05:59:00,2026-08-25 18:44:00,True,Bhopal
27.8,76,31.6,0.1,0.1,51,12.4,0.404,2026-08-25 13:00:00,64,90,6.1,18.2,28.9,1.2,3.3,202.0,105.0,2026-08-25 05:59:00,2026-08-25 18:44:00,True,Bhopal
28.2,74,31.9,0.1,0.1,51,14.1,0.4,2026-08-25 14:00:00,64,89,3.95,15.1,22.9,1.7,2.9,218.0,101.0,2026-08-25 05:59:00,2026-08-25 18:44:00,True,Bhopal
27.7,73,30.8,0.3,0.3,51,14.2,0.399,2026-08-25 15:00:00,64,89,1.55,13.2,17.9,2.9,2.6,233.0,93.0,2026-08-25 05:59:00,2026-08-25 18:44:00,True,Bhopal
26.3,84,30.1,0.7,0.7,53,12.3,0.404,2026-08-25 16:00:00,63,88,0.4,12.5,15.8,4.6,2.3,248.0,81.0,2026-08-25 05:59:00,2026-08-25 18:44:00,True,Bhopal
26.0,86,29.9,0.2,0.2,51,12.8,0.459,2026-08-25 17:00:00,63,87,0.25,19.7,27.0,4.0,4.2,255.0,87.0,2026-08-25 05:59:00,2026-08-25 18:44:00,True,Bhopal
25.7,87,29.6,0.0,0.0,3,11.8,0.457,2026-08-25 18:00:00,62,86,0.0,18.9,23.6,5.3,4.2,249.0,79.0,2026-08-25 05:59:00,2026-08-25 18:44:00,True,Bhopal
25.3,88,29.4,0.0,0.0,3,10.3,0.456,2026-08-25 19:00:00,62,85,0.0,17.9,21.9,7.1,4.3,235.0,68.0,2026-08-25 05:59:00,2026-08-25 18:44:00,False,Bhopal
25.1,89,29.1,0.0,0.0,3,10.9,0.455,2026-08-25 20:00:00,61,84,0.0,17.4,21.2,8.5,4.3,227.0,59.0,2026-08-25 05:59:00,2026-08-25 18:44:00,False,Bhopal
24.9,89,28.9,0.0,0.0,3,10.5,0.454,2026-08-25 21:00:00,61,83,0.0,17.0,21.0,9.1,4.2,230.0,54.0,2026-08-25 05:59:00,2026-08-25 18:44:00,False,Bhopal
24.6,91,28.6,0.0,0.0,3,9.9,0.453,2026-08-25 22:00:00,61,82,0.0,17.3,22.1,9.3,4.1,239.0,51.0,2026-08-25 05:59:00,2026-08-25 18:44:00,False,Bhopal
24.4,91,28.1,0.0,0.0,3,10.9,0.447,2026-08-25 23:00:00,60,81,0.0,18.4,24.6,9.2,4.0,244.0,50.0,2026-08-25 05:59:00,2026-08-25 18:44:00,False,Bhopal
24.3,91,27.9,0.0,0.0,3,11.6,0.447,2026-08-26 00:00:00,59,80,0.0,20.0,28.4,8.8,4.0,244.0,51.0,2026-08-26 06:00:00,2026-08-26 18:43:00,False,Bhopal
24.2,92,27.6,0.0,0.0,3,12.6,0.446,2026-08-26 01:00:00,58,79,0.0,22.3,33.6,8.2,4.1,241.0,53.0,2026-08-26 06:00:00,2026-08-26 18:43:00,False,Bhopal
24.1,91,27.3,0.0,0.0,3,13.1,0.445,2026-08-26 02:00:00,56,78,0.0,24.4,38.5,7.6,4.1,234.0,55.0,2026-08-26 06:00:00,2026-08-26 18:43:00,False,Bhopal
23.9,92,27.2,0.0,0.0,3,13.0,0.444,2026-08-26 03:00:00,54,77,0.0,25.6,40.9,7.1,4.1,218.0,57.0,2026-08-26 06:00:00,2026-08-26 18:43:00,False,Bhopal
24.2,91,27.7,0.0,0.0,2,12.1,0.444,2026-08-26 04:00:00,52,77,0.0,24.6,38.9,6.5,4.1,198.0,60.0,2026-08-26 06:00:00,2026-08-26 18:43:00,False,Bhopal
23.8,96,27.4,0.0,0.0,3,12.7,0.455,2026-08-26 05:00:00,50,76,0.0,17.7,25.7,5.2,3.6,186.0,69.0,2026-08-26 06:00:00,2026-08-26 18:43:00,False,Bhopal
24.1,94,27.6,0.0,0.0,3,14.4,0.454,2026-08-26 06:00:00,47,74,0.1,16.6,23.9,5.1,3.7,193.0,69.0,2026-08-26 06:00:00,2026-08-26 18:43:00,True,Bhopal
24.9,90,28.2,0.0,0.0,3,15.2,0.453,2026-08-26 07:00:00,44,73,0.6,16.5,25.1,4.9,3.7,209.0,68.0,2026-08-26 06:00:00,2026-08-26 18:43:00,True,Bhopal
25.6,86,28.5,0.0,0.0,3,17.8,0.451,2026-08-26 08:00:00,42,71,1.7,18.7,31.4,4.5,3.8,217.0,71.0,2026-08-26 06:00:00,2026-08-26 18:43:00,True,Bhopal
26.3,83,29.1,0.2,0.2,51,19.4,0.45,2026-08-26 09:00:00,40,70,4.05,21.6,39.1,3.7,3.9,208.0,79.0,2026-08-26 06:00:00,2026-08-26 18:43:00,True,Bhopal
27.3,80,30.5,0.1,0.1,51,17.3,0.446,2026-08-26 10:00:00,39,70,2.45,26.3,48.9,2.7,4.0,192.0,90.0,2026-08-26 06:00:00,2026-08-26 18:43:00,True,Bhopal
27.0,77,30.0,0.1,0.1,51,19.3,0.449,2026-08-26 11:00:00,39,69,4.55,24.2,41.8,2.0,4.0,180.0,97.0,2026-08-26 06:00:00,2026-08-26 18:43:00,True,Bhopal
28.1,74,31.4,0.6,0.6,53,16.6,0.45,2026-08-26 12:00:00,40,70,7.1,21.6,36.7,1.7,3.8,177.0,99.0,2026-08-26 06:00:00,2026-08-26 18:43:00,True,Bhopal
28.6,71,32.2,0.5,0.5,53,18.8,0.448,2026-08-26 13:00:00,39,70,4.25,18.7,28.4,1.8,3.5,178.0,97.0,2026-08-26 06:00:00,2026-08-26 18:43:00,True,Bhopal
28.8,74,32.0,0.4,0.4,51,17.6,0.447,2026-08-26 14:00:00,39,70,4.1,16.8,23.4,2.1,3.3,187.0,95.0,2026-08-26 06:00:00,2026-08-26 18:43:00,True,Bhopal
26.6,84,29.9,1.3,1.3,61,18.4,0.456,2026-08-26 15:00:00,39,70,1.85,15.3,23.6,2.9,3.4,209.0,92.0,2026-08-26 06:00:00,2026-08-26 18:43:00,True,Bhopal
26.9,84,30.8,0.2,0.2,51,15.2,0.454,2026-08-26 16:00:00,39,70,1.0,15.6,23.3,3.9,3.7,238.0,87.0,2026-08-26 06:00:00,2026-08-26 18:43:00,True,Bhopal
25.9,90,30.4,0.0,0.0,3,11.0,0.452,2026-08-26 17:00:00,39,70,0.25,20.7,29.1,4.6,2.8,256.0,77.0,2026-08-26 06:00:00,2026-08-26 18:43:00,True,Bhopal
25.0,92,28.8,1.8,1.8,61,13.6,0.472,2026-08-26 18:00:00,40,70,0.0,22.4,32.5,5.1,2.9,255.0,75.0,2026-08-26 06:00:00,2026-08-26 18:43:00,True,Bhopal
24.5,95,28.5,3.6,3.6,63,12.7,0.475,2026-08-26 19:00:00,40,71,0.0,21.9,31.4,5.8,3.0,243.0,73.0,2026-08-26 06:00:00,2026-08-26 18:43:00,False,Bhopal
24.1,95,27.2,0.6,0.6,53,17.0,0.473,2026-08-26 20:00:00,40,71,0.0,22.2,33.6,6.4,3.1,231.0,70.0,2026-08-26 06:00:00,2026-08-26 18:43:00,False,Bhopal
23.8,96,27.1,0.1,0.1,51,15.2,0.472,2026-08-26 21:00:00,41,71,0.0,21.8,33.6,6.9,3.2,220.0,65.0,2026-08-26 06:00:00,2026-08-26 18:43:00,False,Bhopal
23.8,96,27.0,0.1,0.1,51,16.2,0.471,2026-08-26 22:00:00,42,72,0.0,23.1,35.0,7.3,3.3,209.0,60.0,2026-08-26 06:00:00,2026-08-26 18:43:00,False,Bhopal
24.0,93,27.2,0.0,0.0,3,15.5,0.471,2026-08-26 23:00:00,43,72,0.0,24.4,36.9,7.4,3.4,200.0,58.0,2026-08-26 06:00:00,2026-08-26 18:43:00,False,Bhopal
24.1,93,27.3,0.0,0.0,3,14.9,0.466,2026-08-27 00:00:00,44,73,0.0,25.3,38.9,6.9,3.5,194.0,60.0,2026-08-27 06:00:00,2026-08-27 18:42:00,False,Bhopal
24.1,93,27.3,0.0,0.0,3,14.9,0.465,2026-08-27 01:00:00,45,73,0.0,24.3,38.1,6.1,3.7,191.0,66.0,2026-08-27 06:00:00,2026-08-27 18:42:00,False,Bhopal
24.1,92,27.2,0.0,0.0,3,15.4,0.464,2026-08-27 02:00:00,45,73,0.0,23.0,37.4,5.4,3.9,187.0,70.0,2026-08-27 06:00:00,2026-08-27 18:42:00,False,Bhopal
23.7,93,26.5,0.4,0.4,51,16.0,0.464,2026-08-27 03:00:00,45,73,0.0,23.2,40.5,5.1,4.3,181.0,73.0,2026-08-27 06:00:00,2026-08-27 18:42:00,False,Bhopal
23.4,93,25.6,0.2,0.2,51,18.7,0.463,2026-08-27 04:00:00,44,73,0.0,24.9,46.9,5.1,4.7,176.0,75.0,2026-08-27 06:00:00,2026-08-27 18:42:00,False,Bhopal
23.7,94,26.6,0.0,0.0,3,16.7,0.456,2026-08-27 05:00:00,44,73,0.0,25.3,48.2,4.8,4.8,175.0,77.0,2026-08-27 06:00:00,2026-08-27 18:42:00,False,Bhopal
23.7,94,26.2,0.0,0.0,3,18.5,0.456,2026-08-27 06:00:00,46,73,0.05,28.3,56.1,4.9,5.4,184.0,74.0,2026-08-27 06:00:00,2026-08-27 18:42:00,True,Bhopal
24.2,91,27.0,0.1,0.1,51,17.2,0.455,2026-08-27 07:00:00,48,74,0.6,31.7,64.0,4.9,6.3,199.0,69.0,2026-08-27 06:00:00,2026-08-27 18:42:00,True,Bhopal
24.4,91,27.7,0.6,0.6,53,14.2,0.46,2026-08-27 08:00:00,50,76,1.45,32.8,68.5,5.0,7.3,207.0,66.0,2026-08-27 06:00:00,2026-08-27 18:42:00,True,Bhopal
25.0,88,28.0,0.3,0.3,51,16.5,0.46,2026-08-27 09:00:00,53,77,1.6,32.7,67.8,5.0,8.6,202.0,65.0,2026-08-27 06:00:00,2026-08-27 18:42:00,True,Bhopal
25.8,84,28.4,0.3,0.3,51,19.1,0.459,2026-08-27 10:00:00,54,78,2.2,32.1,64.0,5.0,10.0,192.0,64.0,2026-08-27 06:00:00,2026-08-27 18:42:00,True,Bhopal
25.7,83,28.4,0.1,0.1,51,16.7,0.461,2026-08-27 11:00:00,55,78,1.6,31.2,61.0,4.9,10.8,183.0,65.0,2026-08-27 06:00:00,2026-08-27 18:42:00,True,Bhopal
25.6,84,28.4,0.2,0.2,51,17.4,0.459,2026-08-27 12:00:00,57,79,2.65,29.6,54.8,4.6,10.8,176.0,68.0,2026-08-27 06:00:00,2026-08-27 18:42:00,True,Bhopal
26.8,78,29.2,0.1,0.1,51,20.0,0.456,2026-08-27 13:00:00,58,79,2.8,27.6,48.0,4.2,10.2,172.0,72.0,2026-08-27 06:00:00,2026-08-27 18:42:00,True,Bhopal
26.7,78,29.1,0.1,0.1,51,19.3,0.452,2026-08-27 14:00:00,59,80,3.2,26.2,43.9,4.0,9.4,178.0,75.0,2026-08-27 06:00:00,2026-08-27 18:42:00,True,Bhopal
26.5,78,28.7,0.3,0.3,51,19.4,0.452,2026-08-27 15:00:00,60,81,1.9,24.8,39.2,4.3,8.3,204.0,76.0,2026-08-27 06:00:00,2026-08-27 18:42:00,True,Bhopal
25.2,90,28.8,1.1,1.1,55,14.7,0.461,2026-08-27 16:00:00,61,81,0.95,23.7,35.6,4.8,6.9,241.0,77.0,2026-08-27 06:00:00,2026-08-27 18:42:00,True,Bhopal
24.9,90,28.0,0.6,0.6,53,16.1,0.457,2026-08-27 17:00:00,61,82,0.25,23.2,33.5,5.4,5.9,267.0,76.0,2026-08-27 06:00:00,2026-08-27 18:42:00,True,Bhopal
24.6,92,28.2,0.4,0.4,51,13.5,0.45,2026-08-27 18:00:00,61,82,0.0,22.2,31.2,6.3,5.4,272.0,73.0,2026-08-27 06:00:00,2026-08-27 18:42:00,True,Bhopal
24.2,92,27.7,0.1,0.1,51,13.3,0.45,2026-08-27 19:00:00,61,82,0.0,21.8,29.5,7.2,5.3,265.0,69.0,2026-08-27 06:00:00,2026-08-27 18:42:00,False,Bhopal
24.3,92,27.7,0.0,0.0,3,13.2,0.449,2026-08-27 20:00:00,61,82,0.0,21.9,29.0,7.9,5.2,258.0,66.0,2026-08-27 06:00:00,2026-08-27 18:42:00,False,Bhopal
24.3,91,27.8,0.0,0.0,3,12.1,0.449,2026-08-27 21:00:00,61,82,0.0,21.9,29.3,8.0,5.1,254.0,63.0,2026-08-27 06:00:00,2026-08-27 18:42:00,False,Bhopal
24.1,91,27.7,0.0,0.0,3,11.3,0.448,2026-08-27 22:00:00,61,82,0.0,22.4,31.1,7.7,5.0,249.0,61.0,2026-08-27 06:00:00,2026-08-27 18:42:00,False,Bhopal
24.2,91,27.6,0.0,0.0,3,11.8,0.452,2026-08-27 23:00:00,61,82,0.0,23.5,34.8,7.4,5.1,241.0,60.0,2026-08-27 06:00:00,2026-08-27 18:42:00,False,Bhopal
23.9,90,27.0,0.0,0.0,3,13.1,0.446,2026-08-28 00:00:00,61,82,0.0,25.1,39.5,7.2,5.3,228.0,60.0,2026-08-28 06:00:00,2026-08-28 18:41:00,False,Bhopal
23.7,89,26.4,0.0,0.0,3,13.9,0.445,2026-08-28 01:00:00,61,82,0.0,26.7,43.7,6.9,5.6,212.0,60.0,2026-08-28 06:00:00,2026-08-28 18:41:00,False,Bhopal
23.6,87,26.2,0.0,0.0,3,13.6,0.445,2026-08-28 02:00:00,61,82,0.0,27.6,47.1,6.7,5.9,199.0,60.0,2026-08-28 06:00:00,2026-08-28 18:41:00,False,Bhopal
23.3,88,25.7,0.0,0.0,3,14.0,0.444,2026-08-28 03:00:00,61,83,0.0,28.4,50.1,6.6,6.1,190.0,60.0,2026-08-28 06:00:00,2026-08-28 18:41:00,False,Bhopal
23.1,89,25.4,0.0,0.0,3,14.3,0.443,2026-08-28 04:00:00,61,83,0.0,28.8,52.5,6.6,6.2,184.0,60.0,2026-08-28 06:00:00,2026-08-28 18:41:00,False,Bhopal
23.4,90,25.8,0.0,0.0,1,15.3,0.448,2026-08-28 05:00:00,61,83,0.0,28.2,51.2,6.8,6.2,184.0,56.0,2026-08-28 06:00:00,2026-08-28 18:41:00,False,Bhopal
23.4,89,26.0,0.0,0.0,1,13.7,0.448,2026-08-28 06:00:00,61,84,0.05,28.4,51.6,7.3,6.3,195.0,53.0,2026-08-28 06:00:00,2026-08-28 18:41:00,True,Bhopal
24.5,85,27.3,0.0,0.0,3,12.8,0.446,2026-08-28 07:00:00,61,84,0.3,29.4,54.1,7.9,6.4,212.0,49.0,2026-08-28 06:00:00,2026-08-28 18:41:00,True,Bhopal
25.2,82,27.6,0.0,0.0,3,16.5,0.444,2026-08-28 08:00:00,61,83,0.9,30.5,55.3,7.8,6.7,221.0,49.0,2026-08-28 06:00:00,2026-08-28 18:41:00,True,Bhopal
25.6,79,27.7,0.0,0.0,3,18.1,0.442,2026-08-28 09:00:00,61,83,2.65,32.0,60.1,6.4,7.5,214.0,58.0,2026-08-28 06:00:00,2026-08-28 18:41:00,True,Bhopal
26.1,80,29.0,0.0,0.0,3,14.5,0.439,2026-08-28 10:00:00,61,83,4.15,34.1,66.1,4.3,8.6,200.0,72.0,2026-08-28 06:00:00,2026-08-28 18:41:00,True,Bhopal
26.2,77,28.9,0.0,0.0,3,15.2,0.438,2026-08-28 11:00:00,61,83,4.55,34.5,66.8,2.7,9.1,189.0,83.0,2026-08-28 06:00:00,2026-08-28 18:41:00,True,Bhopal
26.9,75,29.8,0.0,0.0,3,13.6,0.435,2026-08-28 12:00:00,61,84,3.5,33.6,64.3,2.0,8.7,185.0,89.0,2026-08-28 06:00:00,2026-08-28 18:41:00,True,Bhopal
26.9,75,29.8,0.3,0.3,51,14.0,0.434,2026-08-28 13:00:00,62,84,2.75,35.4,66.4,1.9,7.8,184.0,92.0,2026-08-28 06:00:00,2026-08-28 18:41:00,True,Bhopal
26.4,81,30.2,0.7,0.7,53,10.5,0.438,2026-08-28 14:00:00,62,84,3.0,32.6,58.3,2.4,7.0,191.0,92.0,2026-08-28 06:00:00,2026-08-28 18:41:00,True,Bhopal
25.3,88,28.9,1.4,1.4,61,12.9,0.451,2026-08-28 15:00:00,62,85,1.85,32.1,56.6,3.7,6.5,207.0,88.0,2026-08-28 06:00:00,2026-08-28 18:41:00,True,Bhopal
25.2,91,29.6,1.3,1.3,61,10.0,0.452,2026-08-28 16:00:00,62,86,0.6,31.5,53.3,5.7,6.2,230.0,81.0,2026-08-28 06:00:00,2026-08-28 18:41:00,True,Bhopal
26.0,88,30.7,3.1,3.1,63,9.6,0.43,2026-08-28 17:00:00,63,86,0.15,34.6,55.8,6.7,5.9,258.0,75.0,2026-08-28 06:00:00,2026-08-28 18:41:00,True,Bhopal
25.5,91,30.1,0.1,0.1,51,9.4,0.431,2026-08-28 18:00:00,63,87,0.0,34.1,51.7,8.2,5.9,301.0,70.0,2026-08-28 06:00:00,2026-08-28 18:41:00,True,Bhopal
25.2,89,29.4,0.0,0.0,3,9.3,0.431,2026-08-28 19:00:00,63,88,0.0,33.6,49.1,10.3,6.0,349.0,63.0,2026-08-28 06:00:00,2026-08-28 18:41:00,False,Bhopal
25.2,87,29.1,0.0,0.0,3,10.1,0.431,2026-08-28 20:00:00,64,89,0.0,32.5,46.0,11.5,5.9,371.0,58.0,2026-08-28 06:00:00,2026-08-28 18:41:00,False,Bhopal
25.3,86,29.0,0.0,0.0,3,10.6,0.43,2026-08-28 21:00:00,64,90,0.0,31.8,44.1,11.1,5.6,345.0,57.0,2026-08-28 06:00:00,2026-08-28 18:41:00,False,Bhopal
25.1,84,28.5,0.0,0.0,3,11.2,0.43,2026-08-28 22:00:00,64,91,0.0,29.9,41.6,9.8,5.3,292.0,59.0,2026-08-28 06:00:00,2026-08-28 18:41:00,False,Bhopal
24.7,83,27.4,0.0,0.0,3,13.5,0.438,2026-08-28 23:00:00,65,91,0.0,27.5,39.0,8.6,5.1,246.0,61.0,2026-08-28 06:00:00,2026-08-28 18:41:00,False,Bhopal
24.2,85,26.8,0.0,0.0,3,14.0,0.437,2026-08-29 00:00:00,65,91,0.0,26.1,38.8,7.7,5.2,219.0,63.0,2026-08-29 06:01:00,2026-08-29 18:40:00,False,Bhopal
24.0,86,26.8,0.0,0.0,2,12.9,0.437,2026-08-29 01:00:00,65,92,0.0,26.7,41.6,6.8,5.4,199.0,65.0,2026-08-29 06:01:00,2026-08-29 18:40:00,False,Bhopal
23.7,87,26.4,0.0,0.0,3,12.9,0.436,2026-08-29 02:00:00,65,92,0.0,27.8,44.8,6.2,5.6,186.0,67.0,2026-08-29 06:01:00,2026-08-29 18:40:00,False,Bhopal
23.8,85,26.3,0.0,0.0,3,12.7,0.436,2026-08-29 03:00:00,65,92,0.0,28.5,47.0,6.1,5.8,182.0,68.0,2026-08-29 06:01:00,2026-08-29 18:40:00,False,Bhopal
23.7,84,26.2,0.0,0.0,3,11.8,0.435,2026-08-29 04:00:00,65,92,0.0,29.0,48.5,6.2,6.0,185.0,67.0,2026-08-29 06:01:00,2026-08-29 18:40:00,False,Bhopal
23.2,90,25.8,0.0,0.0,2,13.6,0.436,2026-08-29 05:00:00,65,92,0.0,27.1,44.4,6.1,6.2,188.0,68.0,2026-08-29 06:01:00,2026-08-29 18:40:00,False,Bhopal
23.1,90,25.8,0.1,0.1,51,12.9,0.431,2026-08-29 06:00:00,65,91,0.1,26.6,43.9,5.8,6.6,192.0,67.0,2026-08-29 06:01:00,2026-08-29 18:40:00,False,Bhopal
23.9,88,26.7,0.2,0.2,51,13.1,0.431,2026-08-29 07:00:00,65,91,0.75,26.1,41.7,5.4,7.2,196.0,65.0,2026-08-29 06:01:00,2026-08-29 18:40:00,True,Bhopal
25.1,80,27.0,0.0,0.0,3,18.8,0.43,2026-08-29 08:00:00,65,91,2.2,27.2,46.4,4.8,7.5,196.0,67.0,2026-08-29 06:01:00,2026-08-29 18:40:00,True,Bhopal
26.1,77,28.5,0.0,0.0,3,16.5,0.427,2026-08-29 09:00:00,64,91,3.55,26.7,46.1,3.8,7.6,187.0,75.0,2026-08-29 06:01:00,2026-08-29 18:40:00,True,Bhopal
26.8,75,29.3,0.0,0.0,3,16.3,0.425,2026-08-29 10:00:00,64,90,5.55,26.6,46.1,2.6,7.4,174.0,85.0,2026-08-29 06:01:00,2026-08-29 18:40:00,True,Bhopal
26.7,75,29.1,0.0,0.0,3,16.6,0.423,2026-08-29 11:00:00,64,90,7.95,24.0,42.6,1.7,7.0,162.0,94.0,2026-08-29 06:01:00,2026-08-29 18:40:00,True,Bhopal
27.7,71,30.7,0.1,0.1,51,15.8,0.419,2026-08-29 12:00:00,64,89,7.45,22.6,40.0,1.3,6.2,152.0,99.0,2026-08-29 06:01:00,2026-08-29 18:40:00,True,Bhopal
28.2,71,31.7,0.0,0.0,1,15.0,0.414,2026-08-29 13:00:00,63,88,5.85,20.8,36.0,1.2,5.1,143.0,102.0,2026-08-29 06:01:00,2026-08-29 18:40:00,True,Bhopal
28.6,69,32.0,0.0,0.0,1,15.4,0.408,2026-08-29 14:00:00,63,87,4.2,19.2,32.7,1.4,4.2,143.0,102.0,2026-08-29 06:01:00,2026-08-29 18:40:00,True,Bhopal
28.7,68,32.0,0.0,0.0,3,14.0,0.403,2026-08-29 15:00:00,62,86,2.25,17.6,29.7,2.1,3.7,158.0,96.0,2026-08-29 06:01:00,2026-08-29 18:40:00,True,Bhopal
28.3,69,31.4,0.1,0.1,51,12.7,0.4,2026-08-29 16:00:00,62,85,0.95,17.1,27.6,3.1,3.3,181.0,87.0,2026-08-29 06:01:00,2026-08-29 18:40:00,True,Bhopal
27.7,69,30.0,0.1,0.1,51,15.2,0.396,2026-08-29 17:00:00,61,84,0.2,23.1,38.4,3.8,3.4,204.0,81.0,2026-08-29 06:01:00,2026-08-29 18:40:00,True,Bhopal
26.5,75,29.4,0.0,0.0,3,12.8,0.395,2026-08-29 18:00:00,61,83,0.0,23.1,36.4,4.9,3.6,226.0,76.0,2026-08-29 06:01:00,2026-08-29 18:40:00,True,Bhopal
25.9,79,29.2,0.0,0.0,3,10.1,0.394,2026-08-29 19:00:00,61,82,0.0,23.3,35.7,6.4,3.8,248.0,69.0,2026-08-29 06:01:00,2026-08-29 18:40:00,False,Bhopal
25.7,79,29.1,0.0,0.0,3,9.6,0.394,2026-08-29 20:00:00,60,81,0.0,23.5,35.7,7.4,4.0,259.0,64.0,2026-08-29 06:01:00,2026-08-29 18:40:00,False,Bhopal
25.4,80,28.6,0.0,0.0,3,9.4,0.394,2026-08-29 21:00:00,60,80,0.0,23.7,36.3,7.4,4.2,251.0,62.0,2026-08-29 06:01:00,2026-08-29 18:40:00,False,Bhopal
25.0,80,27.9,0.0,0.0,3,10.7,0.394,2026-08-29 22:00:00,59,80,0.0,24.2,37.3,7.0,4.5,233.0,62.0,2026-08-29 06:01:00,2026-08-29 18:40:00,False,Bhopal
24.7,80,27.0,0.0,0.0,3,13.4,0.396,2026-08-29 23:00:00,58,79,0.0,24.4,37.8,6.6,4.7,214.0,62.0,2026-08-29 06:01:00,2026-08-29 18:40:00,False,Bhopal
24.2,82,26.7,0.0,0.0,3,12.6,0.396,2026-08-30 00:00:00,58,79,0.0,24.6,37.8,6.5,4.9,198.0,62.0,2026-08-30 06:01:00,2026-08-30 18:39:00,False,Bhopal
23.8,85,26.4,0.0,0.0,3,11.9,0.397,2026-08-30 01:00:00,57,79,0.0,24.3,37.1,6.5,5.1,181.0,62.0,2026-08-30 06:01:00,2026-08-30 18:39:00,False,Bhopal
23.6,86,26.3,0.0,0.0,3,11.7,0.397,2026-08-30 02:00:00,57,79,0.0,23.7,36.2,6.6,5.3,171.0,61.0,2026-08-30 06:01:00,2026-08-30 18:39:00,False,Bhopal
23.3,87,26.0,0.0,0.0,1,11.9,0.397,2026-08-30 03:00:00,56,78,0.0,22.5,34.3,6.8,5.5,170.0,60.0,2026-08-30 06:01:00,2026-08-30 18:39:00,False,Bhopal
23.1,87,25.8,0.0,0.0,1,11.3,0.397,2026-08-30 04:00:00,55,78,0.0,22.1,33.9,7.1,5.6,176.0,58.0,2026-08-30 06:01:00,2026-08-30 18:39:00,False,Bhopal
23.2,86,25.5,0.0,0.0,0,13.6,0.396,2026-08-30 05:00:00,54,77,0.0,21.4,33.5,6.7,6.1,180.0,59.0,2026-08-30 06:01:00,2026-08-30 18:39:00,False,Bhopal
23.2,86,25.3,0.0,0.0,3,14.0,0.396,2026-08-30 06:00:00,53,77,0.05,21.7,33.8,7.0,6.6,182.0,56.0,2026-08-30 06:01:00,2026-08-30 18:39:00,False,Bhopal
24.0,84,26.5,0.0,0.0,2,12.9,0.396,2026-08-30 07:00:00,52,77,0.35,22.4,34.2,7.3,7.3,182.0,51.0,2026-08-30 06:01:00,2026-08-30 18:39:00,True,Bhopal
24.8,81,26.6,0.0,0.0,3,18.8,0.395,2026-08-30 08:00:00,52,76,0.8,23.3,36.0,7.1,7.6,180.0,50.0,2026-08-30 06:01:00,2026-08-30 18:39:00,True,Bhopal
25.1,79,27.1,0.0,0.0,3,16.7,0.393,2026-08-30 09:00:00,51,76,1.35,24.2,37.4,6.0,7.4,172.0,55.0,2026-08-30 06:01:00,2026-08-30 18:39:00,True,Bhopal
25.3,78,27.6,0.0,0.0,3,14.7,0.391,2026-08-30 10:00:00,51,76,1.8,23.7,37.1,4.5,6.9,161.0,63.0,2026-08-30 06:01:00,2026-08-30 18:39:00,True,Bhopal
25.8,76,28.0,0.0,0.0,3,15.2,0.389,2026-08-30 11:00:00,50,76,2.05,21.8,35.9,3.3,6.2,152.0,70.0,2026-08-30 06:01:00,2026-08-30 18:39:00,True,Bhopal
25.8,76,28.3,0.0,0.0,3,13.4,0.388,2026-08-30 12:00:00,50,75,2.25,20.6,35.5,2.6,5.3,146.0,74.0,2026-08-30 06:01:00,2026-08-30 18:39:00,True,Bhopal
26.1,73,28.4,0.0,0.0,3,13.7,0.386,2026-08-30 13:00:00,49,75,2.05,19.7,35.6,2.2,4.4,141.0,77.0,2026-08-30 06:01:00,2026-08-30 18:39:00,True,Bhopal
26.6,71,28.8,0.0,0.0,3,15.0,0.384,2026-08-30 14:00:00,49,75,1.8,19.6,35.9,2.1,3.6,142.0,78.0,2026-08-30 06:01:00,2026-08-30 18:39:00,True,Bhopal
26.5,71,28.8,0.0,0.0,3,13.8,0.382,2026-08-30 15:00:00,49,75,1.5,19.5,35.3,2.5,3.2,149.0,76.0,2026-08-30 06:01:00,2026-08-30 18:39:00,True,Bhopal
26.1,76,29.1,0.0,0.0,3,10.6,0.381,2026-08-30 16:00:00,50,75,1.05,19.6,33.4,3.3,3.1,162.0,72.0,2026-08-30 06:01:00,2026-08-30 18:39:00,True,Bhopal
26.2,75,29.0,0.0,0.0,3,11.9,0.392,2026-08-30 17:00:00,50,75,0.25,21.7,40.3,3.4,3.0,178.0,70.0,2026-08-30 06:01:00,2026-08-30 18:39:00,True,Bhopal
25.5,78,28.6,0.0,0.0,3,10.7,0.391,2026-08-30 18:00:00,50,75,0.0,21.5,37.4,4.3,3.2,202.0,67.0,2026-08-30 06:01:00,2026-08-30 18:39:00,True,Bhopal
24.8,82,28.1,0.0,0.0,3,8.9,0.391,2026-08-30 19:00:00,50,75,0.0,21.5,35.9,5.5,3.6,230.0,63.0,2026-08-30 06:01:00,2026-08-30 18:39:00,False,Bhopal
24.7,84,28.3,0.0,0.0,3,7.5,0.391,2026-08-30 20:00:00,49,75,0.0,21.3,35.0,6.3,3.9,247.0,60.0,2026-08-30 06:01:00,2026-08-30 18:39:00,False,Bhopal
24.8,83,28.2,0.0,0.0,3,9.1,0.391,2026-08-30 21:00:00,49,75,0.0,21.1,34.2,6.3,4.2,244.0,60.0,2026-08-30 06:01:00,2026-08-30 18:39:00,False,Bhopal
24.5,83,27.4,0.0,0.0,3,11.2,0.391,2026-08-30 22:00:00,48,75,0.0,20.9,33.5,5.9,4.5,230.0,62.0,2026-08-30 06:01:00,2026-08-30 18:39:00,False,Bhopal
24.2,82,26.7,0.0,0.0,3,12.4,0.393,2026-08-30 23:00:00,48,74,0.0,20.8,33.3,5.7,4.7,214.0,63.0,2026-08-30 06:01:00,2026-08-30 18:39:00,False,Bhopal
24.2,91,27.7,0.0,0.0,3,11.0,0.39,2026-08-25 00:00:00,69,102,0.0,34.3,52.2,13.1,6.9,238.0,53.0,2026-08-25 06:06:00,2026-08-25 18:50:00,False,Indore
23.9,91,27.4,0.1,0.1,51,10.9,0.391,2026-08-25 01:00:00,69,102,0.0,33.1,51.5,11.2,6.6,210.0,58.0,2026-08-25 06:06:00,2026-08-25 18:50:00,False,Indore
23.7,92,27.2,0.0,0.0,2,11.0,0.391,2026-08-25 02:00:00,69,102,0.0,33.4,55.1,9.8,6.8,194.0,61.0,2026-08-25 06:06:00,2026-08-25 18:50:00,False,Indore
23.6,92,26.9,0.0,0.0,2,11.7,0.39,2026-08-25 03:00:00,69,103,0.0,34.2,59.1,9.2,7.5,187.0,60.0,2026-08-25 06:06:00,2026-08-25 18:50:00,False,Indore
23.4,93,26.6,0.0,0.0,2,12.1,0.39,2026-08-25 04:00:00,69,103,0.0,34.2,60.5,9.0,8.7,193.0,57.0,2026-08-25 06:06:00,2026-08-25 18:50:00,False,Indore
23.8,93,27.3,0.0,0.0,3,11.2,0.379,2026-08-25 05:00:00,69,103,0.0,32.5,60.1,8.7,10.0,207.0,54.0,2026-08-25 06:06:00,2026-08-25 18:50:00,False,Indore
23.6,93,27.2,0.0,0.0,3,10.9,0.378,2026-08-25 06:00:00,69,103,0.1,31.5,60.1,8.6,11.5,239.0,52.0,2026-08-25 06:06:00,2026-08-25 18:50:00,False,Indore
24.1,91,27.4,0.0,0.0,3,12.6,0.378,2026-08-25 07:00:00,69,103,0.65,32.6,65.4,8.3,13.5,279.0,50.0,2026-08-25 06:06:00,2026-08-25 18:50:00,True,Indore
25.2,88,28.8,0.1,0.1,51,12.4,0.376,2026-08-25 08:00:00,69,103,1.7,37.1,86.1,7.6,14.2,296.0,53.0,2026-08-25 06:06:00,2026-08-25 18:50:00,True,Indore
26.4,82,30.2,0.0,0.0,1,12.3,0.374,2026-08-25 09:00:00,70,104,4.15,39.6,93.6,5.9,12.4,265.0,66.0,2026-08-25 06:06:00,2026-08-25 18:50:00,True,Indore
27.8,77,32.2,0.0,0.0,3,13.3,0.369,2026-08-25 10:00:00,70,105,6.15,39.6,93.4,3.7,9.3,211.0,84.0,2026-08-25 06:06:00,2026-08-25 18:50:00,True,Indore
28.3,70,32.1,0.1,0.1,51,13.6,0.371,2026-08-25 11:00:00,70,105,3.45,37.0,85.9,2.3,6.7,178.0,97.0,2026-08-25 06:06:00,2026-08-25 18:50:00,True,Indore
25.1,86,28.7,3.3,3.3,63,10.8,0.407,2026-08-25 12:00:00,70,106,2.5,35.0,79.4,2.1,5.4,187.0,99.0,2026-08-25 06:06:00,2026-08-25 18:50:00,True,Indore
26.4,83,30.8,2.5,2.5,63,9.0,0.435,2026-08-25 13:00:00,70,106,4.1,31.9,66.4,2.8,4.7,218.0,96.0,2026-08-25 06:06:00,2026-08-25 18:50:00,True,Indore
26.5,82,30.1,1.0,1.0,55,12.8,0.441,2026-08-25 14:00:00,70,105,2.3,28.3,54.0,3.9,4.1,255.0,90.0,2026-08-25 06:06:00,2026-08-25 18:50:00,True,Indore
25.2,91,29.1,5.0,5.0,63,13.0,0.497,2026-08-25 15:00:00,70,104,0.85,25.9,45.5,5.9,3.6,301.0,82.0,2026-08-25 06:06:00,2026-08-25 18:50:00,True,Indore
25.0,89,28.9,2.1,2.1,61,11.6,0.508,2026-08-25 16:00:00,70,104,0.2,23.3,39.1,8.4,3.2,353.0,72.0,2026-08-25 06:06:00,2026-08-25 18:50:00,True,Indore
25.8,86,29.8,0.6,0.6,53,10.2,0.443,2026-08-25 17:00:00,69,102,0.2,22.4,36.7,9.6,3.3,387.0,60.0,2026-08-25 06:06:00,2026-08-25 18:50:00,True,Indore
25.1,87,28.8,0.2,0.2,51,11.2,0.444,2026-08-25 18:00:00,68,100,0.0,23.0,37.3,10.7,3.7,390.0,58.0,2026-08-25 06:06:00,2026-08-25 18:50:00,True,Indore
24.8,91,28.9,0.1,0.1,51,10.0,0.443,2026-08-25 19:00:00,68,98,0.0,24.5,39.1,12.2,4.2,374.0,56.0,2026-08-25 06:06:00,2026-08-25 18:50:00,False,Indore
24.5,91,28.5,0.0,0.0,3,10.0,0.442,2026-08-25 20:00:00,67,96,0.0,25.5,41.2,13.0,4.7,353.0,55.0,2026-08-25 06:06:00,2026-08-25 18:50:00,False,Indore
24.3,91,28.2,0.0,0.0,3,10.3,0.441,2026-08-25 21:00:00,66,95,0.0,26.3,43.4,12.4,5.0,330.0,56.0,2026-08-25 06:06:00,2026-08-25 18:50:00,False,Indore
24.1,93,27.9,0.0,0.0,3,11.0,0.44,2026-08-25 22:00:00,66,93,0.0,26.8,44.1,11.1,5.3,302.0,58.0,2026-08-25 06:06:00,2026-08-25 18:50:00,False,Indore
24.1,94,27.9,0.0,0.0,3,11.9,0.418,2026-08-25 23:00:00,65,92,0.0,26.8,43.7,9.8,5.7,273.0,61.0,2026-08-25 06:06:00,2026-08-25 18:50:00,False,Indore
24.1,92,27.8,0.0,0.0,3,11.3,0.417,2026-08-26 00:00:00,65,91,0.0,26.4,43.4,8.6,6.3,240.0,67.0,2026-08-26 06:07:00,2026-08-26 18:49:00,False,Indore
24.2,89,27.1,0.2,0.2,51,14.8,0.419,2026-08-26 01:00:00,64,90,0.0,27.1,46.8,7.3,7.1,205.0,74.0,2026-08-26 06:07:00,2026-08-26 18:49:00,False,Indore
23.6,93,26.5,0.8,0.8,53,14.7,0.427,2026-08-26 02:00:00,64,90,0.0,28.8,53.6,6.5,8.1,181.0,77.0,2026-08-26 06:07:00,2026-08-26 18:49:00,False,Indore
23.4,94,26.3,0.2,0.2,51,15.1,0.429,2026-08-26 03:00:00,64,90,0.0,30.4,58.0,6.4,9.6,170.0,73.0,2026-08-26 06:07:00,2026-08-26 18:49:00,False,Indore
23.2,96,26.3,4.3,4.3,63,14.1,0.485,2026-08-26 04:00:00,64,89,0.0,31.2,60.8,6.8,11.4,171.0,65.0,2026-08-26 06:07:00,2026-08-26 18:49:00,False,Indore
23.5,94,26.4,10.3,10.3,65,15.0,0.483,2026-08-26 05:00:00,64,89,0.0,21.8,41.4,6.3,7.9,189.0,68.0,2026-08-26 06:07:00,2026-08-26 18:49:00,False,Indore
23.3,96,26.6,0.7,0.7,53,13.4,0.487,2026-08-26 06:00:00,63,88,0.05,23.4,45.5,7.2,9.3,246.0,62.0,2026-08-26 06:07:00,2026-08-26 18:49:00,False,Indore
23.3,97,26.6,3.9,3.9,63,13.8,0.513,2026-08-26 07:00:00,63,88,0.5,25.0,47.5,8.4,11.0,320.0,54.0,2026-08-26 06:07:00,2026-08-26 18:49:00,True,Indore
23.8,96,27.6,3.3,3.3,63,11.6,0.498,2026-08-26 08:00:00,63,87,1.05,27.1,53.0,8.8,11.7,356.0,51.0,2026-08-26 06:07:00,2026-08-26 18:49:00,True,Indore
25.4,88,28.7,0.2,0.2,51,16.4,0.491,2026-08-26 09:00:00,63,86,1.65,30.0,62.6,7.4,10.1,315.0,57.0,2026-08-26 06:07:00,2026-08-26 18:49:00,True,Indore
26.1,84,28.8,0.2,0.2,51,18.8,0.485,2026-08-26 10:00:00,62,85,1.95,28.9,62.6,5.2,7.5,235.0,67.0,2026-08-26 06:07:00,2026-08-26 18:49:00,True,Indore
26.9,79,29.4,0.2,0.2,51,19.3,0.486,2026-08-26 11:00:00,62,85,2.05,26.9,61.7,3.6,5.3,179.0,75.0,2026-08-26 06:07:00,2026-08-26 18:49:00,True,Indore
26.6,82,30.4,1.0,1.0,55,17.7,0.479,2026-08-26 12:00:00,62,84,4.2,24.7,49.1,3.1,4.3,171.0,77.0,2026-08-26 06:07:00,2026-08-26 18:49:00,True,Indore
26.7,79,29.9,0.3,0.3,51,17.1,0.474,2026-08-26 13:00:00,61,83,1.4,25.8,58.3,3.1,3.8,187.0,76.0,2026-08-26 06:07:00,2026-08-26 18:49:00,True,Indore
27.3,78,30.6,0.1,0.1,51,18.0,0.467,2026-08-26 14:00:00,61,83,1.3,27.4,60.8,3.6,3.6,209.0,75.0,2026-08-26 06:07:00,2026-08-26 18:49:00,True,Indore
26.3,79,28.6,0.4,0.4,51,19.0,0.466,2026-08-26 15:00:00,61,83,1.45,27.1,55.1,4.8,3.5,239.0,72.0,2026-08-26 06:07:00,2026-08-26 18:49:00,True,Indore
26.6,78,28.9,0.1,0.1,51,19.2,0.462,2026-08-26 16:00:00,61,83,0.55,25.0,46.7,6.5,3.6,276.0,69.0,2026-08-26 06:07:00,2026-08-26 18:49:00,True,Indore
26.2,81,29.0,0.1,0.1,51,17.0,0.47,2026-08-26 17:00:00,61,83,0.3,33.8,66.6,5.4,5.0,302.0,81.0,2026-08-26 06:07:00,2026-08-26 18:49:00,True,Indore
25.8,83,29.0,0.0,0.0,3,14.1,0.467,2026-08-26 18:00:00,61,84,0.0,32.0,55.9,6.7,5.6,310.0,79.0,2026-08-26 06:07:00,2026-08-26 18:49:00,True,Indore
25.5,85,28.8,0.0,0.0,3,13.2,0.465,2026-08-26 19:00:00,62,84,0.0,30.9,51.8,8.4,6.5,308.0,77.0,2026-08-26 06:07:00,2026-08-26 18:49:00,False,Indore
25.1,87,28.4,0.1,0.1,51,13.4,0.463,2026-08-26 20:00:00,62,85,0.0,32.0,54.4,9.5,7.1,301.0,76.0,2026-08-26 06:07:00,2026-08-26 18:49:00,False,Indore
24.8,87,28.1,0.1,0.1,51,13.0,0.463,2026-08-26 21:00:00,62,85,0.0,34.2,61.0,9.3,7.3,290.0,77.0,2026-08-26 06:07:00,2026-08-26 18:49:00,False,Indore
24.5,87,27.6,0.0,0.0,3,12.8,0.461,2026-08-26 22:00:00,62,86,0.0,38.1,71.2,8.4,7.3,275.0,78.0,2026-08-26 06:07:00,2026-08-26 18:49:00,False,Indore
24.4,82,26.8,0.0,0.0,3,14.4,0.458,2026-08-26 23:00:00,63,87,0.0,41.8,82.7,7.7,7.2,256.0,78.0,2026-08-26 06:07:00,2026-08-26 18:49:00,False,Indore
24.1,83,26.5,0.0,0.0,3,13.7,0.456,2026-08-27 00:00:00,63,88,0.0,43.7,90.3,7.4,6.9,231.0,75.0,2026-08-27 06:07:00,2026-08-27 18:48:00,False,Indore
23.9,85,26.3,0.0,0.0,3,13.9,0.455,2026-08-27 01:00:00,64,89,0.0,42.5,89.4,7.2,6.6,203.0,69.0,2026-08-27 06:07:00,2026-08-27 18:48:00,False,Indore
23.6,88,26.3,0.0,0.0,3,13.5,0.453,2026-08-27 02:00:00,64,91,0.0,38.6,80.3,7.2,6.8,181.0,64.0,2026-08-27 06:07:00,2026-08-27 18:48:00,False,Indore
23.3,90,26.0,0.0,0.0,3,13.7,0.452,2026-08-27 03:00:00,65,91,0.0,33.6,68.9,7.5,8.1,169.0,59.0,2026-08-27 06:07:00,2026-08-27 18:48:00,False,Indore
23.3,90,25.8,0.0,0.0,3,15.0,0.451,2026-08-27 04:00:00,65,92,0.0,29.1,59.4,8.1,9.9,163.0,54.0,2026-08-27 06:07:00,2026-08-27 18:48:00,False,Indore
23.4,93,26.2,0.0,0.0,3,14.9,0.446,2026-08-27 05:00:00,65,91,0.0,27.0,52.5,9.1,12.2,168.0,48.0,2026-08-27 06:07:00,2026-08-27 18:48:00,False,Indore
23.4,93,26.2,0.0,0.0,3,15.1,0.445,2026-08-27 06:00:00,65,92,0.05,23.3,44.7,9.8,13.1,191.0,42.0,2026-08-27 06:07:00,2026-08-27 18:48:00,False,Indore
23.9,91,26.7,0.0,0.0,3,15.5,0.444,2026-08-27 07:00:00,65,92,0.3,22.8,43.3,10.6,14.2,225.0,35.0,2026-08-27 06:07:00,2026-08-27 18:48:00,True,Indore
24.6,87,26.9,0.0,0.0,3,18.3,0.442,2026-08-27 08:00:00,65,92,0.65,23.3,44.1,10.5,14.4,244.0,34.0,2026-08-27 06:07:00,2026-08-27 18:48:00,True,Indore
25.3,83,27.5,0.2,0.2,51,19.0,0.441,2026-08-27 09:00:00,65,91,1.35,23.6,43.7,8.7,12.7,235.0,44.0,2026-08-27 06:07:00,2026-08-27 18:48:00,True,Indore
25.8,81,28.2,0.2,0.2,51,17.8,0.439,2026-08-27 10:00:00,65,91,3.0,23.6,44.9,5.9,10.1,212.0,61.0,2026-08-27 06:07:00,2026-08-27 18:48:00,True,Indore
25.8,78,28.0,0.1,0.1,51,17.5,0.441,2026-08-27 11:00:00,64,90,3.8,23.9,46.1,3.8,7.9,196.0,75.0,2026-08-27 06:07:00,2026-08-27 18:48:00,True,Indore
25.9,78,28.2,0.1,0.1,51,16.6,0.438,2026-08-27 12:00:00,64,90,3.6,24.7,48.3,2.8,6.6,192.0,84.0,2026-08-27 06:07:00,2026-08-27 18:48:00,True,Indore
26.8,72,29.0,0.0,0.0,3,16.3,0.434,2026-08-27 13:00:00,64,90,3.8,25.4,49.8,2.4,5.8,195.0,90.0,2026-08-27 06:07:00,2026-08-27 18:48:00,True,Indore
26.0,77,28.9,0.0,0.0,3,12.4,0.431,2026-08-27 14:00:00,64,90,3.55,26.5,53.0,2.5,5.2,207.0,93.0,2026-08-27 06:07:00,2026-08-27 18:48:00,True,Indore
26.7,71,28.9,0.1,0.1,51,14.7,0.429,2026-08-27 15:00:00,64,90,2.35,26.5,54.6,3.2,4.8,233.0,91.0,2026-08-27 06:07:00,2026-08-27 18:48:00,True,Indore
26.8,70,29.1,0.0,0.0,3,13.5,0.426,2026-08-27 16:00:00,64,90,1.0,27.8,57.4,4.3,4.5,268.0,85.0,2026-08-27 06:07:00,2026-08-27 18:48:00,True,Indore
26.3,74,28.9,0.0,0.0,3,12.7,0.423,2026-08-27 17:00:00,64,90,0.25,28.4,55.8,5.7,4.6,296.0,79.0,2026-08-27 06:07:00,2026-08-27 18:48:00,True,Indore
25.6,76,28.2,0.0,0.0,3,12.2,0.421,2026-08-27 18:00:00,64,90,0.0,30.2,56.3,7.5,5.1,313.0,74.0,2026-08-27 06:07:00,2026-08-27 18:48:00,True,Indore
24.9,79,27.6,0.0,0.0,3,10.7,0.42,2026-08-27 19:00:00,64,90,0.0,31.4,57.7,9.5,5.9,324.0,68.0,2026-08-27 06:07:00,2026-08-27 18:48:00,False,Indore
24.3,82,27.1,0.0,0.0,3,10.5,0.419,2026-08-27 20:00:00,64,90,0.0,32.0,58.1,10.8,6.4,323.0,64.0,2026-08-27 06:07:00,2026-08-27 18:48:00,False,Indore
24.0,84,26.7,0.0,0.0,3,11.0,0.418,2026-08-27 21:00:00,64,90,0.0,31.9,58.0,10.9,6.5,304.0,61.0,2026-08-27 06:07:00,2026-08-27 18:48:00,False,Indore
23.6,85,26.3,0.0,0.0,3,11.1,0.417,2026-08-27 22:00:00,64,90,0.0,31.5,58.2,10.4,6.4,274.0,60.0,2026-08-27 06:07:00,2026-08-27 18:48:00,False,Indore
23.5,85,26.0,0.0,0.0,3,12.3,0.415,2026-08-27 23:00:00,64,89,0.0,30.6,58.4,9.8,6.3,245.0,58.0,2026-08-27 06:07:00,2026-08-27 18:48:00,False,Indore
23.2,86,25.8,0.0,0.0,3,11.5,0.415,2026-08-28 00:00:00,63,88,0.0,29.7,58.8,9.4,6.2,219.0,57.0,2026-08-28 06:07:00,2026-08-28 18:47:00,False,Indore
23.0,87,25.5,0.0,0.0,2,12.1,0.414,2026-08-28 01:00:00,63,87,0.0,28.7,57.3,8.9,6.2,195.0,55.0,2026-08-28 06:07:00,2026-08-28 18:47:00,False,Indore
22.7,89,25.2,0.0,0.0,3,11.9,0.414,2026-08-28 02:00:00,62,86,0.0,27.3,52.9,8.6,6.9,177.0,53.0,2026-08-28 06:07:00,2026-08-28 18:47:00,False,Indore
22.4,91,24.9,0.0,0.0,3,12.5,0.413,2026-08-28 03:00:00,62,85,0.0,25.4,46.7,8.7,9.1,167.0,49.0,2026-08-28 06:07:00,2026-08-28 18:47:00,False,Indore
22.3,93,24.7,0.0,0.0,2,13.2,0.413,2026-08-28 04:00:00,62,84,0.0,23.1,41.0,8.9,12.1,163.0,45.0,2026-08-28 06:07:00,2026-08-28 18:47:00,False,Indore
22.8,95,25.6,0.0,0.0,3,13.8,0.414,2026-08-28 05:00:00,62,84,0.0,26.4,50.6,9.6,10.7,168.0,42.0,2026-08-28 06:07:00,2026-08-28 18:47:00,False,Indore
23.0,94,25.8,0.0,0.0,3,14.0,0.414,2026-08-28 06:00:00,62,84,0.05,23.8,43.7,9.7,11.8,189.0,39.0,2026-08-28 06:07:00,2026-08-28 18:47:00,False,Indore
23.9,89,26.5,0.0,0.0,3,15.4,0.414,2026-08-28 07:00:00,62,84,0.35,22.1,39.7,9.9,13.3,218.0,36.0,2026-08-28 06:07:00,2026-08-28 18:47:00,True,Indore
24.7,84,26.9,0.0,0.0,3,17.6,0.412,2026-08-28 08:00:00,62,84,0.95,22.5,42.0,9.3,13.8,233.0,38.0,2026-08-28 06:07:00,2026-08-28 18:47:00,True,Indore
26.0,77,28.3,0.1,0.1,51,16.6,0.41,2026-08-28 09:00:00,62,84,1.95,23.9,46.1,7.5,12.5,220.0,51.0,2026-08-28 06:07:00,2026-08-28 18:47:00,True,Indore
26.6,75,29.0,0.2,0.2,51,15.7,0.407,2026-08-28 10:00:00,62,84,3.5,25.9,50.5,4.9,10.3,193.0,70.0,2026-08-28 06:07:00,2026-08-28 18:47:00,True,Indore
27.1,71,30.1,0.2,0.2,51,17.2,0.405,2026-08-28 11:00:00,62,84,5.85,26.8,51.5,3.0,8.3,173.0,86.0,2026-08-28 06:07:00,2026-08-28 18:47:00,True,Indore
27.4,70,30.6,0.1,0.1,51,16.5,0.4,2026-08-28 12:00:00,62,84,7.45,25.3,47.6,2.1,6.8,166.0,96.0,2026-08-28 06:07:00,2026-08-28 18:47:00,True,Indore
28.0,66,31.5,0.1,0.1,51,16.5,0.393,2026-08-28 13:00:00,62,84,6.35,23.5,43.9,1.8,5.6,165.0,103.0,2026-08-28 06:07:00,2026-08-28 18:47:00,True,Indore
28.0,68,31.6,0.1,0.1,51,15.5,0.386,2026-08-28 14:00:00,62,84,5.05,21.8,39.6,1.9,4.7,172.0,106.0,2026-08-28 06:07:00,2026-08-28 18:47:00,True,Indore
27.7,70,30.3,0.0,0.0,1,14.3,0.381,2026-08-28 15:00:00,62,84,2.8,20.5,38.1,2.3,4.3,186.0,106.0,2026-08-28 06:07:00,2026-08-28 18:47:00,True,Indore
27.5,70,30.2,0.0,0.0,1,13.7,0.376,2026-08-28 16:00:00,61,83,1.45,19.7,36.0,3.2,4.2,206.0,102.0,2026-08-28 06:07:00,2026-08-28 18:47:00,True,Indore
27.2,70,29.6,0.0,0.0,3,14.3,0.376,2026-08-28 17:00:00,61,83,0.35,25.1,45.6,5.4,4.2,235.0,86.0,2026-08-28 06:07:00,2026-08-28 18:47:00,True,Indore
26.3,75,29.4,0.0,0.0,3,10.8,0.374,2026-08-28 18:00:00,61,82,0.0,26.8,46.9,6.8,4.7,282.0,82.0,2026-08-28 06:07:00,2026-08-28 18:47:00,True,Indore
25.3,80,28.8,0.0,0.0,3,7.8,0.373,2026-08-28 19:00:00,61,82,0.0,29.0,49.7,8.8,5.3,337.0,75.0,2026-08-28 06:07:00,2026-08-28 18:47:00,False,Indore
24.9,83,28.3,0.0,0.0,3,9.0,0.373,2026-08-28 20:00:00,61,82,0.0,31.2,52.9,10.2,5.8,371.0,70.0,2026-08-28 06:07:00,2026-08-28 18:47:00,False,Indore
24.5,85,28.0,0.0,0.0,3,9.2,0.372,2026-08-28 21:00:00,61,82,0.0,32.8,55.4,10.5,6.1,371.0,67.0,2026-08-28 06:07:00,2026-08-28 18:47:00,False,Indore
24.5,85,27.5,0.0,0.0,2,11.5,0.372,2026-08-28 22:00:00,61,82,0.0,34.1,57.4,10.3,6.3,350.0,65.0,2026-08-28 06:07:00,2026-08-28 18:47:00,False,Indore
24.0,84,26.4,0.0,0.0,1,13.0,0.372,2026-08-28 23:00:00,61,82,0.0,34.5,58.6,10.1,6.4,319.0,63.0,2026-08-28 06:07:00,2026-08-28 18:47:00,False,Indore
23.5,85,26.0,0.0,0.0,1,12.4,0.371,2026-08-29 00:00:00,61,83,0.0,33.8,57.9,9.9,6.2,273.0,60.0,2026-08-29 06:08:00,2026-08-29 18:46:00,False,Indore
23.3,86,25.8,0.0,0.0,3,12.3,0.371,2026-08-29 01:00:00,61,83,0.0,32.7,56.1,9.7,6.0,217.0,57.0,2026-08-29 06:08:00,2026-08-29 18:46:00,False,Indore
23.1,88,25.7,0.0,0.0,3,12.1,0.371,2026-08-29 02:00:00,61,83,0.0,30.2,50.8,9.6,6.5,176.0,53.0,2026-08-29 06:08:00,2026-08-29 18:46:00,False,Indore
22.7,90,25.1,0.0,0.0,2,13.2,0.37,2026-08-29 03:00:00,61,83,0.0,25.3,40.7,9.9,8.6,161.0,47.0,2026-08-29 06:08:00,2026-08-29 18:46:00,False,Indore
22.6,93,25.2,0.0,0.0,3,13.9,0.37,2026-08-29 04:00:00,61,83,0.0,20.8,32.1,10.4,11.6,161.0,40.0,2026-08-29 06:08:00,2026-08-29 18:46:00,False,Indore
23.3,92,25.9,0.0,0.0,3,15.3,0.37,2026-08-29 05:00:00,61,83,0.0,17.4,25.4,10.1,12.5,168.0,38.0,2026-08-29 06:08:00,2026-08-29 18:46:00,False,Indore
23.4,92,26.0,0.0,0.0,3,15.7,0.37,2026-08-29 06:00:00,61,83,0.05,13.6,19.8,10.1,12.5,188.0,35.0,2026-08-29 06:08:00,2026-08-29 18:46:00,False,Indore
23.7,90,26.3,0.0,0.0,3,15.7,0.369,2026-08-29 07:00:00,61,82,0.4,12.7,18.6,9.9,12.4,215.0,32.0,2026-08-29 06:08:00,2026-08-29 18:46:00,True,Indore
24.5,86,26.9,0.1,0.1,51,16.3,0.369,2026-08-29 08:00:00,60,81,1.15,12.6,18.2,9.2,11.7,228.0,33.0,2026-08-29 06:08:00,2026-08-29 18:46:00,True,Indore
25.4,81,27.6,0.2,0.2,51,17.7,0.368,2026-08-29 09:00:00,60,80,2.0,13.2,20.1,7.4,9.9,210.0,44.0,2026-08-29 06:08:00,2026-08-29 18:46:00,True,Indore
26.4,75,28.3,0.2,0.2,51,18.3,0.365,2026-08-29 10:00:00,58,79,3.5,15.0,24.7,5.0,7.6,178.0,59.0,2026-08-29 06:08:00,2026-08-29 18:46:00,True,Indore
26.6,71,29.5,0.2,0.2,51,17.7,0.362,2026-08-29 11:00:00,56,78,4.8,15.4,26.5,3.1,5.7,153.0,72.0,2026-08-29 06:08:00,2026-08-29 18:46:00,True,Indore
27.6,66,29.8,0.0,0.0,1,16.5,0.356,2026-08-29 12:00:00,55,78,5.7,15.5,27.8,2.2,4.7,145.0,80.0,2026-08-29 06:08:00,2026-08-29 18:46:00,True,Indore
28.3,63,31.4,0.0,0.0,3,16.2,0.349,2026-08-29 13:00:00,53,77,5.55,15.5,28.9,2.0,4.1,145.0,85.0,2026-08-29 06:08:00,2026-08-29 18:46:00,True,Indore
28.2,64,30.9,0.2,0.2,51,16.5,0.345,2026-08-29 14:00:00,52,76,4.75,16.2,30.7,2.0,3.8,152.0,88.0,2026-08-29 06:08:00,2026-08-29 18:46:00,True,Indore
28.5,62,30.5,0.2,0.2,51,17.2,0.341,2026-08-29 15:00:00,51,76,2.85,19.5,38.6,2.3,3.7,166.0,89.0,2026-08-29 06:08:00,2026-08-29 18:46:00,True,Indore
28.0,65,29.6,0.0,0.0,2,17.6,0.336,2026-08-29 16:00:00,50,76,1.5,17.4,32.5,2.9,3.8,187.0,89.0,2026-08-29 06:08:00,2026-08-29 18:46:00,True,Indore
27.0,68,29.1,0.0,0.0,3,14.4,0.345,2026-08-29 17:00:00,50,75,0.35,26.2,50.6,5.1,3.8,215.0,78.0,2026-08-29 06:08:00,2026-08-29 18:46:00,True,Indore
26.0,75,28.7,0.0,0.0,3,12.0,0.344,2026-08-29 18:00:00,50,76,0.0,26.6,46.4,6.2,4.2,259.0,75.0,2026-08-29 06:08:00,2026-08-29 18:46:00,True,Indore
25.1,81,28.0,0.0,0.0,3,12.6,0.343,2026-08-29 19:00:00,50,76,0.0,26.5,44.0,7.7,4.8,310.0,71.0,2026-08-29 06:08:00,2026-08-29 18:46:00,False,Indore
24.9,81,27.6,0.0,0.0,3,12.6,0.342,2026-08-29 20:00:00,50,75,0.0,26.1,42.1,8.8,5.3,339.0,68.0,2026-08-29 06:08:00,2026-08-29 18:46:00,False,Indore
24.8,80,27.3,0.0,0.0,3,12.7,0.342,2026-08-29 21:00:00,49,75,0.0,25.9,41.3,9.0,5.5,332.0,67.0,2026-08-29 06:08:00,2026-08-29 18:46:00,False,Indore
24.4,81,27.1,0.0,0.0,3,11.3,0.341,2026-08-29 22:00:00,48,74,0.0,26.1,41.7,8.7,5.6,304.0,66.0,2026-08-29 06:08:00,2026-08-29 18:46:00,False,Indore
24.3,80,26.6,0.0,0.0,3,13.2,0.341,2026-08-29 23:00:00,46,74,0.0,26.3,42.6,8.5,5.8,272.0,64.0,2026-08-29 06:08:00,2026-08-29 18:46:00,False,Indore
23.9,83,26.3,0.0,0.0,3,12.7,0.34,2026-08-30 00:00:00,45,73,0.0,25.6,42.1,8.4,5.9,237.0,61.0,2026-08-30 06:08:00,2026-08-30 18:45:00,False,Indore
23.6,86,26.2,0.0,0.0,3,12.7,0.34,2026-08-30 01:00:00,44,73,0.0,24.4,40.2,8.4,6.1,199.0,57.0,2026-08-30 06:08:00,2026-08-30 18:45:00,False,Indore
23.4,90,25.9,0.0,0.0,3,14.5,0.34,2026-08-30 02:00:00,42,72,0.0,23.3,38.0,8.6,6.7,171.0,52.0,2026-08-30 06:08:00,2026-08-30 18:45:00,False,Indore
23.4,91,26.0,0.0,0.0,3,14.8,0.34,2026-08-30 03:00:00,41,71,0.0,22.4,35.4,9.3,8.3,161.0,46.0,2026-08-30 06:08:00,2026-08-30 18:45:00,False,Indore
23.5,91,26.2,0.0,0.0,3,14.2,0.34,2026-08-30 04:00:00,41,71,0.0,19.9,30.2,10.2,10.3,160.0,38.0,2026-08-30 06:08:00,2026-08-30 18:45:00,False,Indore
23.6,90,26.4,0.1,0.1,51,13.7,0.342,2026-08-30 05:00:00,41,71,0.0,17.2,25.1,10.0,11.2,162.0,34.0,2026-08-30 06:08:00,2026-08-30 18:45:00,False,Indore
23.6,88,26.0,0.1,0.1,51,15.2,0.343,2026-08-30 06:00:00,41,71,0.05,16.1,22.9,9.3,10.5,165.0,33.0,2026-08-30 06:08:00,2026-08-30 18:45:00,False,Indore
23.7,86,25.8,0.0,0.0,3,15.7,0.343,2026-08-30 07:00:00,41,71,0.45,15.1,21.0,8.2,9.5,171.0,33.0,2026-08-30 06:08:00,2026-08-30 18:45:00,True,Indore
24.1,83,26.4,0.0,0.0,1,14.6,0.341,2026-08-30 08:00:00,41,71,1.8,14.5,20.5,6.9,8.4,171.0,36.0,2026-08-30 06:08:00,2026-08-30 18:45:00,True,Indore
25.4,77,27.3,0.0,0.0,2,16.6,0.338,2026-08-30 09:00:00,42,72,3.85,14.4,22.6,5.2,7.1,161.0,47.0,2026-08-30 06:08:00,2026-08-30 18:45:00,True,Indore
26.4,71,28.4,0.0,0.0,2,18.6,0.334,2026-08-30 10:00:00,42,72,6.15,15.8,28.7,3.2,5.6,145.0,63.0,2026-08-30 06:08:00,2026-08-30 18:45:00,True,Indore
26.1,71,28.8,0.0,0.0,3,17.5,0.328,2026-08-30 11:00:00,42,72,7.3,22.1,46.9,1.8,4.5,134.0,75.0,2026-08-30 06:08:00,2026-08-30 18:45:00,True,Indore
26.4,68,27.9,0.0,0.0,3,16.8,0.324,2026-08-30 12:00:00,43,72,7.4,18.6,38.9,1.2,3.9,129.0,81.0,2026-08-30 06:08:00,2026-08-30 18:45:00,True,Indore
26.8,66,28.2,0.0,0.0,3,16.5,0.321,2026-08-30 13:00:00,44,72,6.6,19.5,41.8,1.2,3.6,127.0,83.0,2026-08-30 06:08:00,2026-08-30 18:45:00,True,Indore
26.8,66,28.3,0.0,0.0,3,15.9,0.318,2026-08-30 14:00:00,44,73,4.95,19.5,42.4,1.4,3.4,133.0,83.0,2026-08-30 06:08:00,2026-08-30 18:45:00,True,Indore
26.5,70,28.6,0.0,0.0,3,14.4,0.315,2026-08-30 15:00:00,45,73,2.7,20.3,45.2,1.9,3.4,151.0,81.0,2026-08-30 06:08:00,2026-08-30 18:45:00,True,Indore
26.2,72,28.5,0.0,0.0,3,12.5,0.313,2026-08-30 16:00:00,45,73,1.15,19.5,40.3,2.7,3.5,176.0,78.0,2026-08-30 06:08:00,2026-08-30 18:45:00,True,Indore
26.3,70,28.4,0.0,0.0,3,13.4,0.311,2026-08-30 17:00:00,45,73,0.3,22.0,44.5,3.8,3.6,197.0,72.0,2026-08-30 06:08:00,2026-08-30 18:45:00,True,Indore
25.6,74,28.1,0.0,0.0,3,10.8,0.309,2026-08-30 18:00:00,45,73,0.0,21.7,39.1,5.3,4.2,209.0,68.0,2026-08-30 06:08:00,2026-08-30 18:45:00,True,Indore
24.9,78,27.7,0.0,0.0,3,9.5,0.309,2026-08-30 19:00:00,44,73,0.0,22.3,37.4,7.3,4.9,217.0,61.0,2026-08-30 06:08:00,2026-08-30 18:45:00,False,Indore
24.8,79,27.4,0.0,0.0,3,11.5,0.309,2026-08-30 20:00:00,43,72,0.0,23.2,37.6,8.8,5.5,219.0,56.0,2026-08-30 06:08:00,2026-08-30 18:45:00,False,Indore
24.4,83,27.0,0.0,0.0,3,13.4,0.308,2026-08-30 21:00:00,43,72,0.0,24.2,38.3,9.4,5.6,214.0,53.0,2026-08-30 06:08:00,2026-08-30 18:45:00,False,Indore
24.1,85,26.9,0.0,0.0,3,12.4,0.308,2026-08-30 22:00:00,42,72,0.0,24.8,38.8,9.4,5.5,202.0,51.0,2026-08-30 06:08:00,2026-08-30 18:45:00,False,Indore
23.8,85,26.4,0.0,0.0,3,13.0,0.308,2026-08-30 23:00:00,42,72,0.0,23.8,37.4,9.3,5.7,191.0,49.0,2026-08-30 06:08:00,2026-08-30 18:45:00,False,Indore
25.2,97,29.9,1.6,1.6,61,12.6,0.381,2026-08-25 00:00:00,65,91,0.0,27.9,29.6,30.8,42.2,255.0,48.0,2026-08-25 05:44:00,2026-08-25 18:25:00,False,Raipur
24.8,97,29.4,2.8,2.8,63,10.7,0.381,2026-08-25 01:00:00,65,91,0.0,25.0,26.1,26.5,38.8,287.0,51.0,2026-08-25 05:44:00,2026-08-25 18:25:00,False,Raipur
24.5,97,28.7,1.8,1.8,61,13.1,0.381,2026-08-25 02:00:00,64,90,0.0,25.6,26.7,24.2,37.5,302.0,52.0,2026-08-25 05:44:00,2026-08-25 18:25:00,False,Raipur
23.8,98,27.7,1.8,1.8,61,12.5,0.381,2026-08-25 03:00:00,64,90,0.0,27.0,28.2,25.3,39.2,284.0,47.0,2026-08-25 05:44:00,2026-08-25 18:25:00,False,Raipur
23.9,98,28.0,2.1,2.1,61,10.9,0.38,2026-08-25 04:00:00,64,90,0.0,27.9,29.2,28.4,43.0,248.0,39.0,2026-08-25 05:44:00,2026-08-25 18:25:00,False,Raipur
23.8,98,27.6,1.8,1.8,61,13.4,0.38,2026-08-25 05:00:00,64,90,0.0,34.6,38.1,32.5,52.9,219.0,33.0,2026-08-25 05:44:00,2026-08-25 18:25:00,False,Raipur
24.1,97,27.9,1.5,1.5,61,13.6,0.38,2026-08-25 06:00:00,64,91,0.1,34.7,38.8,31.1,56.1,205.0,33.0,2026-08-25 05:44:00,2026-08-25 18:25:00,True,Raipur
24.6,96,29.2,2.5,2.5,63,10.3,0.38,2026-08-25 07:00:00,65,91,0.65,35.6,40.4,28.9,60.1,198.0,34.0,2026-08-25 05:44:00,2026-08-25 18:25:00,True,Raipur
25.4,95,29.9,2.3,2.3,61,13.1,0.38,2026-08-25 08:00:00,65,91,1.9,35.2,40.3,26.2,60.8,192.0,40.0,2026-08-25 05:44:00,2026-08-25 18:25:00,True,Raipur
26.4,91,31.3,1.2,1.2,55,11.5,0.38,2026-08-25 09:00:00,65,92,3.6,33.3,38.1,22.1,54.5,181.0,56.0,2026-08-25 05:44:00,2026-08-25 18:25:00,True,Raipur
27.9,85,33.0,0.5,0.5,53,11.6,0.379,2026-08-25 10:00:00,65,92,4.5,28.1,32.0,17.3,44.8,173.0,78.0,2026-08-25 05:44:00,2026-08-25 18:25:00,True,Raipur
29.0,75,33.9,0.3,0.3,51,11.7,0.38,2026-08-25 11:00:00,65,92,3.65,23.1,27.2,14.4,38.2,183.0,92.0,2026-08-25 05:44:00,2026-08-25 18:25:00,True,Raipur
27.8,83,32.7,1.0,1.0,55,10.1,0.382,2026-08-25 12:00:00,65,92,3.6,21.4,25.5,14.5,37.8,218.0,94.0,2026-08-25 05:44:00,2026-08-25 18:25:00,True,Raipur
29.6,74,34.7,0.8,0.8,53,11.4,0.38,2026-08-25 13:00:00,65,91,3.45,21.4,24.3,16.4,40.5,272.0,88.0,2026-08-25 05:44:00,2026-08-25 18:25:00,True,Raipur
30.0,71,35.0,0.2,0.2,51,13.0,0.376,2026-08-25 14:00:00,64,90,2.05,21.4,23.2,18.9,42.9,342.0,82.0,2026-08-25 05:44:00,2026-08-25 18:25:00,True,Raipur
30.6,68,34.8,0.1,0.1,51,13.4,0.372,2026-08-25 15:00:00,64,90,1.55,22.7,24.2,22.4,44.0,450.0,76.0,2026-08-25 05:44:00,2026-08-25 18:25:00,True,Raipur
30.1,70,34.2,0.0,0.0,3,13.4,0.368,2026-08-25 16:00:00,64,89,0.75,22.6,24.3,26.5,44.9,574.0,70.0,2026-08-25 05:44:00,2026-08-25 18:25:00,True,Raipur
27.9,82,32.3,0.0,0.0,3,13.3,0.371,2026-08-25 17:00:00,64,89,0.15,30.5,33.3,26.6,45.5,650.0,65.0,2026-08-25 05:44:00,2026-08-25 18:25:00,True,Raipur
27.3,84,31.5,0.0,0.0,3,14.8,0.37,2026-08-25 18:00:00,64,89,0.0,30.4,33.9,28.4,47.4,635.0,61.0,2026-08-25 05:44:00,2026-08-25 18:25:00,True,Raipur
27.0,86,31.4,0.0,0.0,3,13.8,0.369,2026-08-25 19:00:00,64,89,0.0,31.4,35.4,30.8,50.0,572.0,56.0,2026-08-25 05:44:00,2026-08-25 18:25:00,False,Raipur
26.8,88,31.2,0.0,0.0,3,13.8,0.368,2026-08-25 20:00:00,64,89,0.0,32.9,37.4,32.1,51.4,524.0,52.0,2026-08-25 05:44:00,2026-08-25 18:25:00,False,Raipur
26.5,89,31.0,0.0,0.0,3,12.8,0.368,2026-08-25 21:00:00,63,88,0.0,33.5,38.8,31.3,50.6,519.0,50.0,2026-08-25 05:44:00,2026-08-25 18:25:00,False,Raipur
26.2,89,30.3,0.0,0.0,3,13.7,0.367,2026-08-25 22:00:00,63,88,0.0,33.2,39.0,29.5,48.7,531.0,48.0,2026-08-25 05:44:00,2026-08-25 18:25:00,False,Raipur
26.3,87,30.3,0.0,0.0,3,13.9,0.367,2026-08-25 23:00:00,63,87,0.0,32.2,38.1,28.0,47.1,539.0,47.0,2026-08-25 05:44:00,2026-08-25 18:25:00,False,Raipur
26.0,89,30.2,0.0,0.0,3,12.6,0.366,2026-08-26 00:00:00,63,87,0.0,30.5,36.1,27.1,46.3,541.0,45.0,2026-08-26 05:45:00,2026-08-26 18:24:00,False,Raipur
25.8,91,30.2,0.0,0.0,3,11.7,0.366,2026-08-26 01:00:00,63,88,0.0,29.2,34.8,26.5,45.8,540.0,43.0,2026-08-26 05:45:00,2026-08-26 18:24:00,False,Raipur
25.6,91,30.1,0.0,0.0,3,11.2,0.365,2026-08-26 02:00:00,63,88,0.0,28.7,34.7,26.5,46.2,530.0,41.0,2026-08-26 05:45:00,2026-08-26 18:24:00,False,Raipur
25.4,91,29.6,0.0,0.0,3,12.3,0.365,2026-08-26 03:00:00,63,88,0.0,29.0,35.2,27.9,48.3,501.0,37.0,2026-08-26 05:45:00,2026-08-26 18:24:00,False,Raipur
25.3,91,29.4,0.0,0.0,3,12.8,0.365,2026-08-26 04:00:00,63,88,0.0,29.0,35.0,29.9,51.3,463.0,33.0,2026-08-26 05:45:00,2026-08-26 18:24:00,False,Raipur
25.6,90,29.6,0.0,0.0,3,13.6,0.364,2026-08-26 05:00:00,63,88,0.0,29.0,32.9,27.1,49.2,436.0,37.0,2026-08-26 05:45:00,2026-08-26 18:24:00,False,Raipur
25.8,89,29.8,0.0,0.0,3,13.4,0.363,2026-08-26 06:00:00,63,88,0.15,30.0,34.5,26.9,52.3,438.0,36.0,2026-08-26 05:45:00,2026-08-26 18:24:00,True,Raipur
26.5,86,30.7,0.0,0.0,3,13.0,0.362,2026-08-26 07:00:00,63,88,0.85,30.7,34.8,26.5,56.4,450.0,35.0,2026-08-26 05:45:00,2026-08-26 18:24:00,True,Raipur
27.7,79,31.3,0.0,0.0,2,16.6,0.359,2026-08-26 08:00:00,63,87,2.05,26.9,30.6,25.2,58.2,438.0,39.0,2026-08-26 05:45:00,2026-08-26 18:24:00,True,Raipur
28.9,74,32.3,0.1,0.1,51,16.8,0.356,2026-08-26 09:00:00,63,87,3.85,23.1,26.5,22.1,55.8,375.0,53.0,2026-08-26 05:45:00,2026-08-26 18:24:00,True,Raipur
30.2,68,34.6,0.1,0.1,51,16.6,0.351,2026-08-26 10:00:00,62,86,6.15,21.9,25.0,18.1,51.2,287.0,73.0,2026-08-26 05:45:00,2026-08-26 18:24:00,True,Raipur
30.5,67,35.7,0.1,0.1,51,15.3,0.364,2026-08-26 11:00:00,62,85,7.3,21.8,25.0,14.8,46.8,224.0,90.0,2026-08-26 05:45:00,2026-08-26 18:24:00,True,Raipur
31.2,64,36.9,0.1,0.1,51,13.6,0.357,2026-08-26 12:00:00,62,85,7.8,22.9,26.4,12.3,43.1,198.0,105.0,2026-08-26 05:45:00,2026-08-26 18:24:00,True,Raipur
31.4,64,37.1,0.1,0.1,51,13.0,0.35,2026-08-26 13:00:00,62,85,5.5,24.0,27.8,10.4,39.6,195.0,118.0,2026-08-26 05:45:00,2026-08-26 18:24:00,True,Raipur
31.0,67,35.9,0.0,0.0,3,12.7,0.344,2026-08-26 14:00:00,62,85,3.7,25.0,28.7,10.3,38.0,225.0,123.0,2026-08-26 05:45:00,2026-08-26 18:24:00,True,Raipur
30.8,65,34.8,0.1,0.1,51,11.8,0.341,2026-08-26 15:00:00,62,86,2.05,24.6,27.7,13.4,39.7,309.0,115.0,2026-08-26 05:45:00,2026-08-26 18:24:00,True,Raipur
27.9,86,32.8,1.4,1.4,61,13.5,0.353,2026-08-26 16:00:00,62,86,0.85,22.8,25.1,18.3,43.4,426.0,98.0,2026-08-26 05:45:00,2026-08-26 18:24:00,True,Raipur
28.8,77,33.0,1.0,1.0,55,14.5,0.347,2026-08-26 17:00:00,62,86,0.15,33.1,37.8,25.6,52.8,519.0,87.0,2026-08-26 05:45:00,2026-08-26 18:24:00,True,Raipur
27.5,83,31.8,0.0,0.0,3,14.1,0.346,2026-08-26 18:00:00,63,86,0.0,34.3,38.0,26.7,52.6,565.0,80.0,2026-08-26 05:45:00,2026-08-26 18:24:00,True,Raipur
27.1,87,31.9,0.0,0.0,3,12.0,0.346,2026-08-26 19:00:00,63,86,0.0,33.9,37.0,28.1,52.2,588.0,70.0,2026-08-26 05:45:00,2026-08-26 18:24:00,False,Raipur
26.8,88,31.3,0.0,0.0,3,14.0,0.346,2026-08-26 20:00:00,63,87,0.0,28.6,31.8,28.8,51.2,595.0,62.0,2026-08-26 05:45:00,2026-08-26 18:24:00,False,Raipur
26.5,88,30.8,0.0,0.0,3,13.9,0.346,2026-08-26 21:00:00,63,86,0.0,24.7,27.6,28.1,48.9,588.0,58.0,2026-08-26 05:45:00,2026-08-26 18:24:00,False,Raipur
26.2,89,30.4,0.0,0.0,3,13.4,0.346,2026-08-26 22:00:00,62,86,0.0,23.2,25.7,26.8,45.9,567.0,56.0,2026-08-26 05:45:00,2026-08-26 18:24:00,False,Raipur
26.4,87,30.5,0.0,0.0,3,14.6,0.342,2026-08-26 23:00:00,62,85,0.0,22.6,24.7,25.8,44.1,539.0,54.0,2026-08-26 05:45:00,2026-08-26 18:24:00,False,Raipur
26.2,88,30.2,0.0,0.0,3,14.2,0.342,2026-08-27 00:00:00,62,84,0.0,20.7,22.5,25.6,44.0,500.0,50.0,2026-08-27 05:45:00,2026-08-27 18:24:00,False,Raipur
25.9,89,30.0,0.0,0.0,1,12.6,0.342,2026-08-27 01:00:00,61,83,0.0,20.6,22.4,25.7,45.0,455.0,46.0,2026-08-27 05:45:00,2026-08-27 18:24:00,False,Raipur
25.6,89,29.5,0.0,0.0,2,13.9,0.342,2026-08-27 02:00:00,61,83,0.0,21.1,22.8,26.5,46.9,419.0,42.0,2026-08-27 05:45:00,2026-08-27 18:24:00,False,Raipur
25.5,89,29.2,0.0,0.0,3,13.7,0.342,2026-08-27 03:00:00,61,82,0.0,21.4,22.9,28.8,50.2,405.0,36.0,2026-08-27 05:45:00,2026-08-27 18:24:00,False,Raipur
24.6,94,28.7,4.3,4.3,63,11.4,0.395,2026-08-27 04:00:00,61,81,0.0,22.4,23.9,31.8,54.4,401.0,30.0,2026-08-27 05:45:00,2026-08-27 18:24:00,False,Raipur
25.6,89,29.6,0.8,0.8,53,12.5,0.371,2026-08-27 05:00:00,60,81,0.0,23.2,24.8,33.0,54.1,388.0,30.0,2026-08-27 05:45:00,2026-08-27 18:24:00,False,Raipur
25.6,89,29.4,0.0,0.0,2,13.3,0.37,2026-08-27 06:00:00,60,80,0.2,26.0,28.2,30.4,58.0,355.0,31.0,2026-08-27 05:45:00,2026-08-27 18:24:00,True,Raipur
25.6,89,29.2,0.7,0.7,53,15.6,0.374,2026-08-27 07:00:00,60,80,0.95,25.4,29.6,26.7,62.9,314.0,34.0,2026-08-27 05:45:00,2026-08-27 18:24:00,True,Raipur
26.1,87,29.8,0.4,0.4,51,15.4,0.375,2026-08-27 08:00:00,59,80,2.7,28.4,34.2,23.0,63.7,281.0,41.0,2026-08-27 05:45:00,2026-08-27 18:24:00,True,Raipur
28.0,79,32.1,0.3,0.3,51,14.0,0.374,2026-08-27 09:00:00,59,80,4.95,27.2,34.3,19.1,55.8,265.0,56.0,2026-08-27 05:45:00,2026-08-27 18:24:00,True,Raipur
29.3,77,34.6,0.1,0.1,51,14.5,0.369,2026-08-27 10:00:00,60,80,4.8,23.5,30.0,15.2,43.8,258.0,75.0,2026-08-27 05:45:00,2026-08-27 18:24:00,True,Raipur
29.2,72,32.9,0.2,0.2,51,14.3,0.378,2026-08-27 11:00:00,60,80,3.55,22.1,27.5,12.6,35.9,249.0,90.0,2026-08-27 05:45:00,2026-08-27 18:24:00,True,Raipur
30.3,66,34.7,0.1,0.1,51,14.2,0.372,2026-08-27 12:00:00,60,80,1.9,20.6,25.4,11.6,35.9,226.0,98.0,2026-08-27 05:45:00,2026-08-27 18:24:00,True,Raipur
30.6,64,34.2,0.1,0.1,51,13.5,0.368,2026-08-27 13:00:00,60,80,3.9,23.8,27.8,11.9,40.0,202.0,102.0,2026-08-27 05:45:00,2026-08-27 18:24:00,True,Raipur
28.7,78,32.6,1.4,1.4,61,18.6,0.377,2026-08-27 14:00:00,60,80,4.1,25.8,29.5,14.2,44.7,201.0,100.0,2026-08-27 05:45:00,2026-08-27 18:24:00,True,Raipur
28.4,82,33.0,1.0,1.0,55,14.0,0.384,2026-08-27 15:00:00,60,80,1.55,26.1,28.9,20.2,50.0,248.0,87.0,2026-08-27 05:45:00,2026-08-27 18:24:00,True,Raipur
26.6,88,30.8,1.5,1.5,61,14.6,0.389,2026-08-27 16:00:00,60,80,0.3,28.1,30.7,28.1,56.0,319.0,68.0,2026-08-27 05:45:00,2026-08-27 18:24:00,True,Raipur
27.1,88,31.7,6.9,6.9,63,14.1,0.387,2026-08-27 17:00:00,60,81,0.1,30.2,32.9,33.4,59.4,368.0,55.0,2026-08-27 05:45:00,2026-08-27 18:24:00,True,Raipur
26.4,89,30.4,0.0,0.0,3,15.8,0.385,2026-08-27 18:00:00,60,80,0.0,29.5,32.4,33.3,58.0,371.0,53.0,2026-08-27 05:45:00,2026-08-27 18:24:00,True,Raipur
26.1,89,30.1,0.0,0.0,3,14.8,0.383,2026-08-27 19:00:00,60,80,0.0,27.6,30.3,30.5,54.1,352.0,57.0,2026-08-27 05:45:00,2026-08-27 18:24:00,False,Raipur
25.8,89,29.8,0.0,0.0,3,13.5,0.381,2026-08-27 20:00:00,59,80,0.0,26.0,28.5,28.4,50.9,343.0,58.0,2026-08-27 05:45:00,2026-08-27 18:24:00,False,Raipur
25.6,88,29.4,0.0,0.0,3,13.4,0.379,2026-08-27 21:00:00,58,79,0.0,24.7,27.1,28.3,49.9,362.0,53.0,2026-08-27 05:45:00,2026-08-27 18:24:00,False,Raipur
25.3,90,29.3,0.0,0.0,3,12.8,0.377,2026-08-27 22:00:00,58,79,0.0,24.0,26.8,28.9,49.7,391.0,46.0,2026-08-27 05:45:00,2026-08-27 18:24:00,False,Raipur
25.7,89,29.7,0.0,0.0,3,13.4,0.375,2026-08-27 23:00:00,59,79,0.0,23.3,27.1,29.1,49.2,404.0,40.0,2026-08-27 05:45:00,2026-08-27 18:24:00,False,Raipur
25.5,89,29.2,0.0,0.0,3,14.5,0.374,2026-08-28 00:00:00,59,80,0.0,23.1,27.7,28.2,47.6,385.0,38.0,2026-08-28 05:45:00,2026-08-28 18:23:00,False,Raipur
25.2,89,28.9,0.0,0.0,3,13.6,0.373,2026-08-28 01:00:00,59,80,0.0,23.3,28.9,26.9,45.7,350.0,38.0,2026-08-28 05:45:00,2026-08-28 18:23:00,False,Raipur
25.0,89,28.8,0.0,0.0,3,12.6,0.372,2026-08-28 02:00:00,59,80,0.0,24.3,31.1,26.3,45.1,321.0,38.0,2026-08-28 05:45:00,2026-08-28 18:23:00,False,Raipur
25.0,89,28.8,0.1,0.1,51,12.0,0.372,2026-08-28 03:00:00,60,80,0.0,26.1,34.8,27.2,46.8,310.0,36.0,2026-08-28 05:45:00,2026-08-28 18:23:00,False,Raipur
24.8,90,28.4,0.0,0.0,3,12.8,0.371,2026-08-28 04:00:00,60,81,0.0,28.6,39.7,28.8,49.7,305.0,33.0,2026-08-28 05:45:00,2026-08-28 18:23:00,False,Raipur
24.8,91,28.3,0.0,0.0,3,13.8,0.373,2026-08-28 05:00:00,60,81,0.0,28.2,34.5,34.9,59.1,291.0,25.0,2026-08-28 05:45:00,2026-08-28 18:23:00,False,Raipur
24.9,89,28.4,0.0,0.0,3,13.6,0.372,2026-08-28 06:00:00,61,81,0.1,31.2,38.6,32.5,61.4,259.0,26.0,2026-08-28 05:45:00,2026-08-28 18:23:00,True,Raipur
25.7,85,29.3,0.0,0.0,3,12.6,0.37,2026-08-28 07:00:00,61,82,0.6,34.5,45.2,29.0,64.3,219.0,28.0,2026-08-28 05:45:00,2026-08-28 18:23:00,True,Raipur
26.9,79,30.3,0.0,0.0,3,13.3,0.367,2026-08-28 08:00:00,61,83,1.95,38.0,52.7,25.3,64.8,186.0,36.0,2026-08-28 05:45:00,2026-08-28 18:23:00,True,Raipur
28.1,75,31.5,0.0,0.0,3,14.3,0.362,2026-08-28 09:00:00,61,83,3.85,40.0,60.3,21.2,60.7,167.0,54.0,2026-08-28 05:45:00,2026-08-28 18:23:00,True,Raipur
29.3,69,33.5,0.2,0.2,51,15.5,0.359,2026-08-28 10:00:00,62,84,5.95,40.4,62.6,16.7,54.2,155.0,78.0,2026-08-28 05:45:00,2026-08-28 18:23:00,True,Raipur
29.7,65,33.7,0.2,0.2,51,15.1,0.365,2026-08-28 11:00:00,62,86,7.85,40.5,62.2,13.2,48.2,152.0,99.0,2026-08-28 05:45:00,2026-08-28 18:23:00,True,Raipur
30.0,64,34.2,0.1,0.1,51,15.5,0.359,2026-08-28 12:00:00,63,87,7.3,39.6,59.0,10.7,43.5,158.0,115.0,2026-08-28 05:45:00,2026-08-28 18:23:00,True,Raipur
30.1,65,34.2,0.6,0.6,53,15.9,0.359,2026-08-28 13:00:00,64,89,5.95,38.1,56.5,9.2,39.5,171.0,127.0,2026-08-28 05:45:00,2026-08-28 18:23:00,True,Raipur
30.1,70,34.5,0.7,0.7,53,15.7,0.36,2026-08-28 14:00:00,64,90,4.15,35.9,52.0,9.2,37.0,189.0,131.0,2026-08-28 05:45:00,2026-08-28 18:23:00,True,Raipur
28.7,79,33.1,1.2,1.2,55,15.5,0.367,2026-08-28 15:00:00,64,91,2.3,32.8,46.2,11.4,36.4,214.0,123.0,2026-08-28 05:45:00,2026-08-28 18:23:00,True,Raipur
29.3,76,34.0,1.2,1.2,55,12.0,0.379,2026-08-28 16:00:00,65,91,0.85,29.6,40.2,15.2,37.5,243.0,108.0,2026-08-28 05:45:00,2026-08-28 18:23:00,True,Raipur
29.7,70,33.7,0.0,0.0,3,12.4,0.345,2026-08-28 17:00:00,65,91,0.15,33.2,43.2,18.1,39.8,261.0,94.0,2026-08-28 05:45:00,2026-08-28 18:23:00,True,Raipur
28.6,74,32.7,0.0,0.0,3,11.5,0.345,2026-08-28 18:00:00,65,91,0.0,37.6,47.5,23.0,46.7,255.0,84.0,2026-08-28 05:45:00,2026-08-28 18:23:00,True,Raipur
27.8,77,31.6,0.1,0.1,51,12.5,0.345,2026-08-28 19:00:00,65,92,0.0,39.0,47.6,29.7,56.2,239.0,69.0,2026-08-28 05:45:00,2026-08-28 18:23:00,False,Raipur
26.9,81,30.5,0.0,0.0,3,14.3,0.345,2026-08-28 20:00:00,65,93,0.0,38.9,46.3,34.6,63.1,241.0,58.0,2026-08-28 05:45:00,2026-08-28 18:23:00,False,Raipur
26.0,85,29.8,0.0,0.0,2,12.4,0.345,2026-08-28 21:00:00,66,94,0.0,38.8,45.8,36.1,64.8,285.0,53.0,2026-08-28 05:45:00,2026-08-28 18:23:00,False,Raipur
25.6,87,29.5,0.0,0.0,3,11.7,0.345,2026-08-28 22:00:00,66,95,0.0,38.4,45.3,35.8,63.9,347.0,51.0,2026-08-28 05:45:00,2026-08-28 18:23:00,False,Raipur
25.8,87,29.7,0.0,0.0,3,12.3,0.347,2026-08-28 23:00:00,67,96,0.0,38.1,44.9,35.4,62.9,387.0,48.0,2026-08-28 05:45:00,2026-08-28 18:23:00,False,Raipur
25.6,88,29.6,0.0,0.0,3,11.4,0.347,2026-08-29 00:00:00,67,97,0.0,37.8,44.7,35.4,62.4,381.0,44.0,2026-08-29 05:45:00,2026-08-29 18:22:00,False,Raipur
25.4,88,29.4,0.0,0.0,3,11.5,0.347,2026-08-29 01:00:00,68,98,0.0,37.5,44.5,35.4,61.8,352.0,39.0,2026-08-29 05:45:00,2026-08-29 18:22:00,False,Raipur
25.4,89,29.4,0.0,0.0,3,11.5,0.347,2026-08-29 02:00:00,68,100,0.0,37.0,44.1,35.5,61.5,330.0,35.0,2026-08-29 05:45:00,2026-08-29 18:22:00,False,Raipur
25.3,88,29.3,0.0,0.0,3,11.1,0.347,2026-08-29 03:00:00,69,101,0.0,36.8,43.9,36.1,61.9,334.0,30.0,2026-08-29 05:45:00,2026-08-29 18:22:00,False,Raipur
25.2,89,29.0,0.0,0.0,3,11.7,0.347,2026-08-29 04:00:00,69,102,0.0,36.6,43.7,36.8,62.7,345.0,26.0,2026-08-29 05:45:00,2026-08-29 18:22:00,False,Raipur
25.5,88,29.5,0.0,0.0,3,11.4,0.361,2026-08-29 05:00:00,69,103,0.0,36.3,42.8,39.8,66.5,339.0,22.0,2026-08-29 05:45:00,2026-08-29 18:22:00,False,Raipur
25.6,89,29.7,0.0,0.0,3,11.3,0.36,2026-08-29 06:00:00,70,104,0.2,36.2,42.1,35.6,64.7,297.0,28.0,2026-08-29 05:45:00,2026-08-29 18:22:00,True,Raipur
26.5,85,30.8,0.0,0.0,3,11.5,0.359,2026-08-29 07:00:00,70,104,0.85,35.9,41.7,29.7,62.0,237.0,38.0,2026-08-29 05:45:00,2026-08-29 18:22:00,True,Raipur
27.4,81,31.7,0.1,0.1,51,11.9,0.357,2026-08-29 08:00:00,70,104,1.8,32.6,39.1,24.4,58.0,192.0,48.0,2026-08-29 05:45:00,2026-08-29 18:22:00,True,Raipur
26.2,89,30.7,1.3,1.3,61,11.5,0.37,2026-08-29 09:00:00,70,104,2.5,28.7,35.7,20.1,51.4,175.0,60.0,2026-08-29 05:45:00,2026-08-29 18:22:00,True,Raipur
26.7,86,31.0,1.0,1.0,55,13.0,0.379,2026-08-29 10:00:00,69,103,3.8,27.6,34.6,16.3,43.5,172.0,74.0,2026-08-29 05:45:00,2026-08-29 18:22:00,True,Raipur
27.1,78,30.2,0.5,0.5,53,16.2,0.396,2026-08-29 11:00:00,69,101,4.0,24.4,30.7,14.6,38.4,176.0,81.0,2026-08-29 05:45:00,2026-08-29 18:22:00,True,Raipur
27.8,75,30.7,0.0,0.0,3,18.4,0.374,2026-08-29 12:00:00,68,100,3.15,24.0,28.8,16.1,38.8,186.0,77.0,2026-08-29 05:45:00,2026-08-29 18:22:00,True,Raipur
28.0,74,31.2,0.1,0.1,51,18.6,0.368,2026-08-29 13:00:00,68,98,1.0,25.4,30.7,19.6,42.0,203.0,67.0,2026-08-29 05:45:00,2026-08-29 18:22:00,True,Raipur
27.9,75,30.8,0.0,0.0,3,19.1,0.364,2026-08-29 14:00:00,67,97,1.9,25.4,29.8,22.5,44.1,225.0,60.0,2026-08-29 05:45:00,2026-08-29 18:22:00,True,Raipur
27.6,78,30.6,0.1,0.1,51,18.7,0.361,2026-08-29 15:00:00,67,97,1.45,26.0,31.0,23.9,43.3,257.0,59.0,2026-08-29 05:45:00,2026-08-29 18:22:00,True,Raipur
26.6,83,29.7,0.2,0.2,51,17.9,0.36,2026-08-29 16:00:00,67,96,0.45,25.0,29.0,24.7,41.5,293.0,60.0,2026-08-29 05:45:00,2026-08-29 18:22:00,True,Raipur
25.8,85,28.9,1.3,1.3,61,16.6,0.386,2026-08-29 17:00:00,67,96,0.1,25.8,31.0,19.3,38.2,318.0,75.0,2026-08-29 05:45:00,2026-08-29 18:22:00,True,Raipur
25.0,89,28.5,0.0,0.0,3,13.4,0.384,2026-08-29 18:00:00,66,95,0.0,27.3,31.0,22.8,42.0,326.0,66.0,2026-08-29 05:45:00,2026-08-29 18:22:00,True,Raipur
24.9,90,28.4,0.0,0.0,3,14.2,0.383,2026-08-29 19:00:00,66,94,0.0,27.4,30.2,27.6,47.0,322.0,54.0,2026-08-29 05:45:00,2026-08-29 18:22:00,False,Raipur
24.6,93,28.3,0.4,0.4,51,14.1,0.385,2026-08-29 20:00:00,66,93,0.0,25.4,27.9,30.2,49.2,309.0,46.0,2026-08-29 05:45:00,2026-08-29 18:22:00,False,Raipur
24.3,96,28.0,1.4,1.4,61,14.5,0.386,2026-08-29 21:00:00,65,92,0.0,23.2,25.4,28.5,45.7,278.0,45.0,2026-08-29 05:45:00,2026-08-29 18:22:00,False,Raipur
24.0,97,27.4,1.2,1.2,55,16.0,0.386,2026-08-29 22:00:00,65,91,0.0,20.1,22.4,24.7,39.4,238.0,49.0,2026-08-29 05:45:00,2026-08-29 18:22:00,False,Raipur
24.0,97,27.8,1.3,1.3,61,13.9,0.38,2026-08-29 23:00:00,64,90,0.0,18.5,20.7,21.9,34.7,211.0,50.0,2026-08-29 05:45:00,2026-08-29 18:22:00,False,Raipur
24.0,97,27.9,1.9,1.9,61,13.3,0.385,2026-08-30 00:00:00,63,88,0.0,17.8,19.5,21.6,33.5,214.0,46.0,2026-08-30 05:46:00,2026-08-30 18:21:00,False,Raipur
24.0,98,28.3,2.1,2.1,61,10.6,0.384,2026-08-30 01:00:00,63,87,0.0,17.6,18.9,22.3,33.8,232.0,41.0,2026-08-30 05:46:00,2026-08-30 18:21:00,False,Raipur
24.1,98,28.5,1.8,1.8,61,10.3,0.384,2026-08-30 02:00:00,62,85,0.0,17.2,18.4,22.7,34.1,240.0,38.0,2026-08-30 05:46:00,2026-08-30 18:21:00,False,Raipur
24.2,97,28.4,1.4,1.4,61,11.8,0.383,2026-08-30 03:00:00,61,83,0.0,16.7,18.0,22.1,33.6,227.0,40.0,2026-08-30 05:46:00,2026-08-30 18:21:00,False,Raipur
24.2,97,28.4,1.0,1.0,55,12.2,0.383,2026-08-30 04:00:00,61,82,0.0,17.1,19.0,21.1,33.0,205.0,43.0,2026-08-30 05:46:00,2026-08-30 18:21:00,False,Raipur
24.1,98,28.3,0.6,0.6,53,11.7,0.378,2026-08-30 05:00:00,60,80,0.0,19.8,23.2,26.1,41.0,189.0,39.0,2026-08-30 05:46:00,2026-08-30 18:21:00,False,Raipur
24.0,97,27.7,6.5,6.5,63,14.2,0.381,2026-08-30 06:00:00,58,79,0.05,20.6,23.9,26.2,42.8,186.0,37.0,2026-08-30 05:46:00,2026-08-30 18:21:00,True,Raipur
24.2,96,27.9,2.8,2.8,63,14.0,0.381,2026-08-30 07:00:00,55,78,0.25,21.7,25.2,26.4,45.3,188.0,34.0,2026-08-30 05:46:00,2026-08-30 18:21:00,True,Raipur
24.6,95,28.6,2.5,2.5,63,13.6,0.38,2026-08-30 08:00:00,53,77,0.8,23.5,27.7,25.8,46.6,189.0,34.0,2026-08-30 05:46:00,2026-08-30 18:21:00,True,Raipur
25.0,95,28.7,1.0,1.0,55,16.6,0.38,2026-08-30 09:00:00,51,76,1.6,24.7,29.7,23.7,45.3,184.0,39.0,2026-08-30 05:46:00,2026-08-30 18:21:00,True,Raipur
25.0,95,28.9,2.5,2.5,63,15.2,0.38,2026-08-30 10:00:00,50,76,2.5,25.5,32.1,21.0,42.9,178.0,47.0,2026-08-30 05:46:00,2026-08-30 18:21:00,True,Raipur
25.1,94,29.1,4.0,4.0,63,14.1,0.384,2026-08-30 11:00:00,50,75,1.45,25.1,32.9,19.4,41.6,179.0,53.0,2026-08-30 05:46:00,2026-08-30 18:21:00,True,Raipur
25.2,94,29.6,0.3,0.3,51,11.7,0.38,2026-08-30 12:00:00,50,76,1.35,26.1,34.2,20.1,43.2,196.0,54.0,2026-08-30 05:46:00,2026-08-30 18:21:00,True,Raipur
25.6,93,30.0,0.2,0.2,51,12.4,0.38,2026-08-30 13:00:00,50,76,0.85,26.6,34.5,22.0,46.0,220.0,54.0,2026-08-30 05:46:00,2026-08-30 18:21:00,True,Raipur
26.3,90,30.6,0.4,0.4,51,13.5,0.38,2026-08-30 14:00:00,51,76,0.85,27.5,34.0,23.6,47.3,233.0,53.0,2026-08-30 05:46:00,2026-08-30 18:21:00,True,Raipur
26.7,86,30.9,0.1,0.1,51,13.9,0.379,2026-08-30 15:00:00,51,76,0.65,27.1,33.1,24.1,45.6,223.0,53.0,2026-08-30 05:46:00,2026-08-30 18:21:00,True,Raipur
27.0,86,31.4,0.1,0.1,51,12.5,0.377,2026-08-30 16:00:00,51,76,0.25,25.4,30.6,24.3,42.4,202.0,53.0,2026-08-30 05:46:00,2026-08-30 18:21:00,True,Raipur
25.3,93,29.6,0.1,0.1,51,13.0,0.379,2026-08-30 17:00:00,51,76,0.05,30.3,36.6,28.3,49.6,187.0,52.0,2026-08-30 05:46:00,2026-08-30 18:21:00,True,Raipur
24.9,93,29.0,0.0,0.0,3,11.8,0.378,2026-08-30 18:00:00,52,76,0.0,29.0,33.9,27.9,47.1,189.0,51.0,2026-08-30 05:46:00,2026-08-30 18:21:00,True,Raipur
25.0,93,29.1,0.0,0.0,3,12.0,0.378,2026-08-30 19:00:00,52,77,0.0,27.2,31.7,27.5,43.8,197.0,50.0,2026-08-30 05:46:00,2026-08-30 18:21:00,False,Raipur
25.0,93,29.2,0.0,0.0,3,12.2,0.377,2026-08-30 20:00:00,52,77,0.0,27.7,31.5,27.5,42.1,201.0,47.0,2026-08-30 05:46:00,2026-08-30 18:21:00,False,Raipur
25.2,93,29.5,0.1,0.1,51,12.3,0.377,2026-08-30 21:00:00,53,77,0.0,28.2,31.5,28.6,43.5,196.0,41.0,2026-08-30 05:46:00,2026-08-30 18:21:00,False,Raipur
25.1,93,29.4,0.2,0.2,51,11.5,0.378,2026-08-30 22:00:00,54,77,0.0,29.1,32.2,30.1,46.5,186.0,35.0,2026-08-30 05:46:00,2026-08-30 18:21:00,False,Raipur
25.6,90,29.8,0.2,0.2,51,12.2,0.379,2026-08-30 23:00:00,55,78,0.0,28.7,32.0,31.2,48.5,178.0,29.0,2026-08-30 05:46:00,2026-08-30 18:21:00,False,Raipur
27.1,86,33.4,0.4,0.4,51,0.6,0.227,2026-08-25 00:00:00,84,148,0.0,67.8,78.7,41.1,13.4,1345.0,43.0,2026-08-25 05:54:00,2026-08-25 18:54:00,False,Chandigarh
25.5,94,30.7,0.4,0.4,51,7.8,0.23,2026-08-25 01:00:00,83,147,0.0,62.4,71.2,34.4,12.1,843.0,44.0,2026-08-25 05:54:00,2026-08-25 18:54:00,False,Chandigarh
25.4,96,31.5,0.0,0.0,0,3.4,0.231,2026-08-25 02:00:00,83,145,0.0,59.8,68.0,29.9,11.1,487.0,44.0,2026-08-25 05:54:00,2026-08-25 18:54:00,False,Chandigarh
25.3,99,31.7,0.0,0.0,0,2.3,0.231,2026-08-25 03:00:00,82,143,0.0,58.0,66.1,30.2,10.4,427.0,36.0,2026-08-25 05:54:00,2026-08-25 18:54:00,False,Chandigarh
25.4,98,31.8,0.0,0.0,0,2.2,0.231,2026-08-25 04:00:00,81,140,0.0,59.0,66.6,32.6,10.1,512.0,26.0,2026-08-25 05:54:00,2026-08-25 18:54:00,False,Chandigarh
26.0,89,31.8,0.0,0.0,0,2.3,0.218,2026-08-25 05:00:00,81,138,0.0,93.8,108.3,52.3,14.9,586.0,21.0,2026-08-25 05:54:00,2026-08-25 18:54:00,False,Chandigarh
25.7,91,31.4,0.0,0.0,0,3.1,0.218,2026-08-25 06:00:00,82,142,0.1,95.0,109.7,41.0,16.4,602.0,51.0,2026-08-25 05:54:00,2026-08-25 18:54:00,True,Chandigarh
26.8,90,32.2,0.0,0.0,1,8.5,0.218,2026-08-25 07:00:00,83,147,0.7,76.6,89.6,25.3,18.4,607.0,94.0,2026-08-25 05:54:00,2026-08-25 18:54:00,True,Chandigarh
27.5,86,32.8,0.0,0.0,2,9.2,0.217,2026-08-25 08:00:00,84,149,2.0,56.0,77.8,13.0,19.4,593.0,132.0,2026-08-25 05:54:00,2026-08-25 18:54:00,True,Chandigarh
28.8,80,34.8,0.0,0.0,1,5.2,0.215,2026-08-25 09:00:00,85,150,3.85,51.6,77.8,7.3,18.4,542.0,159.0,2026-08-25 05:54:00,2026-08-25 18:54:00,True,Chandigarh
30.3,75,36.8,0.0,0.0,1,6.2,0.213,2026-08-25 10:00:00,86,151,5.7,49.2,77.1,4.9,16.5,471.0,182.0,2026-08-25 05:54:00,2026-08-25 18:54:00,True,Chandigarh
32.1,67,39.0,0.0,0.0,0,7.4,0.217,2026-08-25 11:00:00,86,152,7.15,48.0,76.1,3.5,14.9,420.0,199.0,2026-08-25 05:54:00,2026-08-25 18:54:00,True,Chandigarh
32.1,68,39.9,0.1,0.1,51,5.4,0.214,2026-08-25 12:00:00,87,152,7.5,48.3,76.4,2.6,14.3,397.0,210.0,2026-08-25 05:54:00,2026-08-25 18:54:00,True,Chandigarh
32.4,66,39.8,0.0,0.0,1,3.5,0.211,2026-08-25 13:00:00,87,153,6.65,49.8,76.8,2.7,14.1,395.0,216.0,2026-08-25 05:54:00,2026-08-25 18:54:00,True,Chandigarh
32.8,64,39.5,0.0,0.0,1,6.2,0.208,2026-08-25 14:00:00,88,153,5.05,51.6,78.0,3.2,14.1,430.0,218.0,2026-08-25 05:54:00,2026-08-25 18:54:00,True,Chandigarh
30.8,71,36.3,0.5,0.5,53,7.9,0.21,2026-08-25 15:00:00,89,162,3.0,52.5,78.5,3.1,14.2,473.0,219.0,2026-08-25 05:54:00,2026-08-25 18:54:00,True,Chandigarh
30.1,77,36.5,0.3,0.3,51,5.0,0.211,2026-08-25 16:00:00,89,182,1.35,52.6,77.8,3.5,14.5,555.0,216.0,2026-08-25 05:54:00,2026-08-25 18:54:00,True,Chandigarh
30.3,74,36.1,0.1,0.1,51,6.2,0.231,2026-08-25 17:00:00,90,196,0.3,55.1,76.4,8.8,13.6,781.0,207.0,2026-08-25 05:54:00,2026-08-25 18:54:00,True,Chandigarh
29.6,82,36.8,0.0,0.0,0,2.1,0.23,2026-08-25 18:00:00,90,201,0.0,56.2,74.0,13.7,13.7,1301.0,185.0,2026-08-25 05:54:00,2026-08-25 18:54:00,True,Chandigarh
28.5,88,35.6,0.0,0.0,1,3.3,0.23,2026-08-25 19:00:00,91,202,0.0,64.0,80.6,20.8,13.8,1966.0,154.0,2026-08-25 05:54:00,2026-08-25 18:54:00,False,Chandigarh
28.2,90,35.6,0.0,0.0,2,1.7,0.23,2026-08-25 20:00:00,91,197,0.0,68.9,83.8,28.8,14.6,2437.0,125.0,2026-08-25 05:54:00,2026-08-25 18:54:00,False,Chandigarh
27.8,93,35.5,0.0,0.0,2,0.9,0.23,2026-08-25 21:00:00,91,183,0.0,77.3,92.2,38.1,16.6,2597.0,101.0,2026-08-25 05:54:00,2026-08-25 18:54:00,False,Chandigarh
27.4,95,35.2,0.0,0.0,3,0.4,0.23,2026-08-25 22:00:00,91,165,0.0,93.6,108.0,48.4,19.1,2562.0,78.0,2026-08-25 05:54:00,2026-08-25 18:54:00,False,Chandigarh
27.7,93,35.1,0.0,0.0,3,1.9,0.23,2026-08-25 23:00:00,91,156,0.0,106.6,120.6,57.1,20.9,2344.0,59.0,2026-08-25 05:54:00,2026-08-25 18:54:00,False,Chandigarh
27.1,95,34.2,0.0,0.0,3,2.5,0.231,2026-08-26 00:00:00,92,157,0.0,114.6,128.1,63.3,21.2,1820.0,44.0,2026-08-26 05:55:00,2026-08-26 18:53:00,False,Chandigarh
26.9,95,33.7,0.0,0.0,3,4.4,0.231,2026-08-26 01:00:00,93,158,0.0,119.0,131.8,67.8,20.8,1112.0,32.0,2026-08-26 05:55:00,2026-08-26 18:53:00,False,Chandigarh
26.7,95,33.2,0.0,0.0,2,4.9,0.231,2026-08-26 02:00:00,95,160,0.0,118.7,130.9,71.2,20.3,597.0,23.0,2026-08-26 05:55:00,2026-08-26 18:53:00,False,Chandigarh
26.4,96,33.1,0.0,0.0,2,2.9,0.231,2026-08-26 03:00:00,97,161,0.0,117.6,129.0,75.4,19.6,459.0,11.0,2026-08-26 05:55:00,2026-08-26 18:53:00,False,Chandigarh
26.3,96,33.1,0.0,0.0,2,1.9,0.231,2026-08-26 04:00:00,99,163,0.0,118.7,129.9,78.4,18.8,514.0,1.0,2026-08-26 05:55:00,2026-08-26 18:53:00,False,Chandigarh
26.7,94,33.5,0.0,0.0,2,2.4,0.239,2026-08-26 05:00:00,101,165,0.0,85.9,93.4,29.5,16.4,582.0,50.0,2026-08-26 05:55:00,2026-08-26 18:53:00,False,Chandigarh
26.7,93,33.3,0.0,0.0,2,2.4,0.239,2026-08-26 06:00:00,101,165,0.1,92.2,99.9,25.2,18.8,619.0,78.0,2026-08-26 05:55:00,2026-08-26 18:53:00,True,Chandigarh
27.6,87,34.2,0.0,0.0,1,1.6,0.238,2026-08-26 07:00:00,101,165,0.6,78.5,87.8,19.1,22.1,669.0,118.0,2026-08-26 05:55:00,2026-08-26 18:53:00,True,Chandigarh
28.7,80,35.1,0.0,0.0,0,1.8,0.237,2026-08-26 08:00:00,101,165,1.8,67.8,81.3,13.7,24.2,685.0,153.0,2026-08-26 05:55:00,2026-08-26 18:53:00,True,Chandigarh
29.9,74,35.7,0.0,0.0,1,5.2,0.235,2026-08-26 09:00:00,101,165,3.65,56.5,75.0,9.7,24.3,635.0,180.0,2026-08-26 05:55:00,2026-08-26 18:53:00,True,Chandigarh
31.0,69,36.8,0.0,0.0,0,6.8,0.233,2026-08-26 10:00:00,101,165,5.45,56.9,77.8,6.3,23.2,552.0,203.0,2026-08-26 05:55:00,2026-08-26 18:53:00,True,Chandigarh
31.5,68,37.7,0.0,0.0,0,9.1,0.233,2026-08-26 11:00:00,102,165,6.8,54.7,75.2,3.9,21.7,485.0,219.0,2026-08-26 05:55:00,2026-08-26 18:53:00,True,Chandigarh
32.2,66,39.1,0.2,0.2,51,8.7,0.23,2026-08-26 12:00:00,102,166,7.3,51.0,69.8,2.8,19.9,444.0,225.0,2026-08-26 05:55:00,2026-08-26 18:53:00,True,Chandigarh
32.7,63,39.0,0.1,0.1,51,10.4,0.227,2026-08-26 13:00:00,102,166,6.55,49.9,67.5,2.7,17.7,420.0,223.0,2026-08-26 05:55:00,2026-08-26 18:53:00,True,Chandigarh
32.8,62,38.5,0.0,0.0,0,11.6,0.224,2026-08-26 14:00:00,102,166,4.55,47.0,62.4,3.2,15.9,435.0,218.0,2026-08-26 05:55:00,2026-08-26 18:53:00,True,Chandigarh
32.5,62,37.5,0.0,0.0,1,10.7,0.22,2026-08-26 15:00:00,102,183,2.75,44.9,58.1,3.6,14.7,514.0,213.0,2026-08-26 05:55:00,2026-08-26 18:53:00,True,Chandigarh
31.8,69,37.6,0.3,0.3,51,7.3,0.221,2026-08-26 16:00:00,102,198,1.15,42.7,54.7,4.6,13.8,632.0,206.0,2026-08-26 05:55:00,2026-08-26 18:53:00,True,Chandigarh
29.2,89,36.1,0.7,0.7,53,9.2,0.225,2026-08-26 17:00:00,101,203,0.3,52.9,68.2,7.8,13.5,740.0,187.0,2026-08-26 05:55:00,2026-08-26 18:53:00,True,Chandigarh
29.1,88,36.0,0.0,0.0,0,7.6,0.226,2026-08-26 18:00:00,101,203,0.0,54.6,66.6,16.6,14.4,812.0,161.0,2026-08-26 05:55:00,2026-08-26 18:53:00,True,Chandigarh
28.6,87,35.0,0.0,0.0,0,7.7,0.226,2026-08-26 19:00:00,101,200,0.0,61.5,71.9,28.9,15.7,874.0,124.0,2026-08-26 05:55:00,2026-08-26 18:53:00,False,Chandigarh
28.4,84,34.3,0.0,0.0,0,7.0,0.226,2026-08-26 20:00:00,101,186,0.0,68.2,78.2,38.9,17.0,958.0,93.0,2026-08-26 05:55:00,2026-08-26 18:53:00,False,Chandigarh
28.1,84,33.9,0.0,0.0,0,7.2,0.226,2026-08-26 21:00:00,101,165,0.0,72.6,82.4,44.1,18.4,1126.0,76.0,2026-08-26 05:55:00,2026-08-26 18:53:00,False,Chandigarh
27.8,86,34.0,0.0,0.0,3,4.3,0.225,2026-08-26 22:00:00,101,165,0.0,78.9,88.9,47.1,19.7,1316.0,66.0,2026-08-26 05:55:00,2026-08-26 18:53:00,False,Chandigarh
28.1,84,34.2,0.0,0.0,3,4.8,0.222,2026-08-26 23:00:00,100,164,0.0,87.1,97.1,49.7,20.1,1379.0,55.0,2026-08-26 05:55:00,2026-08-26 18:53:00,False,Chandigarh
27.8,85,33.9,0.0,0.0,3,4.1,0.222,2026-08-27 00:00:00,100,164,0.0,92.4,102.4,52.9,18.8,1198.0,41.0,2026-08-27 05:56:00,2026-08-27 18:52:00,False,Chandigarh
27.6,86,33.7,0.0,0.0,2,4.1,0.222,2026-08-27 01:00:00,99,163,0.0,95.9,104.8,55.6,16.6,891.0,27.0,2026-08-27 05:56:00,2026-08-27 18:52:00,False,Chandigarh
27.4,87,33.5,0.0,0.0,1,4.1,0.222,2026-08-27 02:00:00,98,162,0.0,95.9,103.6,56.7,14.5,659.0,17.0,2026-08-27 05:56:00,2026-08-27 18:52:00,False,Chandigarh
27.3,87,33.7,0.0,0.0,1,1.7,0.222,2026-08-27 03:00:00,97,162,0.0,92.4,99.0,56.2,12.4,588.0,8.0,2026-08-27 05:56:00,2026-08-27 18:52:00,False,Chandigarh
27.0,88,33.5,0.0,0.0,0,0.5,0.222,2026-08-27 04:00:00,97,161,0.0,86.8,92.7,54.2,10.5,592.0,3.0,2026-08-27 05:56:00,2026-08-27 18:52:00,False,Chandigarh
27.5,85,32.9,0.0,0.0,1,7.8,0.237,2026-08-27 05:00:00,96,160,0.0,104.5,115.3,51.5,18.6,620.0,32.0,2026-08-27 05:56:00,2026-08-27 18:52:00,False,Chandigarh
27.2,86,32.4,0.0,0.0,1,9.0,0.237,2026-08-27 06:00:00,96,161,0.1,109.9,121.1,40.6,20.2,683.0,62.0,2026-08-27 05:56:00,2026-08-27 18:52:00,True,Chandigarh
28.7,80,34.2,0.0,0.0,2,8.5,0.237,2026-08-27 07:00:00,97,161,0.6,82.0,95.0,25.4,22.2,770.0,104.0,2026-08-27 05:56:00,2026-08-27 18:52:00,True,Chandigarh
30.6,71,36.4,0.0,0.0,2,5.9,0.236,2026-08-27 08:00:00,97,161,1.7,67.3,81.3,13.4,23.4,796.0,142.0,2026-08-27 05:56:00,2026-08-27 18:52:00,True,Chandigarh
31.8,63,36.6,0.0,0.0,2,8.1,0.233,2026-08-27 09:00:00,97,161,3.35,59.3,75.2,7.8,22.8,701.0,174.0,2026-08-27 05:56:00,2026-08-27 18:52:00,True,Chandigarh
32.7,60,38.1,0.0,0.0,1,8.9,0.23,2026-08-27 10:00:00,97,161,5.1,58.3,75.7,5.4,21.3,546.0,202.0,2026-08-27 05:56:00,2026-08-27 18:52:00,True,Chandigarh
33.4,55,38.5,0.0,0.0,2,8.9,0.229,2026-08-27 11:00:00,97,161,6.15,54.8,73.1,4.0,19.8,426.0,220.0,2026-08-27 05:56:00,2026-08-27 18:52:00,True,Chandigarh
33.7,54,38.8,0.1,0.1,51,11.1,0.225,2026-08-27 12:00:00,97,161,6.65,51.1,69.4,2.8,18.7,370.0,224.0,2026-08-27 05:56:00,2026-08-27 18:52:00,True,Chandigarh
33.7,54,38.6,0.1,0.1,51,12.5,0.221,2026-08-27 13:00:00,97,161,6.0,48.4,66.6,2.6,17.8,350.0,217.0,2026-08-27 05:56:00,2026-08-27 18:52:00,True,Chandigarh
33.4,56,38.2,0.3,0.3,51,11.8,0.22,2026-08-27 14:00:00,97,161,4.5,47.7,65.9,3.0,16.9,377.0,210.0,2026-08-27 05:56:00,2026-08-27 18:52:00,True,Chandigarh
31.6,68,37.0,1.3,1.3,61,10.5,0.229,2026-08-27 15:00:00,97,176,2.55,50.5,70.1,3.6,16.1,446.0,206.0,2026-08-27 05:56:00,2026-08-27 18:52:00,True,Chandigarh
31.9,67,37.9,0.4,0.4,51,3.8,0.232,2026-08-27 16:00:00,97,192,1.1,48.8,67.5,4.7,15.4,563.0,200.0,2026-08-27 05:56:00,2026-08-27 18:52:00,True,Chandigarh
32.1,74,39.4,0.0,0.0,1,4.6,0.194,2026-08-27 17:00:00,97,200,0.3,49.2,66.6,7.5,15.1,754.0,188.0,2026-08-27 05:56:00,2026-08-27 18:52:00,True,Chandigarh
29.5,85,36.8,0.2,0.2,51,4.3,0.196,2026-08-27 18:00:00,97,201,0.0,50.3,65.4,12.5,15.4,1104.0,165.0,2026-08-27 05:56:00,2026-08-27 18:52:00,True,Chandigarh
26.9,95,32.5,0.6,0.6,53,12.5,0.201,2026-08-27 19:00:00,97,197,0.0,54.5,65.9,19.2,16.0,1529.0,136.0,2026-08-27 05:56:00,2026-08-27 18:52:00,False,Chandigarh
27.2,93,33.9,0.1,0.1,51,4.6,0.202,2026-08-27 20:00:00,97,184,0.0,55.4,65.7,26.5,16.7,1806.0,109.0,2026-08-27 05:56:00,2026-08-27 18:52:00,False,Chandigarh
27.2,95,34.7,0.0,0.0,0,1.0,0.202,2026-08-27 21:00:00,96,166,0.0,60.3,69.8,35.6,17.7,1839.0,84.0,2026-08-27 05:56:00,2026-08-27 18:52:00,False,Chandigarh
27.0,97,34.3,0.0,0.0,0,2.3,0.203,2026-08-27 22:00:00,96,160,0.0,69.4,78.5,45.4,18.7,1725.0,61.0,2026-08-27 05:56:00,2026-08-27 18:52:00,False,Chandigarh
27.1,97,34.2,0.0,0.0,1,4.6,0.19,2026-08-27 23:00:00,96,160,0.0,77.3,85.2,51.8,18.7,1530.0,43.0,2026-08-27 05:56:00,2026-08-27 18:52:00,False,Chandigarh
26.7,97,33.6,0.0,0.0,2,4.1,0.19,2026-08-28 00:00:00,95,160,0.0,78.0,84.3,51.9,17.0,1209.0,33.0,2026-08-28 05:56:00,2026-08-28 18:50:00,False,Chandigarh
26.3,97,32.5,0.0,0.0,1,6.6,0.191,2026-08-28 01:00:00,95,159,0.0,74.0,78.9,48.6,14.2,806.0,28.0,2026-08-28 05:56:00,2026-08-28 18:50:00,False,Chandigarh
26.0,97,32.0,0.0,0.0,0,6.9,0.191,2026-08-28 02:00:00,94,159,0.0,69.6,73.6,46.0,11.9,522.0,24.0,2026-08-28 05:56:00,2026-08-28 18:50:00,False,Chandigarh
26.0,96,32.3,0.0,0.0,0,4.0,0.191,2026-08-28 03:00:00,93,158,0.0,67.3,70.8,47.2,10.0,457.0,15.0,2026-08-28 05:56:00,2026-08-28 18:50:00,False,Chandigarh
26.0,95,32.4,0.0,0.0,0,2.4,0.191,2026-08-28 04:00:00,92,157,0.0,66.1,69.2,49.1,8.6,509.0,6.0,2026-08-28 05:56:00,2026-08-28 18:50:00,False,Chandigarh
26.6,95,33.4,0.0,0.0,0,2.3,0.191,2026-08-28 05:00:00,92,157,0.0,80.8,91.5,32.3,15.4,579.0,43.0,2026-08-28 05:56:00,2026-08-28 18:50:00,False,Chandigarh
26.9,94,34.1,0.0,0.0,0,0.8,0.191,2026-08-28 06:00:00,91,156,0.1,85.0,95.0,26.5,18.5,659.0,74.0,2026-08-28 05:56:00,2026-08-28 18:50:00,True,Chandigarh
27.1,92,32.8,0.1,0.1,51,10.3,0.192,2026-08-28 07:00:00,90,155,0.75,75.4,86.4,18.4,22.8,756.0,118.0,2026-08-28 05:56:00,2026-08-28 18:50:00,True,Chandigarh
28.3,84,34.3,0.0,0.0,0,5.8,0.192,2026-08-28 08:00:00,90,155,2.1,49.6,68.9,11.6,25.1,786.0,153.0,2026-08-28 05:56:00,2026-08-28 18:50:00,True,Chandigarh
30.2,72,35.7,0.0,0.0,0,7.1,0.19,2026-08-28 09:00:00,89,154,3.95,46.9,71.9,7.6,23.8,689.0,170.0,2026-08-28 05:56:00,2026-08-28 18:50:00,True,Chandigarh
31.5,65,36.9,0.0,0.0,0,8.9,0.188,2026-08-28 10:00:00,89,154,6.15,44.1,74.0,5.0,20.7,526.0,178.0,2026-08-28 05:56:00,2026-08-28 18:50:00,True,Chandigarh
32.4,59,37.4,0.0,0.0,0,11.1,0.191,2026-08-28 11:00:00,88,154,7.7,41.8,75.0,3.2,18.0,397.0,184.0,2026-08-28 05:56:00,2026-08-28 18:50:00,True,Chandigarh
33.0,58,38.4,0.0,0.0,0,11.3,0.188,2026-08-28 12:00:00,88,153,7.7,40.7,74.0,2.3,16.7,335.0,189.0,2026-08-28 05:56:00,2026-08-28 18:50:00,True,Chandigarh
33.5,56,39.0,0.0,0.0,2,10.6,0.184,2026-08-28 13:00:00,88,153,6.7,40.2,70.1,2.4,15.9,306.0,192.0,2026-08-28 05:56:00,2026-08-28 18:50:00,True,Chandigarh
33.9,54,38.8,0.0,0.0,1,10.8,0.181,2026-08-28 14:00:00,87,153,5.15,39.9,66.4,2.8,15.1,313.0,192.0,2026-08-28 05:56:00,2026-08-28 18:50:00,True,Chandigarh
33.8,54,37.9,0.0,0.0,1,11.5,0.178,2026-08-28 15:00:00,87,157,2.95,38.5,61.2,3.1,14.1,358.0,190.0,2026-08-28 05:56:00,2026-08-28 18:50:00,True,Chandigarh
33.4,55,37.3,0.0,0.0,0,11.2,0.176,2026-08-28 16:00:00,87,168,1.3,37.3,56.2,3.8,13.2,439.0,185.0,2026-08-28 05:56:00,2026-08-28 18:50:00,True,Chandigarh
33.1,59,37.8,0.0,0.0,0,9.4,0.169,2026-08-28 17:00:00,86,173,0.35,42.3,73.8,6.0,12.5,547.0,167.0,2026-08-28 05:56:00,2026-08-28 18:50:00,True,Chandigarh
31.1,70,37.2,0.0,0.0,1,4.5,0.169,2026-08-28 18:00:00,86,173,0.0,42.5,67.8,10.1,13.1,686.0,151.0,2026-08-28 05:56:00,2026-08-28 18:50:00,True,Chandigarh
30.0,74,35.9,0.1,0.1,51,4.1,0.169,2026-08-28 19:00:00,86,169,0.0,45.6,66.6,16.0,13.8,853.0,129.0,2026-08-28 05:56:00,2026-08-28 18:50:00,False,Chandigarh
29.5,74,35.2,0.0,0.0,1,4.2,0.169,2026-08-28 20:00:00,86,160,0.0,49.8,68.2,22.0,14.5,1024.0,107.0,2026-08-28 05:56:00,2026-08-28 18:50:00,False,Chandigarh
29.4,76,35.4,0.0,0.0,0,3.1,0.169,2026-08-28 21:00:00,85,151,0.0,55.5,73.8,28.3,15.0,1227.0,87.0,2026-08-28 05:56:00,2026-08-28 18:50:00,False,Chandigarh
29.0,77,34.9,0.0,0.0,0,3.1,0.17,2026-08-28 22:00:00,85,151,0.0,61.5,81.5,34.7,15.3,1435.0,67.0,2026-08-28 05:56:00,2026-08-28 18:50:00,False,Chandigarh
28.9,82,35.3,0.0,0.0,0,3.6,0.177,2026-08-28 23:00:00,85,151,0.0,66.4,87.3,39.3,15.4,1545.0,52.0,2026-08-28 05:56:00,2026-08-28 18:50:00,False,Chandigarh
28.3,84,34.7,0.0,0.0,0,3.2,0.177,2026-08-29 00:00:00,85,150,0.0,68.7,91.7,40.4,15.1,1499.0,43.0,2026-08-29 05:57:00,2026-08-29 18:49:00,False,Chandigarh
27.9,84,34.0,0.0,0.0,0,4.0,0.177,2026-08-29 01:00:00,84,150,0.0,69.4,94.1,39.6,14.4,1354.0,39.0,2026-08-29 05:57:00,2026-08-29 18:49:00,False,Chandigarh
27.6,84,33.5,0.0,0.0,0,4.2,0.177,2026-08-29 02:00:00,84,149,0.0,71.7,96.4,39.7,13.6,1181.0,33.0,2026-08-29 05:57:00,2026-08-29 18:49:00,False,Chandigarh
27.3,84,33.1,0.0,0.0,0,3.9,0.177,2026-08-29 03:00:00,84,149,0.0,75.7,98.5,43.6,11.9,958.0,18.0,2026-08-29 05:57:00,2026-08-29 18:49:00,False,Chandigarh
27.0,86,32.9,0.0,0.0,0,3.4,0.177,2026-08-29 04:00:00,85,150,0.0,78.2,97.6,48.5,10.1,707.0,3.0,2026-08-29 05:57:00,2026-08-29 18:49:00,False,Chandigarh
28.3,80,34.1,0.0,0.0,1,4.3,0.173,2026-08-29 05:00:00,85,150,0.0,72.2,113.9,27.0,16.6,556.0,51.0,2026-08-29 05:57:00,2026-08-29 18:49:00,False,Chandigarh
27.6,83,32.8,0.1,0.1,51,8.2,0.174,2026-08-29 06:00:00,85,150,0.1,71.5,111.8,22.8,18.4,610.0,71.0,2026-08-29 05:57:00,2026-08-29 18:49:00,True,Chandigarh
28.5,83,34.5,0.0,0.0,0,5.9,0.174,2026-08-29 07:00:00,84,149,0.65,66.8,107.1,16.9,20.8,765.0,99.0,2026-08-29 05:57:00,2026-08-29 18:49:00,True,Chandigarh
29.7,77,35.7,0.0,0.0,0,6.7,0.174,2026-08-29 08:00:00,84,148,1.9,61.2,107.1,11.7,21.8,837.0,126.0,2026-08-29 05:57:00,2026-08-29 18:49:00,True,Chandigarh
30.9,70,36.2,0.2,0.2,51,9.1,0.174,2026-08-29 09:00:00,84,150,3.75,57.6,101.3,8.0,20.1,723.0,150.0,2026-08-29 05:57:00,2026-08-29 18:49:00,True,Chandigarh
31.8,68,37.8,0.2,0.2,51,8.1,0.174,2026-08-29 10:00:00,85,150,5.75,53.3,93.8,5.1,17.0,525.0,174.0,2026-08-29 05:57:00,2026-08-29 18:49:00,True,Chandigarh
33.2,59,38.7,0.1,0.1,51,10.9,0.177,2026-08-29 11:00:00,85,150,7.15,50.8,90.3,3.1,14.4,372.0,189.0,2026-08-29 05:57:00,2026-08-29 18:49:00,True,Chandigarh
33.6,57,39.3,0.0,0.0,1,11.8,0.174,2026-08-29 12:00:00,85,151,7.4,47.8,86.8,2.2,13.0,305.0,192.0,2026-08-29 05:57:00,2026-08-29 18:49:00,True,Chandigarh
34.0,55,39.5,0.0,0.0,1,10.7,0.171,2026-08-29 13:00:00,85,151,6.35,46.4,85.0,2.2,12.1,281.0,188.0,2026-08-29 05:57:00,2026-08-29 18:49:00,True,Chandigarh
34.0,55,39.1,0.2,0.2,51,11.5,0.17,2026-08-29 14:00:00,86,151,4.5,45.1,81.7,2.8,11.5,303.0,182.0,2026-08-29 05:57:00,2026-08-29 18:49:00,True,Chandigarh
33.7,56,37.9,0.2,0.2,51,11.9,0.169,2026-08-29 15:00:00,86,151,2.85,46.7,84.5,3.2,10.9,378.0,179.0,2026-08-29 05:57:00,2026-08-29 18:49:00,True,Chandigarh
33.2,58,37.6,0.2,0.2,51,10.9,0.169,2026-08-29 16:00:00,86,158,1.05,46.1,84.3,4.2,10.5,498.0,174.0,2026-08-29 05:57:00,2026-08-29 18:49:00,True,Chandigarh
32.1,68,37.9,0.2,0.2,51,7.5,0.183,2026-08-29 17:00:00,86,165,0.3,50.2,87.8,6.5,10.7,641.0,167.0,2026-08-29 05:57:00,2026-08-29 18:49:00,True,Chandigarh
30.3,78,37.4,0.1,0.1,51,1.9,0.184,2026-08-29 18:00:00,87,168,0.0,52.7,89.9,10.6,11.6,800.0,153.0,2026-08-29 05:57:00,2026-08-29 18:49:00,True,Chandigarh
29.4,80,36.1,0.0,0.0,0,2.7,0.184,2026-08-29 19:00:00,87,165,0.0,54.4,83.4,16.4,12.9,983.0,133.0,2026-08-29 05:57:00,2026-08-29 18:49:00,False,Chandigarh
28.7,83,34.8,0.1,0.1,51,6.8,0.184,2026-08-29 20:00:00,87,156,0.0,50.5,66.4,21.6,14.0,1185.0,114.0,2026-08-29 05:57:00,2026-08-29 18:49:00,False,Chandigarh
28.4,86,35.2,0.0,0.0,1,2.2,0.185,2026-08-29 21:00:00,87,153,0.0,50.1,59.3,25.5,15.0,1490.0,100.0,2026-08-29 05:57:00,2026-08-29 18:49:00,False,Chandigarh
28.0,88,34.8,0.0,0.0,3,2.9,0.185,2026-08-29 22:00:00,87,152,0.0,52.7,58.7,28.9,15.9,1815.0,87.0,2026-08-29 05:57:00,2026-08-29 18:49:00,False,Chandigarh
28.5,87,35.5,0.0,0.0,3,2.8,0.179,2026-08-29 23:00:00,87,152,0.0,52.5,57.2,31.6,16.3,1908.0,75.0,2026-08-29 05:57:00,2026-08-29 18:49:00,False,Chandigarh
27.7,89,34.5,0.0,0.0,3,2.3,0.179,2026-08-30 00:00:00,86,152,0.0,52.0,56.3,33.7,15.7,1560.0,63.0,2026-08-30 05:57:00,2026-08-30 18:48:00,False,Chandigarh
27.4,89,34.1,0.0,0.0,3,1.7,0.179,2026-08-30 01:00:00,86,151,0.0,51.9,56.3,35.2,14.6,981.0,52.0,2026-08-30 05:57:00,2026-08-30 18:48:00,False,Chandigarh
27.5,87,33.8,0.0,0.0,3,3.1,0.18,2026-08-30 02:00:00,85,151,0.0,53.3,58.7,36.2,13.7,545.0,43.0,2026-08-30 05:57:00,2026-08-30 18:48:00,False,Chandigarh
27.3,87,33.3,0.0,0.0,1,4.3,0.18,2026-08-30 03:00:00,85,150,0.0,55.2,62.2,37.4,12.9,420.0,35.0,2026-08-30 05:57:00,2026-08-30 18:48:00,False,Chandigarh
27.2,87,33.1,0.0,0.0,0,4.7,0.18,2026-08-30 04:00:00,84,149,0.0,56.5,65.7,37.9,12.2,439.0,29.0,2026-08-30 05:57:00,2026-08-30 18:48:00,False,Chandigarh
26.9,97,34.1,0.0,0.0,0,3.1,0.178,2026-08-30 05:00:00,83,146,0.0,65.0,94.1,26.1,22.0,472.0,79.0,2026-08-30 05:57:00,2026-08-30 18:48:00,False,Chandigarh
26.8,96,33.3,0.0,0.0,0,6.6,0.179,2026-08-30 06:00:00,83,146,0.1,66.6,98.5,21.0,23.0,492.0,94.0,2026-08-30 05:57:00,2026-08-30 18:48:00,True,Chandigarh
28.4,88,35.4,0.0,0.0,0,3.5,0.179,2026-08-30 07:00:00,83,145,0.65,63.3,111.8,13.9,24.2,528.0,114.0,2026-08-30 05:57:00,2026-08-30 18:48:00,True,Chandigarh
30.0,77,36.7,0.0,0.0,0,2.1,0.178,2026-08-30 08:00:00,83,145,1.95,59.8,119.2,8.2,24.1,533.0,132.0,2026-08-30 05:57:00,2026-08-30 18:48:00,True,Chandigarh
31.2,69,37.2,0.0,0.0,0,4.7,0.177,2026-08-30 09:00:00,83,145,3.7,56.0,117.8,5.2,21.3,477.0,144.0,2026-08-30 05:57:00,2026-08-30 18:48:00,True,Chandigarh
32.0,66,38.1,0.3,0.3,51,5.2,0.177,2026-08-30 10:00:00,83,144,5.6,50.6,109.2,3.5,17.1,392.0,153.0,2026-08-30 05:57:00,2026-08-30 18:48:00,True,Chandigarh
33.0,58,39.1,0.1,0.1,51,4.3,0.184,2026-08-30 11:00:00,83,144,7.5,49.2,106.6,2.5,13.9,325.0,161.0,2026-08-30 05:57:00,2026-08-30 18:48:00,True,Chandigarh
33.7,56,39.9,0.0,0.0,0,6.5,0.181,2026-08-30 12:00:00,82,144,7.7,48.0,102.0,2.0,12.9,289.0,171.0,2026-08-30 05:57:00,2026-08-30 18:48:00,True,Chandigarh
34.2,53,40.1,0.0,0.0,0,7.6,0.178,2026-08-30 13:00:00,82,144,6.35,49.0,102.2,2.1,13.0,271.0,180.0,2026-08-30 05:57:00,2026-08-30 18:48:00,True,Chandigarh
34.1,53,39.6,0.1,0.1,51,7.4,0.175,2026-08-30 14:00:00,83,144,4.25,49.2,99.9,2.5,13.0,288.0,185.0,2026-08-30 05:57:00,2026-08-30 18:48:00,True,Chandigarh
33.4,57,38.4,0.3,0.3,51,6.1,0.175,2026-08-30 15:00:00,83,145,1.45,49.2,99.4,2.8,12.4,353.0,184.0,2026-08-30 05:57:00,2026-08-30 18:48:00,True,Chandigarh
30.7,74,36.8,1.4,1.4,61,7.3,0.187,2026-08-30 16:00:00,83,145,0.9,52.5,106.2,3.4,11.8,452.0,179.0,2026-08-30 05:57:00,2026-08-30 18:48:00,True,Chandigarh
27.3,95,33.7,0.8,0.8,53,9.4,0.163,2026-08-30 17:00:00,83,154,0.15,64.3,143.9,6.1,10.3,561.0,157.0,2026-08-30 05:57:00,2026-08-30 18:48:00,True,Chandigarh
26.9,96,33.3,1.3,1.3,61,7.3,0.179,2026-08-30 18:00:00,83,156,0.0,54.4,104.3,9.3,10.1,699.0,143.0,2026-08-30 05:57:00,2026-08-30 18:48:00,True,Chandigarh
26.2,95,31.7,1.5,1.5,61,10.3,0.199,2026-08-30 19:00:00,84,154,0.0,46.6,79.4,13.8,9.8,846.0,123.0,2026-08-30 05:57:00,2026-08-30 18:48:00,False,Chandigarh
26.5,93,32.6,0.1,0.1,51,4.9,0.2,2026-08-30 20:00:00,83,148,0.0,45.6,66.4,17.9,9.7,926.0,105.0,2026-08-30 05:57:00,2026-08-30 18:48:00,False,Chandigarh
26.2,95,32.4,0.5,0.5,53,4.8,0.206,2026-08-30 21:00:00,83,146,0.0,45.1,59.0,20.9,10.1,891.0,91.0,2026-08-30 05:57:00,2026-08-30 18:48:00,False,Chandigarh
25.7,96,31.3,0.4,0.4,51,7.1,0.211,2026-08-30 22:00:00,83,145,0.0,45.4,56.0,23.5,10.8,787.0,78.0,2026-08-30 05:57:00,2026-08-30 18:48:00,False,Chandigarh
27.3,97,34.6,4.7,4.7,63,3.9,0.215,2026-08-30 23:00:00,83,145,0.0,47.3,56.9,25.7,11.1,679.0,67.0,2026-08-30 05:57:00,2026-08-30 18:48:00,False,Chandigarh
29.1,86,36.1,0.0,0.0,1,4.8,0.203,2026-08-25 00:00:00,101,165,0.0,139.7,170.0,91.5,20.3,1328.0,7.0,2026-08-25 06:01:00,2026-08-25 19:03:00,False,Amritsar
28.8,86,35.6,0.0,0.0,0,4.7,0.204,2026-08-25 01:00:00,102,166,0.0,130.9,156.5,75.9,17.0,1261.0,12.0,2026-08-25 06:01:00,2026-08-25 19:03:00,False,Amritsar
28.5,87,35.4,0.0,0.0,0,4.3,0.204,2026-08-25 02:00:00,104,167,0.0,118.0,142.0,62.3,14.2,1235.0,17.0,2026-08-25 06:01:00,2026-08-25 19:03:00,False,Amritsar
28.2,89,35.2,0.0,0.0,0,3.6,0.204,2026-08-25 03:00:00,104,168,0.0,111.5,133.2,55.2,12.7,1327.0,15.0,2026-08-25 06:01:00,2026-08-25 19:03:00,False,Amritsar
27.8,91,34.7,0.0,0.0,0,4.2,0.204,2026-08-25 04:00:00,105,168,0.0,109.4,129.9,50.1,11.7,1459.0,12.0,2026-08-25 06:01:00,2026-08-25 19:03:00,False,Amritsar
28.7,87,35.6,0.0,0.0,0,4.3,0.2,2026-08-25 05:00:00,105,168,0.0,164.4,197.0,92.4,18.4,1495.0,0.0,2026-08-25 06:01:00,2026-08-25 19:03:00,False,Amritsar
28.0,89,34.4,0.0,0.0,0,6.6,0.2,2026-08-25 06:00:00,106,170,0.1,167.6,195.6,71.0,17.6,1352.0,34.0,2026-08-25 06:01:00,2026-08-25 19:03:00,False,Amritsar
28.4,88,35.3,0.0,0.0,0,4.6,0.2,2026-08-25 07:00:00,108,171,0.65,140.2,162.1,41.3,16.5,1112.0,81.0,2026-08-25 06:01:00,2026-08-25 19:03:00,True,Amritsar
29.8,83,36.8,0.0,0.0,0,5.1,0.199,2026-08-25 08:00:00,109,172,1.95,79.2,104.5,18.2,15.4,888.0,122.0,2026-08-25 06:01:00,2026-08-25 19:03:00,True,Amritsar
31.6,74,38.5,0.0,0.0,0,5.3,0.198,2026-08-25 09:00:00,110,173,3.85,61.2,87.1,8.2,14.5,706.0,149.0,2026-08-25 06:01:00,2026-08-25 19:03:00,True,Amritsar
32.9,67,40.2,0.0,0.0,0,2.8,0.195,2026-08-25 10:00:00,110,173,5.8,53.6,79.4,4.8,13.6,539.0,169.0,2026-08-25 06:01:00,2026-08-25 19:03:00,True,Amritsar
33.5,60,40.9,0.0,0.0,1,1.4,0.192,2026-08-25 11:00:00,110,173,7.3,47.4,72.6,3.1,12.7,417.0,184.0,2026-08-25 06:01:00,2026-08-25 19:03:00,True,Amritsar
34.1,58,41.7,0.0,0.0,0,1.9,0.189,2026-08-25 12:00:00,110,173,7.75,44.4,68.2,1.6,11.7,364.0,195.0,2026-08-25 06:01:00,2026-08-25 19:03:00,True,Amritsar
34.6,55,41.5,0.0,0.0,1,4.4,0.185,2026-08-25 13:00:00,110,173,6.9,43.3,65.9,1.8,10.8,356.0,200.0,2026-08-25 06:01:00,2026-08-25 19:03:00,True,Amritsar
34.8,53,41.2,0.0,0.0,0,5.2,0.18,2026-08-25 14:00:00,110,173,5.25,42.4,63.8,3.1,10.0,357.0,199.0,2026-08-25 06:01:00,2026-08-25 19:03:00,True,Amritsar
34.7,53,40.1,0.0,0.0,0,6.1,0.177,2026-08-25 15:00:00,110,173,3.35,41.8,61.9,4.7,9.4,323.0,190.0,2026-08-25 06:01:00,2026-08-25 19:03:00,True,Amritsar
34.2,56,39.4,0.0,0.0,0,5.5,0.174,2026-08-25 16:00:00,110,173,1.6,42.0,60.3,7.5,8.9,298.0,175.0,2026-08-25 06:01:00,2026-08-25 19:03:00,True,Amritsar
34.0,58,39.7,0.0,0.0,0,4.6,0.184,2026-08-25 17:00:00,110,173,0.45,54.7,77.1,13.0,10.1,373.0,166.0,2026-08-25 06:01:00,2026-08-25 19:03:00,True,Amritsar
33.0,67,40.2,0.0,0.0,0,1.4,0.183,2026-08-25 18:00:00,111,174,0.05,62.9,81.3,25.2,11.5,634.0,137.0,2026-08-25 06:01:00,2026-08-25 19:03:00,True,Amritsar
31.4,75,38.9,0.0,0.0,0,1.2,0.183,2026-08-25 19:00:00,111,174,0.0,75.9,93.4,42.0,13.3,996.0,96.0,2026-08-25 06:01:00,2026-08-25 19:03:00,True,Amritsar
30.4,80,37.8,0.0,0.0,0,3.1,0.183,2026-08-25 20:00:00,112,174,0.0,90.6,107.1,54.2,14.5,1292.0,63.0,2026-08-25 06:01:00,2026-08-25 19:03:00,False,Amritsar
29.9,83,37.2,0.0,0.0,0,3.1,0.184,2026-08-25 21:00:00,112,175,0.0,102.4,117.1,58.3,14.6,1470.0,46.0,2026-08-25 06:01:00,2026-08-25 19:03:00,False,Amritsar
29.3,83,36.3,0.0,0.0,0,3.8,0.184,2026-08-25 22:00:00,112,175,0.0,109.0,122.0,57.8,13.9,1581.0,37.0,2026-08-25 06:01:00,2026-08-25 19:03:00,False,Amritsar
29.6,83,36.6,0.0,0.0,0,4.7,0.188,2026-08-25 23:00:00,112,175,0.0,105.9,117.3,54.0,13.0,1616.0,33.0,2026-08-25 06:01:00,2026-08-25 19:03:00,False,Amritsar
29.0,84,35.6,0.0,0.0,0,5.8,0.188,2026-08-26 00:00:00,111,174,0.0,91.7,101.5,44.7,11.5,1536.0,36.0,2026-08-26 06:02:00,2026-08-26 19:01:00,False,Amritsar
28.8,83,35.2,0.0,0.0,0,5.1,0.188,2026-08-26 01:00:00,110,173,0.0,82.4,91.5,32.2,9.7,1379.0,44.0,2026-08-26 06:02:00,2026-08-26 19:01:00,False,Amritsar
28.4,85,34.9,0.0,0.0,0,4.2,0.189,2026-08-26 02:00:00,108,171,0.0,81.3,90.3,24.5,8.4,1248.0,48.0,2026-08-26 06:02:00,2026-08-26 19:01:00,False,Amritsar
28.0,87,34.5,0.0,0.0,0,5.0,0.189,2026-08-26 03:00:00,107,170,0.0,85.2,95.2,27.1,8.1,1196.0,39.0,2026-08-26 06:02:00,2026-08-26 19:01:00,False,Amritsar
27.8,89,34.3,0.0,0.0,0,4.5,0.189,2026-08-26 04:00:00,106,169,0.0,93.4,104.1,34.6,8.4,1170.0,25.0,2026-08-26 06:02:00,2026-08-26 19:01:00,False,Amritsar
28.2,93,35.6,0.0,0.0,0,5.1,0.187,2026-08-26 05:00:00,105,169,0.0,118.7,132.7,47.5,11.1,1115.0,20.0,2026-08-26 06:02:00,2026-08-26 19:01:00,False,Amritsar
27.8,95,35.2,0.0,0.0,0,4.7,0.188,2026-08-26 06:00:00,104,167,0.1,122.5,137.4,40.4,10.8,1002.0,41.0,2026-08-26 06:02:00,2026-08-26 19:01:00,False,Amritsar
28.9,91,36.6,0.0,0.0,0,4.0,0.188,2026-08-26 07:00:00,102,166,0.6,117.1,129.5,30.3,10.5,860.0,71.0,2026-08-26 06:02:00,2026-08-26 19:01:00,True,Amritsar
30.6,82,38.1,0.0,0.0,0,4.4,0.187,2026-08-26 08:00:00,102,165,1.7,95.0,109.7,21.3,10.9,724.0,104.0,2026-08-26 06:02:00,2026-08-26 19:01:00,True,Amritsar
32.0,71,38.8,0.0,0.0,0,5.1,0.185,2026-08-26 09:00:00,102,166,3.45,75.4,92.9,14.3,12.8,596.0,143.0,2026-08-26 06:02:00,2026-08-26 19:01:00,True,Amritsar
32.8,67,39.9,0.1,0.1,51,3.7,0.184,2026-08-26 10:00:00,103,166,5.1,68.9,88.9,8.3,15.5,474.0,185.0,2026-08-26 06:02:00,2026-08-26 19:01:00,True,Amritsar
33.8,59,40.4,0.1,0.1,51,5.1,0.185,2026-08-26 11:00:00,103,167,6.5,63.6,86.1,4.2,17.1,388.0,216.0,2026-08-26 06:02:00,2026-08-26 19:01:00,True,Amritsar
34.4,57,41.4,0.0,0.0,0,5.3,0.181,2026-08-26 12:00:00,104,167,6.9,59.4,82.9,2.4,16.7,354.0,232.0,2026-08-26 06:02:00,2026-08-26 19:01:00,True,Amritsar
34.9,54,41.6,0.0,0.0,0,5.6,0.177,2026-08-26 13:00:00,104,168,6.3,55.8,77.8,2.4,15.3,356.0,237.0,2026-08-26 06:02:00,2026-08-26 19:01:00,True,Amritsar
35.2,52,41.3,0.0,0.0,0,6.8,0.173,2026-08-26 14:00:00,105,168,4.95,54.2,75.0,3.6,14.0,370.0,233.0,2026-08-26 06:02:00,2026-08-26 19:01:00,True,Amritsar
35.2,52,40.4,0.0,0.0,0,7.7,0.169,2026-08-26 15:00:00,105,168,3.1,52.9,72.6,4.7,12.8,391.0,220.0,2026-08-26 06:02:00,2026-08-26 19:01:00,True,Amritsar
34.6,54,39.3,0.0,0.0,0,8.9,0.166,2026-08-26 16:00:00,105,188,1.5,53.4,70.1,6.9,11.6,424.0,198.0,2026-08-26 06:02:00,2026-08-26 19:01:00,True,Amritsar
34.4,57,39.4,0.0,0.0,0,9.7,0.154,2026-08-26 17:00:00,106,201,0.5,57.5,75.4,12.3,11.8,459.0,169.0,2026-08-26 06:02:00,2026-08-26 19:01:00,True,Amritsar
32.8,62,37.9,0.0,0.0,0,8.7,0.153,2026-08-26 18:00:00,106,203,0.05,62.9,78.7,26.0,13.5,481.0,141.0,2026-08-26 06:02:00,2026-08-26 19:01:00,True,Amritsar
31.9,63,36.7,0.0,0.0,0,8.4,0.152,2026-08-26 19:00:00,106,200,0.0,75.2,91.7,45.1,16.0,505.0,102.0,2026-08-26 06:02:00,2026-08-26 19:01:00,True,Amritsar
31.1,68,36.8,0.0,0.0,0,4.7,0.152,2026-08-26 20:00:00,106,182,0.0,92.0,108.7,60.9,17.8,562.0,69.0,2026-08-26 06:02:00,2026-08-26 19:01:00,False,Amritsar
30.2,76,36.9,0.0,0.0,0,2.6,0.152,2026-08-26 21:00:00,106,169,0.0,109.7,126.7,71.5,18.7,682.0,46.0,2026-08-26 06:02:00,2026-08-26 19:01:00,False,Amritsar
29.4,81,36.3,0.0,0.0,0,2.8,0.153,2026-08-26 22:00:00,106,169,0.0,127.6,143.4,78.9,19.1,835.0,29.0,2026-08-26 06:02:00,2026-08-26 19:01:00,False,Amritsar
30.6,79,37.8,0.0,0.0,0,3.5,0.153,2026-08-26 23:00:00,107,170,0.0,128.5,142.5,80.4,18.7,959.0,19.0,2026-08-26 06:02:00,2026-08-26 19:01:00,False,Amritsar
29.9,81,36.8,0.0,0.0,1,4.3,0.153,2026-08-27 00:00:00,107,171,0.0,119.2,131.8,72.1,17.0,1026.0,18.0,2026-08-27 06:02:00,2026-08-27 19:00:00,False,Amritsar
29.5,81,36.4,0.0,0.0,1,2.2,0.154,2026-08-27 01:00:00,108,171,0.0,110.4,121.5,57.9,14.5,1064.0,24.0,2026-08-27 06:02:00,2026-08-27 19:00:00,False,Amritsar
28.8,88,36.0,0.0,0.0,0,3.3,0.154,2026-08-27 02:00:00,109,172,0.0,106.9,117.6,46.9,12.5,1092.0,28.0,2026-08-27 06:02:00,2026-08-27 19:00:00,False,Amritsar
28.0,93,34.7,0.0,0.0,0,8.4,0.154,2026-08-27 03:00:00,110,173,0.0,106.6,117.1,44.1,11.4,1129.0,23.0,2026-08-27 06:02:00,2026-08-27 19:00:00,False,Amritsar
27.0,89,32.0,0.0,0.0,0,12.0,0.154,2026-08-27 04:00:00,111,174,0.0,104.8,115.0,44.5,10.7,1157.0,16.0,2026-08-27 06:02:00,2026-08-27 19:00:00,False,Amritsar
26.0,94,31.5,0.0,0.0,1,8.1,0.183,2026-08-27 05:00:00,111,174,0.0,65.4,82.0,36.6,14.1,1137.0,41.0,2026-08-27 06:02:00,2026-08-27 19:00:00,False,Amritsar
26.2,93,31.9,0.2,0.2,51,7.0,0.185,2026-08-27 06:00:00,109,172,0.1,71.0,82.9,30.1,12.5,1037.0,58.0,2026-08-27 06:02:00,2026-08-27 19:00:00,False,Amritsar
26.9,92,33.0,0.0,0.0,0,6.7,0.186,2026-08-27 07:00:00,108,171,0.65,66.1,73.3,20.9,10.3,890.0,82.0,2026-08-27 06:02:00,2026-08-27 19:00:00,True,Amritsar
28.4,86,35.0,0.0,0.0,0,4.8,0.185,2026-08-27 08:00:00,106,169,1.9,62.2,69.8,13.3,8.9,757.0,107.0,2026-08-27 06:02:00,2026-08-27 19:00:00,True,Amritsar
30.5,75,36.9,0.0,0.0,0,4.7,0.184,2026-08-27 09:00:00,105,168,3.85,57.6,68.9,8.6,9.1,658.0,133.0,2026-08-27 06:02:00,2026-08-27 19:00:00,True,Amritsar
32.2,67,38.9,0.0,0.0,0,4.1,0.181,2026-08-27 10:00:00,104,168,5.9,55.1,70.8,5.5,10.1,574.0,161.0,2026-08-27 06:02:00,2026-08-27 19:00:00,True,Amritsar
34.3,55,41.5,0.0,0.0,0,1.0,0.18,2026-08-27 11:00:00,104,167,7.05,53.1,75.0,3.4,10.9,506.0,182.0,2026-08-27 06:02:00,2026-08-27 19:00:00,True,Amritsar
35.1,51,41.4,0.0,0.0,0,4.3,0.176,2026-08-27 12:00:00,104,167,6.85,51.8,81.7,2.3,11.2,451.0,196.0,2026-08-27 06:02:00,2026-08-27 19:00:00,True,Amritsar
35.3,50,41.3,0.0,0.0,0,7.1,0.171,2026-08-27 13:00:00,103,167,6.1,51.6,86.4,2.4,11.4,412.0,203.0,2026-08-27 06:02:00,2026-08-27 19:00:00,True,Amritsar
35.4,50,40.9,0.0,0.0,0,8.0,0.167,2026-08-27 14:00:00,103,167,4.7,51.7,86.6,3.4,11.5,398.0,204.0,2026-08-27 06:02:00,2026-08-27 19:00:00,True,Amritsar
35.4,50,40.4,0.0,0.0,0,6.7,0.164,2026-08-27 15:00:00,103,167,3.0,51.9,86.4,4.4,11.2,392.0,198.0,2026-08-27 06:02:00,2026-08-27 19:00:00,True,Amritsar
35.3,50,40.2,0.0,0.0,0,4.6,0.161,2026-08-27 16:00:00,103,167,1.4,51.9,84.8,6.4,10.8,412.0,184.0,2026-08-27 06:02:00,2026-08-27 19:00:00,True,Amritsar
34.8,58,40.6,0.0,0.0,0,6.9,0.15,2026-08-27 17:00:00,103,170,0.45,56.6,85.2,12.4,10.9,513.0,164.0,2026-08-27 06:02:00,2026-08-27 19:00:00,True,Amritsar
33.2,66,39.9,0.0,0.0,0,5.3,0.15,2026-08-27 18:00:00,103,175,0.05,64.3,88.9,25.9,12.0,794.0,132.0,2026-08-27 06:02:00,2026-08-27 19:00:00,True,Amritsar
32.1,71,39.2,0.0,0.0,0,2.9,0.15,2026-08-27 19:00:00,103,171,0.0,76.8,101.0,43.5,13.7,1157.0,93.0,2026-08-27 06:02:00,2026-08-27 19:00:00,True,Amritsar
31.1,78,38.2,0.0,0.0,0,5.0,0.149,2026-08-27 20:00:00,103,167,0.0,88.9,112.5,57.2,14.9,1367.0,61.0,2026-08-27 06:02:00,2026-08-27 19:00:00,False,Amritsar
30.3,80,37.2,0.0,0.0,0,6.2,0.149,2026-08-27 21:00:00,103,167,0.0,97.6,120.1,64.2,15.4,1275.0,43.0,2026-08-27 06:02:00,2026-08-27 19:00:00,False,Amritsar
29.6,83,36.1,0.0,0.0,0,7.7,0.149,2026-08-27 22:00:00,103,166,0.0,103.1,124.8,67.3,15.5,1029.0,33.0,2026-08-27 06:02:00,2026-08-27 19:00:00,False,Amritsar
29.8,87,37.2,0.0,0.0,0,6.6,0.149,2026-08-27 23:00:00,102,166,0.0,105.9,126.2,67.9,15.1,841.0,26.0,2026-08-27 06:02:00,2026-08-27 19:00:00,False,Amritsar
29.1,90,36.5,0.0,0.0,0,6.1,0.15,2026-08-28 00:00:00,101,165,0.0,105.7,123.9,65.5,14.1,803.0,22.0,2026-08-28 06:03:00,2026-08-28 18:59:00,False,Amritsar
28.8,91,36.3,0.0,0.0,0,5.1,0.15,2026-08-28 01:00:00,101,164,0.0,105.9,122.5,60.5,12.7,823.0,21.0,2026-08-28 06:03:00,2026-08-28 18:59:00,False,Amritsar
28.6,91,35.7,0.0,0.0,0,7.2,0.15,2026-08-28 02:00:00,100,164,0.0,104.5,119.7,55.4,11.4,836.0,20.0,2026-08-28 06:03:00,2026-08-28 18:59:00,False,Amritsar
28.4,91,35.2,0.0,0.0,0,7.6,0.15,2026-08-28 03:00:00,100,164,0.0,101.3,115.0,51.2,10.4,826.0,17.0,2026-08-28 06:03:00,2026-08-28 18:59:00,False,Amritsar
28.2,90,34.7,0.0,0.0,0,8.0,0.15,2026-08-28 04:00:00,100,164,0.0,96.6,109.0,46.7,9.6,810.0,14.0,2026-08-28 06:03:00,2026-08-28 18:59:00,False,Amritsar
28.2,85,33.7,0.0,0.0,1,10.4,0.148,2026-08-28 05:00:00,100,164,0.0,82.4,110.1,54.0,10.5,771.0,9.0,2026-08-28 06:03:00,2026-08-28 18:59:00,False,Amritsar
27.4,89,32.7,1.2,1.2,55,11.1,0.16,2026-08-28 06:00:00,100,164,0.1,78.2,98.7,43.3,9.8,690.0,33.0,2026-08-28 06:03:00,2026-08-28 18:59:00,False,Amritsar
27.5,92,33.1,0.2,0.2,51,12.6,0.162,2026-08-28 07:00:00,101,165,0.6,70.3,84.5,28.4,8.8,586.0,67.0,2026-08-28 06:03:00,2026-08-28 18:59:00,True,Amritsar
28.8,82,34.7,0.0,0.0,0,7.5,0.162,2026-08-28 08:00:00,101,165,1.85,59.8,77.8,16.3,8.1,502.0,99.0,2026-08-28 06:03:00,2026-08-28 18:59:00,True,Amritsar
30.5,74,36.4,0.0,0.0,0,7.5,0.16,2026-08-28 09:00:00,101,165,3.8,54.4,78.0,9.6,7.8,458.0,127.0,2026-08-28 06:03:00,2026-08-28 18:59:00,True,Amritsar
32.0,70,38.5,0.0,0.0,0,7.1,0.158,2026-08-28 10:00:00,101,165,5.95,51.8,87.8,5.7,7.7,433.0,152.0,2026-08-28 06:03:00,2026-08-28 18:59:00,True,Amritsar
33.6,61,40.8,0.0,0.0,0,4.6,0.153,2026-08-28 11:00:00,101,164,7.6,51.6,102.4,3.2,7.7,409.0,172.0,2026-08-28 06:03:00,2026-08-28 18:59:00,True,Amritsar
34.4,56,41.5,0.0,0.0,0,3.0,0.15,2026-08-28 12:00:00,100,164,7.8,53.7,116.2,1.8,7.9,369.0,183.0,2026-08-28 06:03:00,2026-08-28 18:59:00,True,Amritsar
34.9,53,41.8,0.0,0.0,0,2.8,0.147,2026-08-28 13:00:00,101,164,6.9,54.1,119.0,1.9,8.2,330.0,189.0,2026-08-28 06:03:00,2026-08-28 18:59:00,True,Amritsar
35.2,51,41.7,0.0,0.0,0,2.7,0.144,2026-08-28 14:00:00,101,164,5.15,55.6,119.0,3.0,8.5,319.0,190.0,2026-08-28 06:03:00,2026-08-28 18:59:00,True,Amritsar
35.3,51,40.8,0.0,0.0,0,3.5,0.142,2026-08-28 15:00:00,101,165,3.2,57.3,118.7,3.9,8.7,346.0,189.0,2026-08-28 06:03:00,2026-08-28 18:59:00,True,Amritsar
35.0,52,40.3,0.0,0.0,0,4.2,0.14,2026-08-28 16:00:00,101,165,1.45,58.2,115.3,5.8,8.9,402.0,185.0,2026-08-28 06:03:00,2026-08-28 18:59:00,True,Amritsar
34.5,55,39.7,0.0,0.0,0,6.6,0.131,2026-08-28 17:00:00,101,165,0.45,56.7,101.5,10.5,9.8,487.0,163.0,2026-08-28 06:03:00,2026-08-28 18:59:00,True,Amritsar
33.0,66,39.5,0.0,0.0,0,4.6,0.131,2026-08-28 18:00:00,101,165,0.05,64.3,102.7,25.2,11.5,614.0,131.0,2026-08-28 06:03:00,2026-08-28 18:59:00,True,Amritsar
32.0,71,39.1,0.0,0.0,0,3.1,0.13,2026-08-28 19:00:00,101,165,0.0,78.5,114.3,45.6,13.7,770.0,87.0,2026-08-28 06:03:00,2026-08-28 18:59:00,False,Amritsar
31.9,73,39.4,0.0,0.0,0,0.6,0.131,2026-08-28 20:00:00,101,165,0.0,94.3,129.0,60.9,15.2,913.0,50.0,2026-08-28 06:03:00,2026-08-28 18:59:00,False,Amritsar
31.4,75,38.7,0.0,0.0,0,2.3,0.131,2026-08-28 21:00:00,101,165,0.0,105.0,136.9,66.8,15.2,1048.0,29.0,2026-08-28 06:03:00,2026-08-28 18:59:00,False,Amritsar
30.7,79,37.8,0.0,0.0,0,4.1,0.131,2026-08-28 22:00:00,102,165,0.0,110.6,139.2,67.7,14.3,1170.0,17.0,2026-08-28 06:03:00,2026-08-28 18:59:00,False,Amritsar
31.6,75,38.7,0.0,0.0,0,4.9,0.134,2026-08-28 23:00:00,102,166,0.0,106.4,132.2,66.4,13.3,1227.0,9.0,2026-08-28 06:03:00,2026-08-28 18:59:00,False,Amritsar
30.8,76,37.2,0.0,0.0,0,7.2,0.134,2026-08-29 00:00:00,102,166,0.0,99.2,123.9,62.8,12.2,1169.0,7.0,2026-08-29 06:04:00,2026-08-29 18:58:00,False,Amritsar
30.4,75,36.6,0.0,0.0,0,5.9,0.134,2026-08-29 01:00:00,102,165,0.0,94.8,119.2,57.0,10.8,1044.0,10.0,2026-08-29 06:04:00,2026-08-29 18:58:00,False,Amritsar
30.0,76,36.3,0.0,0.0,0,4.5,0.134,2026-08-29 02:00:00,101,165,0.0,93.4,118.3,52.2,9.8,947.0,13.0,2026-08-29 06:04:00,2026-08-29 18:58:00,False,Amritsar
29.7,77,36.2,0.0,0.0,0,2.3,0.134,2026-08-29 03:00:00,101,165,0.0,94.5,119.7,50.6,9.3,931.0,10.0,2026-08-29 06:04:00,2026-08-29 18:58:00,False,Amritsar
28.2,85,33.7,0.0,0.0,0,10.2,0.134,2026-08-29 04:00:00,101,165,0.0,96.6,122.0,50.1,9.1,943.0,7.0,2026-08-29 06:04:00,2026-08-29 18:58:00,False,Amritsar
29.0,85,35.5,0.0,0.0,0,6.9,0.157,2026-08-29 05:00:00,101,165,0.0,86.1,127.1,47.7,9.8,913.0,15.0,2026-08-29 06:04:00,2026-08-29 18:58:00,False,Amritsar
28.3,88,34.8,0.0,0.0,0,6.5,0.157,2026-08-29 06:00:00,101,165,0.05,85.4,127.6,39.0,9.9,797.0,33.0,2026-08-29 06:04:00,2026-08-29 18:58:00,False,Amritsar
29.1,86,36.0,0.0,0.0,0,5.2,0.157,2026-08-29 07:00:00,101,165,0.5,82.4,115.9,26.8,10.0,640.0,58.0,2026-08-29 06:04:00,2026-08-29 18:58:00,True,Amritsar
30.3,81,37.3,0.0,0.0,0,6.3,0.156,2026-08-29 08:00:00,101,165,1.55,70.5,121.5,16.7,10.1,508.0,85.0,2026-08-29 06:04:00,2026-08-29 18:58:00,True,Amritsar
31.9,73,38.6,0.0,0.0,0,6.5,0.155,2026-08-29 09:00:00,102,166,3.25,67.8,126.7,10.6,10.0,425.0,114.0,2026-08-29 06:04:00,2026-08-29 18:58:00,True,Amritsar
33.1,66,40.0,0.0,0.0,1,4.7,0.153,2026-08-29 10:00:00,102,166,4.75,67.8,137.8,6.5,9.8,367.0,144.0,2026-08-29 06:04:00,2026-08-29 18:58:00,True,Amritsar
33.7,59,40.8,0.0,0.0,0,1.8,0.152,2026-08-29 11:00:00,103,166,5.8,67.8,147.6,3.8,9.6,324.0,167.0,2026-08-29 06:04:00,2026-08-29 18:58:00,True,Amritsar
34.4,58,41.7,0.0,0.0,0,3.0,0.149,2026-08-29 12:00:00,103,167,6.35,66.1,149.0,2.3,9.2,298.0,180.0,2026-08-29 06:04:00,2026-08-29 18:58:00,True,Amritsar
34.9,55,41.6,0.0,0.0,0,5.7,0.146,2026-08-29 13:00:00,104,167,5.95,65.2,146.2,2.2,8.7,287.0,187.0,2026-08-29 06:04:00,2026-08-29 18:58:00,True,Amritsar
35.0,55,41.0,0.0,0.0,0,8.3,0.143,2026-08-29 14:00:00,104,168,4.55,64.3,141.6,3.1,8.4,280.0,188.0,2026-08-29 06:04:00,2026-08-29 18:58:00,True,Amritsar
35.0,54,40.3,0.0,0.0,0,8.5,0.141,2026-08-29 15:00:00,104,168,2.75,64.0,138.8,4.3,8.3,248.0,183.0,2026-08-29 06:04:00,2026-08-29 18:58:00,True,Amritsar
34.7,54,39.7,0.0,0.0,0,7.7,0.139,2026-08-29 16:00:00,105,168,1.25,64.5,135.5,6.6,8.5,218.0,173.0,2026-08-29 06:04:00,2026-08-29 18:58:00,True,Amritsar
34.2,57,39.4,0.0,0.0,0,7.3,0.149,2026-08-29 17:00:00,105,168,0.4,58.8,115.7,9.9,8.6,263.0,154.0,2026-08-29 06:04:00,2026-08-29 18:58:00,True,Amritsar
33.2,67,40.3,0.0,0.0,0,2.2,0.148,2026-08-29 18:00:00,105,168,0.05,65.2,109.4,21.8,9.5,459.0,124.0,2026-08-29 06:04:00,2026-08-29 18:58:00,True,Amritsar
32.1,73,39.6,0.0,0.0,0,1.7,0.148,2026-08-29 19:00:00,105,168,0.0,76.6,118.3,38.2,10.7,728.0,83.0,2026-08-29 06:04:00,2026-08-29 18:58:00,False,Amritsar
31.3,77,38.6,0.0,0.0,0,3.6,0.148,2026-08-29 20:00:00,105,168,0.0,84.3,120.6,50.6,11.7,910.0,50.0,2026-08-29 06:04:00,2026-08-29 18:58:00,False,Amritsar
30.7,79,37.6,0.0,0.0,0,5.9,0.148,2026-08-29 21:00:00,105,168,0.0,89.6,120.6,55.3,12.2,914.0,35.0,2026-08-29 06:04:00,2026-08-29 18:58:00,False,Amritsar
30.3,80,37.4,0.0,0.0,0,4.0,0.148,2026-08-29 22:00:00,104,168,0.0,93.4,121.1,56.0,12.4,830.0,30.0,2026-08-29 06:04:00,2026-08-29 18:58:00,False,Amritsar
30.8,82,38.4,0.0,0.0,0,4.7,0.149,2026-08-29 23:00:00,103,167,0.0,95.5,120.6,55.3,12.2,764.0,26.0,2026-08-29 06:04:00,2026-08-29 18:58:00,False,Amritsar
30.2,84,37.8,0.0,0.0,0,3.8,0.149,2026-08-30 00:00:00,103,167,0.0,95.7,119.2,53.7,11.3,773.0,22.0,2026-08-30 06:04:00,2026-08-30 18:57:00,False,Amritsar
29.8,85,37.4,0.0,0.0,0,3.2,0.149,2026-08-30 01:00:00,103,167,0.0,95.0,117.6,50.6,10.0,800.0,19.0,2026-08-30 06:04:00,2026-08-30 18:57:00,False,Amritsar
29.3,88,37.0,0.0,0.0,0,3.1,0.149,2026-08-30 02:00:00,103,167,0.0,94.1,116.4,47.6,9.0,785.0,18.0,2026-08-30 06:04:00,2026-08-30 18:57:00,False,Amritsar
28.9,90,36.5,0.0,0.0,0,3.8,0.149,2026-08-30 03:00:00,103,167,0.0,95.0,118.0,45.7,8.4,680.0,16.0,2026-08-30 06:04:00,2026-08-30 18:57:00,False,Amritsar
28.6,92,36.3,0.0,0.0,0,3.2,0.15,2026-08-30 04:00:00,103,167,0.0,93.4,114.8,43.7,8.1,534.0,16.0,2026-08-30 06:04:00,2026-08-30 18:57:00,False,Amritsar
28.8,75,34.3,0.0,0.0,1,3.8,0.151,2026-08-30 05:00:00,103,167,0.0,76.6,114.3,40.6,8.7,431.0,20.0,2026-08-30 06:04:00,2026-08-30 18:57:00,False,Amritsar
28.4,79,33.8,0.0,0.0,0,6.7,0.151,2026-08-30 06:00:00,103,166,0.1,74.0,109.7,32.7,8.4,422.0,38.0,2026-08-30 06:04:00,2026-08-30 18:57:00,False,Amritsar
29.3,78,35.1,0.0,0.0,0,7.0,0.15,2026-08-30 07:00:00,102,166,0.55,70.5,97.3,21.6,7.9,457.0,63.0,2026-08-30 06:04:00,2026-08-30 18:57:00,True,Amritsar
30.9,75,37.2,0.0,0.0,0,6.7,0.15,2026-08-30 08:00:00,102,166,1.75,60.5,98.7,12.7,7.7,470.0,89.0,2026-08-30 06:04:00,2026-08-30 18:57:00,True,Amritsar
32.3,68,38.4,0.0,0.0,0,7.0,0.148,2026-08-30 09:00:00,102,165,3.6,61.7,114.8,8.0,7.9,430.0,117.0,2026-08-30 06:04:00,2026-08-30 18:57:00,True,Amritsar
33.7,60,39.7,0.0,0.0,1,6.2,0.146,2026-08-30 10:00:00,101,165,5.65,65.0,130.9,5.4,8.4,368.0,145.0,2026-08-30 06:04:00,2026-08-30 18:57:00,True,Amritsar
34.5,53,40.2,0.0,0.0,0,6.5,0.152,2026-08-30 11:00:00,101,165,6.55,65.7,137.8,3.7,8.7,316.0,166.0,2026-08-30 06:04:00,2026-08-30 18:57:00,True,Amritsar
34.7,52,40.5,0.0,0.0,0,7.7,0.149,2026-08-30 12:00:00,101,165,7.05,63.6,136.4,2.5,8.7,284.0,176.0,2026-08-30 06:04:00,2026-08-30 18:57:00,True,Amritsar
34.9,52,40.7,0.0,0.0,0,8.0,0.146,2026-08-30 13:00:00,101,165,6.3,60.1,128.1,2.1,8.7,261.0,178.0,2026-08-30 06:04:00,2026-08-30 18:57:00,True,Amritsar
35.0,52,40.7,0.0,0.0,0,7.5,0.143,2026-08-30 14:00:00,101,165,5.05,57.7,119.7,2.6,8.6,243.0,174.0,2026-08-30 06:04:00,2026-08-30 18:57:00,True,Amritsar
35.0,52,39.6,0.0,0.0,0,8.2,0.141,2026-08-30 15:00:00,101,165,3.0,55.3,109.9,3.4,8.5,213.0,165.0,2026-08-30 06:04:00,2026-08-30 18:57:00,True,Amritsar
34.8,51,39.2,0.0,0.0,0,8.1,0.139,2026-08-30 16:00:00,100,164,1.35,54.2,102.9,5.0,8.3,188.0,150.0,2026-08-30 06:04:00,2026-08-30 18:57:00,True,Amritsar
34.6,52,39.1,0.0,0.0,0,8.1,0.134,2026-08-30 17:00:00,100,164,0.4,52.2,95.0,8.2,7.3,215.0,113.0,2026-08-30 06:04:00,2026-08-30 18:57:00,True,Amritsar
33.2,61,38.9,0.0,0.0,0,5.6,0.134,2026-08-30 18:00:00,100,164,0.05,57.4,94.3,15.6,8.1,343.0,95.0,2026-08-30 06:04:00,2026-08-30 18:57:00,True,Amritsar
32.1,67,38.3,0.0,0.0,0,4.1,0.133,2026-08-30 19:00:00,100,164,0.0,67.1,99.7,25.7,9.1,524.0,70.0,2026-08-30 06:04:00,2026-08-30 18:57:00,False,Amritsar
31.5,72,38.8,0.0,0.0,0,0.5,0.133,2026-08-30 20:00:00,99,163,0.0,72.9,103.4,32.7,9.7,661.0,52.0,2026-08-30 06:04:00,2026-08-30 18:57:00,False,Amritsar
30.8,76,37.8,0.0,0.0,0,2.6,0.133,2026-08-30 21:00:00,99,163,0.0,77.3,104.3,33.6,9.3,718.0,47.0,2026-08-30 06:04:00,2026-08-30 18:57:00,False,Amritsar
30.4,75,36.2,0.0,0.0,0,8.4,0.133,2026-08-30 22:00:00,98,163,0.0,76.4,99.9,31.4,8.5,731.0,50.0,2026-08-30 06:04:00,2026-08-30 18:57:00,False,Amritsar
30.4,74,36.6,0.0,0.0,0,5.3,0.132,2026-08-30 23:00:00,98,162,0.0,69.2,88.5,28.6,7.7,711.0,52.0,2026-08-30 06:04:00,2026-08-30 18:57:00,False,Amritsar
20.3,75,21.9,0.0,0.0,0,1.8,0.123,2026-08-25 00:00:00,73,114,0.0,82.4,93.8,55.9,4.1,902.0,12.0,2026-08-25 05:59:00,2026-08-25 19:06:00,False,Srinagar
19.9,78,21.6,0.0,0.0,0,1.8,0.123,2026-08-25 01:00:00,74,117,0.0,78.5,88.9,46.6,3.5,767.0,9.0,2026-08-25 05:59:00,2026-08-25 19:06:00,False,Srinagar
19.5,80,21.3,0.0,0.0,0,1.2,0.123,2026-08-25 02:00:00,75,120,0.0,74.3,83.6,38.7,3.0,663.0,7.0,2026-08-25 05:59:00,2026-08-25 19:06:00,False,Srinagar
18.7,83,20.6,0.0,0.0,0,0.4,0.123,2026-08-25 03:00:00,75,121,0.0,70.3,78.5,34.3,2.4,589.0,1.0,2026-08-25 05:59:00,2026-08-25 19:06:00,False,Srinagar
17.5,89,19.2,0.0,0.0,0,0.8,0.123,2026-08-25 04:00:00,76,123,0.0,66.6,74.0,31.3,1.8,547.0,0.0,2026-08-25 05:59:00,2026-08-25 19:06:00,False,Srinagar
18.2,87,19.9,0.0,0.0,0,2.2,0.122,2026-08-25 05:00:00,76,124,0.0,80.3,88.5,34.1,2.2,546.0,1.0,2026-08-25 05:59:00,2026-08-25 19:06:00,False,Srinagar
17.0,92,18.7,0.0,0.0,0,1.6,0.122,2026-08-25 06:00:00,77,126,0.1,79.2,87.3,29.2,3.2,621.0,27.0,2026-08-25 05:59:00,2026-08-25 19:06:00,True,Srinagar
18.8,85,20.8,0.0,0.0,0,1.0,0.122,2026-08-25 07:00:00,77,128,0.75,75.4,82.0,22.2,4.5,737.0,65.0,2026-08-25 05:59:00,2026-08-25 19:06:00,True,Srinagar
21.4,71,23.3,0.0,0.0,0,0.9,0.121,2026-08-25 08:00:00,78,131,2.3,53.2,65.0,15.8,5.6,791.0,99.0,2026-08-25 05:59:00,2026-08-25 19:06:00,True,Srinagar
23.7,58,25.0,0.0,0.0,0,2.8,0.12,2026-08-25 09:00:00,79,134,4.65,41.9,56.8,10.5,6.2,724.0,128.0,2026-08-25 05:59:00,2026-08-25 19:06:00,True,Srinagar
25.7,49,27.4,0.0,0.0,0,2.2,0.118,2026-08-25 10:00:00,80,136,7.15,31.7,47.7,5.8,6.4,596.0,154.0,2026-08-25 05:59:00,2026-08-25 19:06:00,True,Srinagar
27.2,41,29.4,0.0,0.0,1,2.3,0.115,2026-08-25 11:00:00,80,137,8.45,26.3,42.7,2.5,6.3,487.0,171.0,2026-08-25 05:59:00,2026-08-25 19:06:00,True,Srinagar
28.4,38,30.7,0.0,0.0,0,4.0,0.112,2026-08-25 12:00:00,81,138,9.3,22.8,39.2,1.2,5.5,425.0,175.0,2026-08-25 05:59:00,2026-08-25 19:06:00,True,Srinagar
29.6,35,31.7,0.0,0.0,1,4.6,0.109,2026-08-25 13:00:00,81,139,8.2,20.4,36.6,1.3,4.4,382.0,170.0,2026-08-25 05:59:00,2026-08-25 19:06:00,True,Srinagar
30.3,32,31.8,0.0,0.0,1,4.0,0.107,2026-08-25 14:00:00,81,140,5.85,18.5,33.8,1.8,3.5,356.0,165.0,2026-08-25 05:59:00,2026-08-25 19:06:00,True,Srinagar
30.6,30,31.3,0.0,0.0,0,3.2,0.104,2026-08-25 15:00:00,82,141,3.75,17.2,31.4,0.9,3.2,309.0,166.0,2026-08-25 05:59:00,2026-08-25 19:06:00,True,Srinagar
30.6,27,30.2,0.0,0.0,1,1.5,0.103,2026-08-25 16:00:00,82,142,1.7,17.0,30.7,0.4,3.2,279.0,167.0,2026-08-25 05:59:00,2026-08-25 19:06:00,True,Srinagar
30.4,24,29.1,0.0,0.0,1,4.1,0.114,2026-08-25 17:00:00,82,142,0.55,19.9,35.6,4.3,3.6,378.0,162.0,2026-08-25 05:59:00,2026-08-25 19:06:00,True,Srinagar
28.0,41,28.8,0.0,0.0,0,2.1,0.113,2026-08-25 18:00:00,82,149,0.05,25.0,40.2,18.2,4.5,738.0,137.0,2026-08-25 05:59:00,2026-08-25 19:06:00,True,Srinagar
26.3,46,27.2,0.0,0.0,0,1.3,0.113,2026-08-25 19:00:00,82,146,0.0,40.7,55.5,37.5,5.6,1226.0,103.0,2026-08-25 05:59:00,2026-08-25 19:06:00,True,Srinagar
24.6,51,25.6,0.0,0.0,0,1.2,0.113,2026-08-25 20:00:00,81,140,0.0,57.3,71.2,52.4,6.4,1556.0,72.0,2026-08-25 05:59:00,2026-08-25 19:06:00,False,Srinagar
22.3,60,23.3,0.0,0.0,0,2.0,0.113,2026-08-25 21:00:00,81,140,0.0,72.2,85.2,59.3,6.5,1590.0,50.0,2026-08-25 05:59:00,2026-08-25 19:06:00,False,Srinagar
20.7,70,22.0,0.0,0.0,0,2.2,0.112,2026-08-25 22:00:00,81,140,0.0,79.4,91.7,61.9,6.3,1466.0,31.0,2026-08-25 05:59:00,2026-08-25 19:06:00,False,Srinagar
21.4,70,22.8,0.0,0.0,0,3.0,0.135,2026-08-25 23:00:00,81,140,0.0,80.8,92.0,61.4,5.8,1305.0,18.0,2026-08-25 05:59:00,2026-08-25 19:06:00,False,Srinagar
20.0,74,21.4,0.0,0.0,0,2.4,0.134,2026-08-26 00:00:00,81,140,0.0,79.4,89.9,57.0,5.1,1119.0,11.0,2026-08-26 05:59:00,2026-08-26 19:04:00,False,Srinagar
19.0,81,20.6,0.0,0.0,0,1.8,0.134,2026-08-26 01:00:00,81,139,0.0,77.1,86.4,49.6,4.1,897.0,8.0,2026-08-26 05:59:00,2026-08-26 19:04:00,False,Srinagar
18.1,86,19.8,0.0,0.0,0,1.7,0.134,2026-08-26 02:00:00,81,139,0.0,73.1,80.8,43.2,3.3,722.0,7.0,2026-08-26 05:59:00,2026-08-26 19:04:00,False,Srinagar
17.5,89,19.3,0.0,0.0,0,1.3,0.134,2026-08-26 03:00:00,81,139,0.0,67.8,73.6,39.8,2.5,627.0,3.0,2026-08-26 05:59:00,2026-08-26 19:04:00,False,Srinagar
17.2,91,18.8,0.0,0.0,0,1.7,0.134,2026-08-26 04:00:00,81,139,0.0,62.9,67.8,37.4,1.8,580.0,1.0,2026-08-26 05:59:00,2026-08-26 19:04:00,False,Srinagar
18.1,88,20.0,0.0,0.0,0,1.7,0.112,2026-08-26 05:00:00,81,138,0.0,69.2,74.3,36.7,2.2,566.0,2.0,2026-08-26 05:59:00,2026-08-26 19:04:00,False,Srinagar
17.5,87,19.1,0.0,0.0,0,1.8,0.112,2026-08-26 06:00:00,80,137,0.1,70.3,75.4,31.2,3.5,607.0,27.0,2026-08-26 05:59:00,2026-08-26 19:04:00,True,Srinagar
19.6,79,21.3,0.0,0.0,0,2.4,0.112,2026-08-26 07:00:00,80,136,0.7,65.9,70.5,23.5,5.3,682.0,63.0,2026-08-26 05:59:00,2026-08-26 19:04:00,True,Srinagar
22.2,64,23.6,0.0,0.0,0,2.2,0.111,2026-08-26 08:00:00,80,135,2.15,45.8,55.4,16.4,6.5,711.0,97.0,2026-08-26 05:59:00,2026-08-26 19:04:00,True,Srinagar
24.2,56,25.5,0.0,0.0,0,2.0,0.11,2026-08-26 09:00:00,79,134,4.55,37.1,48.1,10.8,6.7,648.0,127.0,2026-08-26 05:59:00,2026-08-26 19:04:00,True,Srinagar
26.2,48,28.0,0.0,0.0,0,3.6,0.108,2026-08-26 10:00:00,79,134,7.25,27.4,38.1,5.8,6.3,541.0,156.0,2026-08-26 05:59:00,2026-08-26 19:04:00,True,Srinagar
27.9,41,30.1,0.0,0.0,0,3.3,0.106,2026-08-26 11:00:00,79,133,9.2,22.8,33.2,2.4,5.8,451.0,175.0,2026-08-26 05:59:00,2026-08-26 19:04:00,True,Srinagar
29.1,38,31.5,0.0,0.0,0,5.0,0.104,2026-08-26 12:00:00,79,133,9.65,20.0,29.9,1.1,5.1,401.0,179.0,2026-08-26 05:59:00,2026-08-26 19:04:00,True,Srinagar
29.9,35,31.8,0.0,0.0,0,6.7,0.102,2026-08-26 13:00:00,79,133,8.3,17.7,27.1,1.3,4.3,370.0,174.0,2026-08-26 05:59:00,2026-08-26 19:04:00,True,Srinagar
30.6,33,32.2,0.0,0.0,0,5.5,0.101,2026-08-26 14:00:00,79,133,6.25,16.4,25.6,1.8,3.6,353.0,168.0,2026-08-26 05:59:00,2026-08-26 19:04:00,True,Srinagar
30.9,32,31.9,0.0,0.0,0,3.3,0.099,2026-08-26 15:00:00,79,132,3.85,15.5,24.6,1.0,3.2,310.0,166.0,2026-08-26 05:59:00,2026-08-26 19:04:00,True,Srinagar
30.7,32,31.0,0.0,0.0,0,2.7,0.098,2026-08-26 16:00:00,79,132,1.75,15.1,23.9,0.6,2.9,281.0,163.0,2026-08-26 05:59:00,2026-08-26 19:04:00,True,Srinagar
30.6,30,30.1,0.0,0.0,0,5.3,0.113,2026-08-26 17:00:00,79,145,0.6,17.3,27.3,4.4,3.0,389.0,157.0,2026-08-26 05:59:00,2026-08-26 19:04:00,True,Srinagar
28.4,48,30.4,0.0,0.0,0,1.3,0.112,2026-08-26 18:00:00,79,151,0.1,22.0,31.2,17.4,4.0,781.0,135.0,2026-08-26 05:59:00,2026-08-26 19:04:00,True,Srinagar
26.7,50,28.3,0.0,0.0,0,1.0,0.112,2026-08-26 19:00:00,78,147,0.0,33.1,42.4,35.4,5.4,1308.0,104.0,2026-08-26 05:59:00,2026-08-26 19:04:00,True,Srinagar
24.5,56,25.9,0.0,0.0,0,2.2,0.112,2026-08-26 20:00:00,78,132,0.0,49.1,58.1,49.8,6.3,1650.0,75.0,2026-08-26 05:59:00,2026-08-26 19:04:00,False,Srinagar
22.3,65,23.6,0.0,0.0,0,3.0,0.112,2026-08-26 21:00:00,78,130,0.0,66.8,75.4,57.5,6.4,1641.0,52.0,2026-08-26 05:59:00,2026-08-26 19:04:00,False,Srinagar
20.6,74,22.1,0.0,0.0,0,3.5,0.111,2026-08-26 22:00:00,78,129,0.0,76.8,85.2,61.6,5.9,1446.0,32.0,2026-08-26 05:59:00,2026-08-26 19:04:00,False,Srinagar
21.8,70,23.4,0.0,0.0,0,3.5,0.125,2026-08-26 23:00:00,78,129,0.0,79.4,87.5,62.3,5.4,1238.0,17.0,2026-08-26 05:59:00,2026-08-26 19:04:00,False,Srinagar
20.1,77,21.6,0.0,0.0,0,3.4,0.125,2026-08-27 00:00:00,78,129,0.0,78.0,85.2,58.4,4.8,1055.0,10.0,2026-08-27 06:00:00,2026-08-27 19:03:00,False,Srinagar
19.1,82,20.8,0.0,0.0,0,2.3,0.125,2026-08-27 01:00:00,78,129,0.0,75.4,82.2,51.2,4.0,858.0,9.0,2026-08-27 06:00:00,2026-08-27 19:03:00,False,Srinagar
18.4,87,20.3,0.0,0.0,0,1.3,0.125,2026-08-27 02:00:00,77,128,0.0,72.6,78.9,45.1,3.3,703.0,8.0,2026-08-27 06:00:00,2026-08-27 19:03:00,False,Srinagar
17.8,91,19.8,0.0,0.0,0,0.5,0.125,2026-08-27 03:00:00,77,128,0.0,70.8,76.6,42.3,2.6,607.0,2.0,2026-08-27 06:00:00,2026-08-27 19:03:00,False,Srinagar
17.3,93,19.1,0.0,0.0,0,1.3,0.125,2026-08-27 04:00:00,78,129,0.0,68.7,74.0,40.6,2.1,553.0,0.0,2026-08-27 06:00:00,2026-08-27 19:03:00,False,Srinagar
18.6,85,20.4,0.0,0.0,0,1.2,0.104,2026-08-27 05:00:00,78,129,0.0,81.0,87.3,51.0,2.4,543.0,8.0,2026-08-27 06:00:00,2026-08-27 19:03:00,False,Srinagar
17.9,84,19.2,0.0,0.0,0,2.2,0.104,2026-08-27 06:00:00,78,131,0.1,80.3,86.4,40.9,3.8,611.0,34.0,2026-08-27 06:00:00,2026-08-27 19:03:00,True,Srinagar
19.6,79,21.4,0.0,0.0,0,1.0,0.104,2026-08-27 07:00:00,79,132,0.7,74.7,79.4,26.9,5.6,723.0,71.0,2026-08-27 06:00:00,2026-08-27 19:03:00,True,Srinagar
22.0,65,23.5,0.0,0.0,0,0.8,0.104,2026-08-27 08:00:00,79,132,2.25,50.2,58.6,15.4,6.8,778.0,104.0,2026-08-27 06:00:00,2026-08-27 19:03:00,True,Srinagar
24.3,56,25.4,0.0,0.0,0,3.0,0.103,2026-08-27 09:00:00,79,133,4.7,37.3,46.9,8.9,6.8,719.0,132.0,2026-08-27 06:00:00,2026-08-27 19:03:00,True,Srinagar
26.2,51,28.3,0.0,0.0,0,3.6,0.102,2026-08-27 10:00:00,79,133,7.25,27.6,37.7,4.8,6.2,603.0,156.0,2026-08-27 06:00:00,2026-08-27 19:03:00,True,Srinagar
28.0,44,30.6,0.0,0.0,0,2.8,0.102,2026-08-27 11:00:00,79,133,9.05,23.8,33.8,2.2,5.5,501.0,172.0,2026-08-27 06:00:00,2026-08-27 19:03:00,True,Srinagar
29.4,40,32.4,0.0,0.0,0,3.4,0.1,2026-08-27 12:00:00,79,133,9.0,21.5,31.3,1.0,4.8,436.0,175.0,2026-08-27 06:00:00,2026-08-27 19:03:00,True,Srinagar
30.5,36,33.0,0.0,0.0,0,4.6,0.099,2026-08-27 13:00:00,79,133,8.1,18.6,27.8,1.2,4.0,385.0,170.0,2026-08-27 06:00:00,2026-08-27 19:03:00,True,Srinagar
31.1,33,32.9,0.0,0.0,0,4.9,0.098,2026-08-27 14:00:00,79,133,5.7,17.3,26.4,1.8,3.4,355.0,165.0,2026-08-27 06:00:00,2026-08-27 19:03:00,True,Srinagar
31.4,30,32.3,0.0,0.0,0,3.1,0.097,2026-08-27 15:00:00,79,133,3.4,16.8,25.9,0.8,3.0,307.0,164.0,2026-08-27 06:00:00,2026-08-27 19:03:00,True,Srinagar
31.2,28,30.6,0.0,0.0,0,5.3,0.096,2026-08-27 16:00:00,79,134,1.6,16.8,26.3,0.1,2.9,279.0,163.0,2026-08-27 06:00:00,2026-08-27 19:03:00,True,Srinagar
31.3,26,30.4,0.0,0.0,0,5.3,0.103,2026-08-27 17:00:00,79,142,0.6,17.1,25.8,4.4,3.1,394.0,153.0,2026-08-27 06:00:00,2026-08-27 19:03:00,True,Srinagar
29.4,41,30.7,0.0,0.0,0,1.5,0.103,2026-08-27 18:00:00,79,147,0.05,21.4,29.2,18.1,4.0,804.0,127.0,2026-08-27 06:00:00,2026-08-27 19:03:00,True,Srinagar
27.6,43,28.7,0.0,0.0,0,0.4,0.103,2026-08-27 19:00:00,79,141,0.0,32.6,39.9,36.7,5.3,1356.0,92.0,2026-08-27 06:00:00,2026-08-27 19:03:00,True,Srinagar
25.7,49,26.9,0.0,0.0,0,1.0,0.102,2026-08-27 20:00:00,79,134,0.0,48.4,55.2,51.2,6.2,1716.0,62.0,2026-08-27 06:00:00,2026-08-27 19:03:00,False,Srinagar
23.8,55,25.0,0.0,0.0,0,1.5,0.102,2026-08-27 21:00:00,79,134,0.0,62.6,68.7,58.2,6.5,1710.0,42.0,2026-08-27 06:00:00,2026-08-27 19:03:00,False,Srinagar
22.5,61,23.7,0.0,0.0,0,2.2,0.102,2026-08-27 22:00:00,79,133,0.0,70.3,76.4,60.9,6.5,1512.0,28.0,2026-08-27 06:00:00,2026-08-27 19:03:00,False,Srinagar
23.1,63,24.7,0.0,0.0,0,2.6,0.125,2026-08-27 23:00:00,79,132,0.0,72.9,78.5,60.4,6.2,1306.0,17.0,2026-08-27 06:00:00,2026-08-27 19:03:00,False,Srinagar
21.4,69,23.0,0.0,0.0,0,1.8,0.125,2026-08-28 00:00:00,79,132,0.0,72.2,77.5,55.1,5.5,1141.0,10.0,2026-08-28 06:01:00,2026-08-28 19:02:00,False,Srinagar
20.1,76,21.7,0.0,0.0,0,2.1,0.125,2026-08-28 01:00:00,78,131,0.0,69.6,74.3,46.5,4.5,968.0,8.0,2026-08-28 06:01:00,2026-08-28 19:02:00,False,Srinagar
19.1,82,20.7,0.0,0.0,0,3.0,0.125,2026-08-28 02:00:00,78,131,0.0,65.0,68.7,39.7,3.7,829.0,6.0,2026-08-28 06:01:00,2026-08-28 19:02:00,False,Srinagar
18.4,86,20.0,0.0,0.0,0,3.1,0.125,2026-08-28 03:00:00,78,130,0.0,59.8,63.1,37.9,3.0,735.0,1.0,2026-08-28 06:01:00,2026-08-28 19:02:00,False,Srinagar
17.9,89,19.6,0.0,0.0,0,2.2,0.125,2026-08-28 04:00:00,78,129,0.0,55.4,58.4,37.9,2.4,675.0,0.0,2026-08-28 06:01:00,2026-08-28 19:02:00,False,Srinagar
19.6,74,20.8,0.0,0.0,0,2.6,0.116,2026-08-28 05:00:00,77,127,0.0,78.5,82.9,43.2,2.6,653.0,2.0,2026-08-28 06:01:00,2026-08-28 19:02:00,False,Srinagar
18.5,78,19.6,0.0,0.0,0,2.1,0.116,2026-08-28 06:00:00,77,127,0.05,75.7,78.9,35.4,3.9,702.0,27.0,2026-08-28 06:01:00,2026-08-28 19:02:00,False,Srinagar
20.3,74,21.9,0.0,0.0,0,1.5,0.115,2026-08-28 07:00:00,77,126,0.5,71.0,73.3,24.5,5.6,790.0,63.0,2026-08-28 06:01:00,2026-08-28 19:02:00,True,Srinagar
22.4,63,23.8,0.0,0.0,0,1.7,0.115,2026-08-28 08:00:00,77,126,1.7,46.6,52.7,15.2,6.7,823.0,97.0,2026-08-28 06:01:00,2026-08-28 19:02:00,True,Srinagar
24.6,55,25.9,0.0,0.0,0,2.0,0.114,2026-08-28 09:00:00,77,126,4.1,33.1,40.0,9.3,6.6,746.0,126.0,2026-08-28 06:01:00,2026-08-28 19:02:00,True,Srinagar
26.4,51,28.5,0.0,0.0,0,2.1,0.112,2026-08-28 10:00:00,76,125,6.85,26.8,33.6,5.0,5.9,614.0,153.0,2026-08-28 06:01:00,2026-08-28 19:02:00,True,Srinagar
28.0,44,30.5,0.0,0.0,0,2.7,0.114,2026-08-28 11:00:00,76,125,8.55,23.4,29.9,2.2,5.2,505.0,172.0,2026-08-28 06:01:00,2026-08-28 19:02:00,True,Srinagar
29.1,41,32.4,0.0,0.0,0,2.2,0.111,2026-08-28 12:00:00,76,125,9.65,20.7,26.8,1.1,4.7,445.0,177.0,2026-08-28 06:01:00,2026-08-28 19:02:00,True,Srinagar
30.2,38,33.2,0.0,0.0,0,3.3,0.108,2026-08-28 13:00:00,76,125,8.7,18.5,24.2,1.4,4.1,408.0,174.0,2026-08-28 06:01:00,2026-08-28 19:02:00,True,Srinagar
30.7,36,33.2,0.0,0.0,0,3.1,0.106,2026-08-28 14:00:00,76,125,6.8,17.3,22.9,1.9,3.7,385.0,170.0,2026-08-28 06:01:00,2026-08-28 19:02:00,True,Srinagar
31.0,34,32.7,0.0,0.0,0,1.5,0.104,2026-08-28 15:00:00,76,125,4.15,17.0,22.6,0.5,3.3,333.0,171.0,2026-08-28 06:01:00,2026-08-28 19:02:00,True,Srinagar
31.0,32,31.3,0.0,0.0,0,3.1,0.102,2026-08-28 16:00:00,76,130,2.0,16.5,22.2,0.0,3.1,296.0,172.0,2026-08-28 06:01:00,2026-08-28 19:02:00,True,Srinagar
31.0,31,31.2,0.0,0.0,0,2.9,0.099,2026-08-28 17:00:00,76,146,0.6,17.5,25.0,3.8,3.0,396.0,158.0,2026-08-28 06:01:00,2026-08-28 19:02:00,True,Srinagar
29.6,43,31.3,0.0,0.0,0,1.1,0.099,2026-08-28 18:00:00,76,152,0.05,18.0,25.7,13.2,4.1,776.0,144.0,2026-08-28 06:01:00,2026-08-28 19:02:00,True,Srinagar
27.2,47,28.5,0.0,0.0,0,1.7,0.099,2026-08-28 19:00:00,76,151,0.0,25.3,32.9,26.5,5.7,1293.0,124.0,2026-08-28 06:01:00,2026-08-28 19:02:00,True,Srinagar
25.5,54,27.2,0.0,0.0,0,1.0,0.099,2026-08-28 20:00:00,76,141,0.0,38.1,45.5,38.0,6.8,1644.0,103.0,2026-08-28 06:01:00,2026-08-28 19:02:00,False,Srinagar
23.9,57,25.1,0.0,0.0,0,2.2,0.099,2026-08-28 21:00:00,76,125,0.0,53.4,60.5,46.5,7.0,1677.0,79.0,2026-08-28 06:01:00,2026-08-28 19:02:00,False,Srinagar
22.8,63,24.1,0.0,0.0,0,2.8,0.099,2026-08-28 22:00:00,75,122,0.0,66.6,73.6,53.2,6.8,1544.0,53.0,2026-08-28 06:01:00,2026-08-28 19:02:00,False,Srinagar
23.9,63,25.9,0.0,0.0,0,1.8,0.106,2026-08-28 23:00:00,75,122,0.0,73.3,80.3,56.9,6.4,1391.0,33.0,2026-08-28 06:01:00,2026-08-28 19:02:00,False,Srinagar
23.0,65,24.8,0.0,0.0,0,1.7,0.106,2026-08-29 00:00:00,75,122,0.0,75.4,82.2,56.0,5.8,1252.0,22.0,2026-08-29 06:01:00,2026-08-29 19:00:00,False,Srinagar
21.9,69,23.7,0.0,0.0,0,1.3,0.106,2026-08-29 01:00:00,75,122,0.0,75.9,82.4,52.1,4.9,1093.0,16.0,2026-08-29 06:01:00,2026-08-29 19:00:00,False,Srinagar
20.9,74,22.7,0.0,0.0,0,1.9,0.106,2026-08-29 02:00:00,76,123,0.0,75.0,81.0,47.9,4.2,960.0,12.0,2026-08-29 06:01:00,2026-08-29 19:00:00,False,Srinagar
20.4,75,22.3,0.0,0.0,0,0.7,0.106,2026-08-29 03:00:00,76,124,0.0,72.9,78.2,44.8,3.5,863.0,5.0,2026-08-29 06:01:00,2026-08-29 19:00:00,False,Srinagar
19.8,79,21.8,0.0,0.0,0,0.6,0.106,2026-08-29 04:00:00,76,125,0.0,68.9,73.3,41.5,2.8,792.0,0.0,2026-08-29 06:01:00,2026-08-29 19:00:00,False,Srinagar
20.1,83,22.6,0.0,0.0,0,0.4,0.11,2026-08-29 05:00:00,77,126,0.0,84.1,89.9,43.4,2.4,758.0,6.0,2026-08-29 06:01:00,2026-08-29 19:00:00,False,Srinagar
19.2,83,21.0,0.0,0.0,0,2.3,0.11,2026-08-29 06:00:00,77,127,0.1,78.9,85.0,35.4,3.9,797.0,30.0,2026-08-29 06:01:00,2026-08-29 19:00:00,False,Srinagar
20.7,76,22.6,0.0,0.0,0,2.2,0.109,2026-08-29 07:00:00,77,127,0.55,74.7,81.0,24.3,6.0,873.0,65.0,2026-08-29 06:01:00,2026-08-29 19:00:00,True,Srinagar
23.1,66,24.9,0.0,0.0,0,2.2,0.109,2026-08-29 08:00:00,77,128,1.75,53.9,63.1,14.9,7.4,887.0,97.0,2026-08-29 06:01:00,2026-08-29 19:00:00,True,Srinagar
25.1,60,27.2,0.0,0.0,0,2.3,0.108,2026-08-29 09:00:00,78,128,3.95,35.3,45.5,9.0,7.3,772.0,124.0,2026-08-29 06:01:00,2026-08-29 19:00:00,True,Srinagar
27.1,54,30.0,0.0,0.0,0,1.4,0.106,2026-08-29 10:00:00,78,129,6.7,29.8,39.8,4.9,6.5,594.0,149.0,2026-08-29 06:01:00,2026-08-29 19:00:00,True,Srinagar
28.7,46,32.0,0.0,0.0,0,2.0,0.112,2026-08-29 11:00:00,78,129,8.1,27.8,37.8,2.1,5.7,456.0,166.0,2026-08-29 06:01:00,2026-08-29 19:00:00,True,Srinagar
29.8,40,32.9,0.0,0.0,0,2.4,0.11,2026-08-29 12:00:00,78,129,8.95,24.3,33.3,0.8,5.1,399.0,172.0,2026-08-29 06:01:00,2026-08-29 19:00:00,True,Srinagar
30.8,37,33.0,0.0,0.0,0,4.5,0.107,2026-08-29 13:00:00,78,130,8.2,22.1,30.3,0.8,4.5,381.0,170.0,2026-08-29 06:01:00,2026-08-29 19:00:00,True,Srinagar
31.4,34,33.8,0.0,0.0,0,0.7,0.105,2026-08-29 14:00:00,78,130,5.45,21.0,28.8,1.9,4.1,382.0,165.0,2026-08-29 06:01:00,2026-08-29 19:00:00,True,Srinagar
32.2,32,33.5,0.0,0.0,0,3.8,0.103,2026-08-29 15:00:00,78,131,2.7,20.9,28.5,3.8,3.8,380.0,159.0,2026-08-29 06:01:00,2026-08-29 19:00:00,True,Srinagar
31.8,33,32.1,0.0,0.0,0,5.2,0.102,2026-08-29 16:00:00,78,131,1.45,19.5,25.6,6.7,3.7,396.0,150.0,2026-08-29 06:01:00,2026-08-29 19:00:00,True,Srinagar
31.6,32,31.9,0.0,0.0,1,3.4,0.079,2026-08-29 17:00:00,78,133,0.4,33.1,46.4,5.9,3.4,473.0,143.0,2026-08-29 06:01:00,2026-08-29 19:00:00,True,Srinagar
30.5,39,31.8,0.0,0.0,1,1.9,0.079,2026-08-29 18:00:00,79,138,0.05,35.9,47.6,11.9,3.6,661.0,123.0,2026-08-29 06:01:00,2026-08-29 19:00:00,True,Srinagar
28.9,43,30.3,0.0,0.0,0,0.9,0.079,2026-08-29 19:00:00,80,135,0.0,35.0,44.4,20.2,3.9,910.0,95.0,2026-08-29 06:01:00,2026-08-29 19:00:00,True,Srinagar
27.8,46,29.3,0.0,0.0,0,1.3,0.079,2026-08-29 20:00:00,80,136,0.0,35.4,42.7,26.9,4.1,1105.0,70.0,2026-08-29 06:01:00,2026-08-29 19:00:00,False,Srinagar
26.7,51,28.4,0.0,0.0,0,1.7,0.08,2026-08-29 21:00:00,80,136,0.0,31.8,36.7,30.7,4.1,1216.0,52.0,2026-08-29 06:01:00,2026-08-29 19:00:00,False,Srinagar
25.6,56,27.5,0.0,0.0,0,1.2,0.08,2026-08-29 22:00:00,79,133,0.0,33.1,37.0,33.0,3.9,1274.0,38.0,2026-08-29 06:01:00,2026-08-29 19:00:00,False,Srinagar
25.4,64,28.1,0.0,0.0,0,1.8,0.086,2026-08-29 23:00:00,78,130,0.0,39.2,42.8,33.9,3.7,1259.0,28.0,2026-08-29 06:01:00,2026-08-29 19:00:00,False,Srinagar
23.9,68,26.2,0.0,0.0,0,2.6,0.086,2026-08-30 00:00:00,77,126,0.0,42.4,45.5,33.2,3.3,1129.0,22.0,2026-08-30 06:02:00,2026-08-30 18:59:00,False,Srinagar
22.8,72,25.3,0.0,0.0,0,1.6,0.086,2026-08-30 01:00:00,76,123,0.0,42.5,45.3,31.1,2.8,925.0,19.0,2026-08-30 06:02:00,2026-08-30 18:59:00,False,Srinagar
21.9,75,24.4,0.0,0.0,0,1.0,0.087,2026-08-30 02:00:00,75,119,0.0,41.4,44.4,28.8,2.5,755.0,19.0,2026-08-30 06:02:00,2026-08-30 18:59:00,False,Srinagar
21.5,77,23.9,0.0,0.0,0,1.3,0.087,2026-08-30 03:00:00,73,116,0.0,40.2,43.2,26.7,2.3,659.0,19.0,2026-08-30 06:02:00,2026-08-30 18:59:00,False,Srinagar
20.6,82,23.1,0.0,0.0,0,0.6,0.087,2026-08-30 04:00:00,72,112,0.0,37.6,40.7,24.4,2.3,598.0,21.0,2026-08-30 06:02:00,2026-08-30 18:59:00,False,Srinagar
22.7,72,25.1,0.0,0.0,1,1.8,0.075,2026-08-30 05:00:00,71,109,0.0,41.4,45.1,26.4,3.5,554.0,26.0,2026-08-30 06:02:00,2026-08-30 18:59:00,False,Srinagar
21.8,74,24.1,0.0,0.0,0,1.6,0.075,2026-08-30 06:00:00,70,105,0.1,43.1,46.8,21.7,4.4,531.0,47.0,2026-08-30 06:02:00,2026-08-30 18:59:00,False,Srinagar
22.9,69,24.9,0.0,0.0,0,2.7,0.075,2026-08-30 07:00:00,69,101,0.45,45.1,51.5,15.2,5.5,527.0,77.0,2026-08-30 06:02:00,2026-08-30 18:59:00,True,Srinagar
25.0,61,27.2,0.0,0.0,1,1.8,0.075,2026-08-30 08:00:00,68,98,1.6,32.6,39.8,9.6,6.3,517.0,104.0,2026-08-30 06:02:00,2026-08-30 18:59:00,True,Srinagar
27.0,56,29.3,0.0,0.0,1,1.7,0.076,2026-08-30 09:00:00,67,97,3.7,28.8,36.6,6.1,6.3,493.0,127.0,2026-08-30 06:02:00,2026-08-30 18:59:00,True,Srinagar
28.3,52,30.3,0.0,0.0,1,5.1,0.076,2026-08-30 10:00:00,67,96,6.15,26.6,34.8,3.5,5.9,463.0,149.0,2026-08-30 06:02:00,2026-08-30 18:59:00,True,Srinagar
29.7,45,32.6,0.0,0.0,0,3.3,0.08,2026-08-30 11:00:00,67,96,7.95,26.4,34.8,1.8,5.4,434.0,163.0,2026-08-30 06:02:00,2026-08-30 18:59:00,True,Srinagar
30.8,41,33.9,0.0,0.0,1,3.8,0.08,2026-08-30 12:00:00,67,96,8.2,24.8,33.1,1.0,4.8,403.0,167.0,2026-08-30 06:02:00,2026-08-30 18:59:00,True,Srinagar
31.9,36,34.8,0.0,0.0,0,3.5,0.08,2026-08-30 13:00:00,67,96,6.95,23.7,31.8,1.0,4.0,371.0,165.0,2026-08-30 06:02:00,2026-08-30 18:59:00,True,Srinagar
32.4,35,34.5,0.0,0.0,1,7.2,0.08,2026-08-30 14:00:00,67,96,2.8,23.1,31.0,1.6,3.4,352.0,159.0,2026-08-30 06:02:00,2026-08-30 18:59:00,True,Srinagar
31.4,39,32.4,0.1,0.1,51,7.4,0.081,2026-08-30 15:00:00,67,103,1.95,22.8,30.3,2.4,2.9,327.0,150.0,2026-08-30 06:02:00,2026-08-30 18:59:00,True,Srinagar
31.2,39,31.8,0.1,0.1,51,8.5,0.082,2026-08-30 16:00:00,67,118,1.3,21.5,27.0,3.6,2.6,313.0,139.0,2026-08-30 06:02:00,2026-08-30 18:59:00,True,Srinagar
31.4,36,32.4,0.1,0.1,51,3.1,0.081,2026-08-30 17:00:00,67,126,0.35,28.5,36.9,4.7,2.7,379.0,133.0,2026-08-30 06:02:00,2026-08-30 18:59:00,True,Srinagar
29.5,43,30.5,0.1,0.1,51,5.4,0.082,2026-08-30 18:00:00,67,127,0.05,31.5,39.6,10.1,3.4,600.0,117.0,2026-08-30 06:02:00,2026-08-30 18:59:00,True,Srinagar
27.6,51,29.1,0.0,0.0,0,4.9,0.082,2026-08-30 19:00:00,67,120,0.0,38.2,45.6,17.5,4.3,899.0,93.0,2026-08-30 06:02:00,2026-08-30 18:59:00,False,Srinagar
25.9,59,27.9,0.0,0.0,0,4.2,0.082,2026-08-30 20:00:00,67,105,0.0,39.2,45.6,23.2,4.6,1117.0,72.0,2026-08-30 06:02:00,2026-08-30 18:59:00,False,Srinagar
24.5,66,26.9,0.0,0.0,0,2.7,0.082,2026-08-30 21:00:00,67,96,0.0,36.8,41.0,25.5,3.8,1188.0,55.0,2026-08-30 06:02:00,2026-08-30 18:59:00,False,Srinagar
23.3,73,25.8,0.0,0.0,0,2.5,0.083,2026-08-30 22:00:00,67,97,0.0,43.3,46.8,26.1,2.4,1176.0,40.0,2026-08-30 06:02:00,2026-08-30 18:59:00,False,Srinagar
24.5,69,27.3,0.0,0.0,0,1.7,0.092,2026-08-30 23:00:00,67,98,0.0,46.2,48.9,25.9,1.3,1117.0,28.0,2026-08-30 06:02:00,2026-08-30 18:59:00,False,Srinagar
25.3,96,31.6,0.0,0.0,3,1.1,0.423,2026-08-25 00:00:00,56,78,0.0,8.3,8.8,15.9,4.4,478.0,59.0,2026-08-25 05:50:00,2026-08-25 18:49:00,False,Dehradun
25.0,98,31.3,0.0,0.0,3,1.5,0.42,2026-08-25 01:00:00,54,77,0.0,7.3,7.8,14.1,3.8,437.0,59.0,2026-08-25 05:50:00,2026-08-25 18:49:00,False,Dehradun
24.7,99,31.0,0.0,0.0,3,0.5,0.418,2026-08-25 02:00:00,50,76,0.0,5.9,6.3,13.0,3.3,399.0,58.0,2026-08-25 05:50:00,2026-08-25 18:49:00,False,Dehradun
24.4,100,30.3,0.0,0.0,3,2.9,0.416,2026-08-25 03:00:00,47,74,0.0,5.3,5.6,13.6,3.0,367.0,50.0,2026-08-25 05:50:00,2026-08-25 18:49:00,False,Dehradun
23.9,97,29.1,0.0,0.0,3,2.9,0.414,2026-08-25 04:00:00,43,72,0.0,5.2,5.4,14.9,2.8,339.0,39.0,2026-08-25 05:50:00,2026-08-25 18:49:00,False,Dehradun
23.0,98,27.7,1.0,1.0,55,3.5,0.4,2026-08-25 05:00:00,40,71,0.0,12.1,12.9,17.0,3.2,323.0,53.0,2026-08-25 05:50:00,2026-08-25 18:49:00,False,Dehradun
23.0,98,27.6,0.7,0.7,53,5.0,0.407,2026-08-25 06:00:00,38,69,0.15,10.7,11.3,13.7,2.9,331.0,70.0,2026-08-25 05:50:00,2026-08-25 18:49:00,True,Dehradun
23.2,98,27.9,0.4,0.4,51,4.7,0.41,2026-08-25 07:00:00,37,67,0.7,6.8,7.1,9.0,2.4,351.0,93.0,2026-08-25 05:50:00,2026-08-25 18:49:00,True,Dehradun
23.9,97,28.8,0.4,0.4,51,5.8,0.412,2026-08-25 08:00:00,49,65,2.45,6.3,6.5,5.3,2.1,358.0,114.0,2026-08-25 05:50:00,2026-08-25 18:49:00,True,Dehradun
25.6,94,31.7,0.7,0.7,53,2.9,0.415,2026-08-25 09:00:00,59,63,4.6,6.1,6.3,3.3,2.1,335.0,129.0,2026-08-25 05:50:00,2026-08-25 18:49:00,True,Dehradun
27.3,83,33.1,0.2,0.2,51,4.5,0.413,2026-08-25 10:00:00,62,62,7.35,6.3,6.7,2.3,2.3,298.0,142.0,2026-08-25 05:50:00,2026-08-25 18:49:00,True,Dehradun
25.9,90,32.4,0.0,0.0,2,5.0,0.41,2026-08-25 11:00:00,64,60,8.55,8.6,10.2,1.6,2.5,272.0,151.0,2026-08-25 05:50:00,2026-08-25 18:49:00,True,Dehradun
27.9,81,33.9,0.4,0.4,51,2.5,0.41,2026-08-25 12:00:00,65,59,9.3,10.8,13.0,1.2,2.7,266.0,155.0,2026-08-25 05:50:00,2026-08-25 18:49:00,True,Dehradun
28.3,77,33.9,0.0,0.0,1,3.3,0.406,2026-08-25 13:00:00,65,59,7.6,12.2,14.9,1.2,3.0,270.0,156.0,2026-08-25 05:50:00,2026-08-25 18:49:00,True,Dehradun
29.5,71,35.3,0.0,0.0,2,3.3,0.402,2026-08-25 14:00:00,65,81,5.5,13.7,16.7,1.6,3.3,276.0,156.0,2026-08-25 05:50:00,2026-08-25 18:49:00,True,Dehradun
29.6,71,35.1,0.0,0.0,2,4.2,0.398,2026-08-25 15:00:00,65,100,2.75,14.5,17.6,1.7,3.6,271.0,157.0,2026-08-25 05:50:00,2026-08-25 18:49:00,True,Dehradun
28.9,75,34.1,0.0,0.0,1,5.5,0.396,2026-08-25 16:00:00,65,113,1.25,16.8,20.2,2.1,4.1,269.0,157.0,2026-08-25 05:50:00,2026-08-25 18:49:00,True,Dehradun
26.8,87,32.2,0.8,0.8,53,6.5,0.402,2026-08-25 17:00:00,60,122,0.2,8.8,9.6,4.9,3.4,297.0,132.0,2026-08-25 05:50:00,2026-08-25 18:49:00,True,Dehradun
26.4,89,32.3,0.2,0.2,51,3.2,0.401,2026-08-25 18:00:00,55,123,0.0,11.2,12.0,8.5,4.4,389.0,122.0,2026-08-25 05:50:00,2026-08-25 18:49:00,True,Dehradun
25.6,96,32.0,0.0,0.0,3,1.7,0.4,2026-08-25 19:00:00,46,119,0.0,15.6,16.5,13.8,5.8,511.0,109.0,2026-08-25 05:50:00,2026-08-25 18:49:00,False,Dehradun
25.6,97,32.3,0.0,0.0,3,1.3,0.399,2026-08-25 20:00:00,38,110,0.0,17.4,18.5,18.9,7.3,598.0,96.0,2026-08-25 05:50:00,2026-08-25 18:49:00,False,Dehradun
25.5,97,32.0,0.0,0.0,3,1.5,0.398,2026-08-25 21:00:00,34,97,0.0,22.1,23.3,24.4,8.8,617.0,85.0,2026-08-25 05:50:00,2026-08-25 18:49:00,False,Dehradun
25.2,96,31.2,0.0,0.0,3,2.6,0.397,2026-08-25 22:00:00,30,82,0.0,25.1,26.4,29.8,10.3,600.0,76.0,2026-08-25 05:50:00,2026-08-25 18:49:00,False,Dehradun
25.1,98,31.1,0.0,0.0,3,3.2,0.399,2026-08-25 23:00:00,28,65,0.0,29.0,30.4,32.4,11.3,576.0,70.0,2026-08-25 05:50:00,2026-08-25 18:49:00,False,Dehradun
24.5,98,30.3,0.0,0.0,2,1.9,0.398,2026-08-26 00:00:00,29,56,0.0,31.4,32.8,29.2,11.3,550.0,73.0,2026-08-26 05:51:00,2026-08-26 18:48:00,False,Dehradun
24.0,97,29.6,0.0,0.0,2,1.4,0.397,2026-08-26 01:00:00,32,57,0.0,32.1,33.4,23.2,10.8,518.0,80.0,2026-08-26 05:51:00,2026-08-26 18:48:00,False,Dehradun
23.8,97,29.1,0.0,0.0,1,2.2,0.396,2026-08-26 02:00:00,32,59,0.0,23.0,24.3,19.9,10.3,492.0,81.0,2026-08-26 05:51:00,2026-08-26 18:48:00,False,Dehradun
23.5,96,28.6,0.0,0.0,1,2.5,0.396,2026-08-26 03:00:00,29,61,0.0,26.2,27.5,23.6,9.8,479.0,66.0,2026-08-26 05:51:00,2026-08-26 18:48:00,False,Dehradun
23.2,96,28.0,0.0,0.0,1,3.0,0.395,2026-08-26 04:00:00,31,62,0.0,28.2,29.5,30.0,9.3,472.0,45.0,2026-08-26 05:51:00,2026-08-26 18:48:00,False,Dehradun
23.7,100,29.3,0.0,0.0,3,2.4,0.399,2026-08-26 05:00:00,33,64,0.0,24.3,25.7,17.6,12.5,466.0,79.0,2026-08-26 05:51:00,2026-08-26 18:48:00,False,Dehradun
23.7,98,29.1,1.7,1.7,61,1.6,0.419,2026-08-26 06:00:00,36,65,0.1,28.8,30.2,15.3,12.8,465.0,91.0,2026-08-26 05:51:00,2026-08-26 18:48:00,True,Dehradun
24.1,98,29.6,1.2,1.2,55,3.1,0.427,2026-08-26 07:00:00,45,66,0.7,28.2,29.5,12.1,13.1,464.0,107.0,2026-08-26 05:51:00,2026-08-26 18:48:00,True,Dehradun
25.0,96,30.9,0.1,0.1,51,2.3,0.422,2026-08-26 08:00:00,56,68,2.55,23.1,24.4,9.0,12.9,448.0,124.0,2026-08-26 05:51:00,2026-08-26 18:48:00,True,Dehradun
26.3,90,32.0,0.0,0.0,1,4.6,0.417,2026-08-26 09:00:00,62,69,5.0,18.7,20.1,6.3,11.7,400.0,139.0,2026-08-26 05:51:00,2026-08-26 18:48:00,True,Dehradun
28.3,77,34.3,0.0,0.0,1,2.8,0.412,2026-08-26 10:00:00,64,70,6.55,17.5,19.4,3.8,9.9,337.0,154.0,2026-08-26 05:51:00,2026-08-26 18:48:00,True,Dehradun
29.7,70,35.9,0.0,0.0,1,5.8,0.41,2026-08-26 11:00:00,67,71,7.6,20.0,23.2,2.1,9.0,290.0,167.0,2026-08-26 05:51:00,2026-08-26 18:48:00,True,Dehradun
29.9,69,36.2,0.1,0.1,51,7.3,0.406,2026-08-26 12:00:00,69,72,6.9,23.9,28.3,1.2,9.7,273.0,178.0,2026-08-26 05:51:00,2026-08-26 18:48:00,True,Dehradun
29.6,72,35.7,0.5,0.5,53,5.6,0.405,2026-08-26 13:00:00,71,88,6.85,28.1,33.6,1.1,11.2,272.0,188.0,2026-08-26 05:51:00,2026-08-26 18:48:00,True,Dehradun
28.7,75,33.8,0.8,0.8,53,5.7,0.408,2026-08-26 14:00:00,71,111,4.85,32.7,39.6,1.9,12.0,279.0,188.0,2026-08-26 05:51:00,2026-08-26 18:48:00,True,Dehradun
27.8,78,33.3,0.3,0.3,51,2.3,0.407,2026-08-26 15:00:00,68,131,2.0,32.7,39.1,3.7,11.0,289.0,174.0,2026-08-26 05:51:00,2026-08-26 18:48:00,True,Dehradun
27.6,80,33.4,0.1,0.1,51,0.9,0.405,2026-08-26 16:00:00,64,146,0.8,31.2,36.9,6.3,9.3,307.0,151.0,2026-08-26 05:51:00,2026-08-26 18:48:00,True,Dehradun
27.4,89,33.4,0.2,0.2,51,6.6,0.354,2026-08-26 17:00:00,64,151,0.3,34.9,41.2,6.1,9.5,343.0,150.0,2026-08-26 05:51:00,2026-08-26 18:48:00,True,Dehradun
26.6,93,33.5,0.0,0.0,3,0.5,0.355,2026-08-26 18:00:00,61,153,0.0,34.1,39.2,9.3,9.3,420.0,135.0,2026-08-26 05:51:00,2026-08-26 18:48:00,True,Dehradun
25.8,99,32.7,0.2,0.2,51,1.2,0.357,2026-08-26 19:00:00,61,150,0.0,33.2,37.6,13.8,9.0,515.0,114.0,2026-08-26 05:51:00,2026-08-26 18:48:00,False,Dehradun
25.7,97,32.5,0.0,0.0,3,0.5,0.358,2026-08-26 20:00:00,62,138,0.0,31.8,35.3,17.1,8.8,569.0,96.0,2026-08-26 05:51:00,2026-08-26 18:48:00,False,Dehradun
25.5,98,32.0,0.0,0.0,3,2.5,0.359,2026-08-26 21:00:00,62,121,0.0,24.9,27.2,18.5,8.8,544.0,85.0,2026-08-26 05:51:00,2026-08-26 18:48:00,False,Dehradun
25.3,98,31.3,0.0,0.0,3,4.2,0.359,2026-08-26 22:00:00,62,99,0.0,25.7,28.0,18.9,8.8,477.0,77.0,2026-08-26 05:51:00,2026-08-26 18:48:00,False,Dehradun
24.5,96,30.2,0.0,0.0,3,2.1,0.356,2026-08-26 23:00:00,62,85,0.0,25.6,28.1,17.9,8.3,424.0,75.0,2026-08-26 05:51:00,2026-08-26 18:48:00,False,Dehradun
24.1,99,29.3,1.0,1.0,55,5.3,0.369,2026-08-27 00:00:00,62,85,0.0,21.7,23.8,14.7,6.9,410.0,83.0,2026-08-27 05:51:00,2026-08-27 18:47:00,False,Dehradun
24.2,99,30.1,0.3,0.3,51,1.7,0.374,2026-08-27 01:00:00,62,84,0.0,14.8,16.7,10.2,4.9,410.0,96.0,2026-08-27 05:51:00,2026-08-27 18:47:00,False,Dehradun
23.8,100,28.8,0.2,0.2,51,5.7,0.376,2026-08-27 02:00:00,61,83,0.0,3.6,4.1,7.2,3.5,403.0,103.0,2026-08-27 05:51:00,2026-08-27 18:47:00,False,Dehradun
23.7,98,28.8,0.7,0.7,53,4.0,0.385,2026-08-27 03:00:00,60,81,0.0,7.6,8.9,7.3,2.9,378.0,95.0,2026-08-27 05:51:00,2026-08-27 18:47:00,False,Dehradun
23.9,97,29.3,1.3,1.3,61,2.2,0.402,2026-08-27 04:00:00,59,80,0.0,8.7,10.4,8.8,2.9,346.0,81.0,2026-08-27 05:51:00,2026-08-27 18:47:00,False,Dehradun
24.6,98,30.5,0.6,0.6,53,2.7,0.387,2026-08-27 05:00:00,56,78,0.0,13.6,16.4,3.7,3.0,324.0,124.0,2026-08-27 05:51:00,2026-08-27 18:47:00,False,Dehradun
24.2,100,30.0,0.5,0.5,53,2.8,0.392,2026-08-27 06:00:00,55,77,0.1,10.8,12.7,4.3,3.1,320.0,122.0,2026-08-27 05:51:00,2026-08-27 18:47:00,True,Dehradun
24.9,98,30.8,0.1,0.1,51,3.1,0.392,2026-08-27 07:00:00,53,76,0.7,10.2,11.6,5.1,3.2,325.0,119.0,2026-08-27 05:51:00,2026-08-27 18:47:00,True,Dehradun
25.0,98,30.9,0.1,0.1,51,3.7,0.392,2026-08-27 08:00:00,53,75,1.7,9.6,10.7,5.4,3.4,327.0,120.0,2026-08-27 05:51:00,2026-08-27 18:47:00,True,Dehradun
26.1,95,32.6,0.1,0.1,51,2.3,0.391,2026-08-27 09:00:00,59,74,2.25,9.3,10.5,4.5,3.9,318.0,129.0,2026-08-27 05:51:00,2026-08-27 18:47:00,True,Dehradun
27.7,86,34.0,0.1,0.1,51,3.7,0.389,2026-08-27 10:00:00,62,73,4.6,10.7,12.2,3.1,4.4,305.0,143.0,2026-08-27 05:51:00,2026-08-27 18:47:00,True,Dehradun
26.7,89,32.3,0.1,0.1,51,5.7,0.388,2026-08-27 11:00:00,64,72,7.3,12.0,13.7,2.0,4.9,297.0,153.0,2026-08-27 05:51:00,2026-08-27 18:47:00,True,Dehradun
25.3,94,30.7,2.5,2.5,63,5.5,0.413,2026-08-27 12:00:00,65,77,8.15,12.4,14.2,1.4,5.2,299.0,159.0,2026-08-27 05:51:00,2026-08-27 18:47:00,True,Dehradun
26.8,89,32.8,0.5,0.5,53,4.4,0.412,2026-08-27 13:00:00,66,94,7.3,13.9,16.0,1.2,5.4,307.0,162.0,2026-08-27 05:51:00,2026-08-27 18:47:00,True,Dehradun
27.9,83,33.7,0.1,0.1,51,5.6,0.408,2026-08-27 14:00:00,65,102,3.05,15.7,18.2,1.8,5.5,316.0,159.0,2026-08-27 05:51:00,2026-08-27 18:47:00,True,Dehradun
25.8,90,30.9,0.9,0.9,53,6.8,0.412,2026-08-27 15:00:00,63,110,0.9,18.6,21.7,3.2,5.2,321.0,148.0,2026-08-27 05:51:00,2026-08-27 18:47:00,True,Dehradun
25.3,94,31.2,1.8,1.8,61,2.3,0.424,2026-08-27 16:00:00,60,116,0.5,19.6,22.2,5.4,4.7,327.0,132.0,2026-08-27 05:51:00,2026-08-27 18:47:00,True,Dehradun
24.8,95,30.5,0.6,0.6,53,3.2,0.393,2026-08-27 17:00:00,51,119,0.15,19.9,22.5,8.9,4.7,346.0,117.0,2026-08-27 05:51:00,2026-08-27 18:47:00,True,Dehradun
24.7,96,30.2,0.1,0.1,51,4.1,0.393,2026-08-27 18:00:00,43,116,0.0,18.2,20.4,14.6,5.6,393.0,105.0,2026-08-27 05:51:00,2026-08-27 18:47:00,True,Dehradun
24.6,99,30.7,0.0,0.0,3,1.9,0.392,2026-08-27 19:00:00,37,108,0.0,19.4,21.1,21.6,6.9,452.0,93.0,2026-08-27 05:51:00,2026-08-27 18:47:00,False,Dehradun
24.5,100,30.7,0.0,0.0,3,1.5,0.391,2026-08-27 20:00:00,33,95,0.0,25.6,27.3,27.4,8.0,486.0,82.0,2026-08-27 05:51:00,2026-08-27 18:47:00,False,Dehradun
24.5,99,30.8,0.0,0.0,3,0.7,0.39,2026-08-27 21:00:00,31,79,0.0,32.1,34.0,31.9,8.6,470.0,70.0,2026-08-27 05:51:00,2026-08-27 18:47:00,False,Dehradun
24.5,99,30.3,0.0,0.0,3,3.4,0.389,2026-08-27 22:00:00,32,63,0.0,34.9,36.8,35.1,8.9,429.0,58.0,2026-08-27 05:51:00,2026-08-27 18:47:00,False,Dehradun
25.0,97,30.8,0.0,0.0,3,3.8,0.383,2026-08-27 23:00:00,32,64,0.0,36.0,37.7,35.2,8.7,397.0,52.0,2026-08-27 05:51:00,2026-08-27 18:47:00,False,Dehradun
24.8,97,31.0,0.0,0.0,3,0.8,0.383,2026-08-28 00:00:00,33,64,0.0,27.4,28.5,29.7,7.8,387.0,57.0,2026-08-28 05:52:00,2026-08-28 18:45:00,False,Dehradun
24.8,97,31.0,0.0,0.0,3,0.3,0.382,2026-08-28 01:00:00,34,65,0.0,15.8,16.6,21.0,6.4,386.0,67.0,2026-08-28 05:52:00,2026-08-28 18:45:00,False,Dehradun
24.7,98,30.8,0.0,0.0,3,0.6,0.382,2026-08-28 02:00:00,34,65,0.0,14.7,15.8,14.2,5.3,385.0,76.0,2026-08-28 05:52:00,2026-08-28 18:45:00,False,Dehradun
24.5,98,30.7,0.2,0.2,51,0.3,0.383,2026-08-28 03:00:00,35,66,0.0,13.0,14.2,11.5,4.8,380.0,78.0,2026-08-28 05:52:00,2026-08-28 18:45:00,False,Dehradun
24.0,99,29.7,0.8,0.8,53,2.1,0.392,2026-08-28 04:00:00,35,66,0.0,12.0,13.5,10.7,4.7,375.0,79.0,2026-08-28 05:52:00,2026-08-28 18:45:00,False,Dehradun
23.8,98,29.2,1.9,1.9,61,2.3,0.385,2026-08-28 05:00:00,55,66,0.0,13.0,14.6,5.6,6.6,375.0,122.0,2026-08-28 05:52:00,2026-08-28 18:45:00,False,Dehradun
24.0,97,29.5,0.2,0.2,51,1.2,0.386,2026-08-28 06:00:00,58,66,0.1,12.9,14.5,5.3,6.4,387.0,127.0,2026-08-28 05:52:00,2026-08-28 18:45:00,True,Dehradun
24.7,96,30.7,0.1,0.1,51,0.5,0.386,2026-08-28 07:00:00,61,67,0.9,11.1,12.4,4.8,6.2,404.0,134.0,2026-08-28 05:52:00,2026-08-28 18:45:00,True,Dehradun
26.0,91,32.2,0.0,0.0,0,1.2,0.385,2026-08-28 08:00:00,62,67,2.4,10.8,12.2,4.2,6.1,407.0,142.0,2026-08-28 05:52:00,2026-08-28 18:45:00,True,Dehradun
27.7,81,33.6,0.0,0.0,2,2.3,0.384,2026-08-28 09:00:00,64,67,4.35,11.0,12.5,3.3,6.2,381.0,150.0,2026-08-28 05:52:00,2026-08-28 18:45:00,True,Dehradun
28.9,73,34.7,0.1,0.1,51,3.1,0.382,2026-08-28 10:00:00,65,67,6.7,12.0,13.7,2.4,6.3,340.0,158.0,2026-08-28 05:52:00,2026-08-28 18:45:00,True,Dehradun
29.8,67,35.6,0.1,0.1,51,4.6,0.382,2026-08-28 11:00:00,66,77,7.5,15.5,18.1,1.7,6.7,314.0,164.0,2026-08-28 05:52:00,2026-08-28 18:45:00,True,Dehradun
29.9,67,35.6,0.1,0.1,51,6.4,0.38,2026-08-28 12:00:00,67,95,8.35,19.4,23.3,1.5,7.4,316.0,169.0,2026-08-28 05:52:00,2026-08-28 18:45:00,True,Dehradun
30.0,67,35.9,0.2,0.2,51,6.6,0.378,2026-08-28 13:00:00,68,115,6.65,23.9,30.2,1.6,8.3,333.0,172.0,2026-08-28 05:52:00,2026-08-28 18:45:00,True,Dehradun
29.6,70,34.6,0.3,0.3,51,6.1,0.377,2026-08-28 14:00:00,68,125,2.95,29.3,39.2,2.0,9.0,348.0,173.0,2026-08-28 05:52:00,2026-08-28 18:45:00,True,Dehradun
28.6,76,33.1,0.2,0.2,51,10.0,0.376,2026-08-28 15:00:00,67,135,1.8,33.1,44.5,2.7,9.1,352.0,170.0,2026-08-28 05:52:00,2026-08-28 18:45:00,True,Dehradun
28.1,79,33.6,0.0,0.0,3,4.5,0.374,2026-08-28 16:00:00,66,143,0.85,34.9,47.0,3.6,9.1,354.0,165.0,2026-08-28 05:52:00,2026-08-28 18:45:00,True,Dehradun
28.5,79,33.7,0.3,0.3,51,8.5,0.359,2026-08-28 17:00:00,62,147,0.15,30.7,41.8,5.1,6.6,373.0,141.0,2026-08-28 05:52:00,2026-08-28 18:45:00,True,Dehradun
25.5,94,31.3,1.3,1.3,61,4.3,0.371,2026-08-28 18:00:00,59,146,0.0,32.9,42.0,8.2,7.0,433.0,129.0,2026-08-28 05:52:00,2026-08-28 18:45:00,True,Dehradun
25.6,96,31.8,1.0,1.0,55,3.8,0.383,2026-08-28 19:00:00,47,139,0.0,34.6,43.4,12.3,7.6,509.0,111.0,2026-08-28 05:52:00,2026-08-28 18:45:00,False,Dehradun
25.3,98,31.3,0.3,0.3,51,5.4,0.385,2026-08-28 20:00:00,49,128,0.0,31.9,39.5,15.1,8.0,542.0,99.0,2026-08-28 05:52:00,2026-08-28 18:45:00,False,Dehradun
24.7,97,29.9,0.5,0.5,53,6.6,0.39,2026-08-28 21:00:00,50,113,0.0,27.2,33.8,15.3,8.0,490.0,96.0,2026-08-28 05:52:00,2026-08-28 18:45:00,False,Dehradun
24.2,98,28.8,0.9,0.9,53,9.7,0.4,2026-08-28 22:00:00,50,97,0.0,23.3,29.0,14.1,7.9,395.0,97.0,2026-08-28 05:52:00,2026-08-28 18:45:00,False,Dehradun
24.5,99,30.1,0.8,0.8,53,5.2,0.417,2026-08-28 23:00:00,48,81,0.0,22.1,27.1,12.5,7.7,322.0,100.0,2026-08-28 05:52:00,2026-08-28 18:45:00,False,Dehradun
23.9,99,29.2,0.8,0.8,53,3.6,0.422,2026-08-29 00:00:00,45,73,0.0,24.0,30.6,10.5,7.6,299.0,105.0,2026-08-29 05:52:00,2026-08-29 18:44:00,False,Dehradun
24.3,97,29.7,0.8,0.8,53,3.4,0.424,2026-08-29 01:00:00,48,73,0.0,21.5,31.0,8.2,7.4,299.0,112.0,2026-08-29 05:52:00,2026-08-29 18:44:00,False,Dehradun
24.2,99,30.2,0.1,0.1,51,1.1,0.418,2026-08-29 02:00:00,50,73,0.0,18.3,24.8,6.6,7.3,306.0,115.0,2026-08-29 05:52:00,2026-08-29 18:44:00,False,Dehradun
24.0,99,29.7,0.0,0.0,1,2.1,0.414,2026-08-29 03:00:00,47,74,0.0,19.0,27.7,6.3,7.2,320.0,111.0,2026-08-29 05:52:00,2026-08-29 18:44:00,False,Dehradun
24.0,99,29.5,0.0,0.0,1,3.4,0.411,2026-08-29 04:00:00,47,74,0.0,22.6,33.5,6.7,7.2,341.0,104.0,2026-08-29 05:52:00,2026-08-29 18:44:00,False,Dehradun
25.4,91,31.3,0.1,0.1,51,0.6,0.377,2026-08-29 05:00:00,51,75,0.0,19.4,29.5,5.5,6.8,356.0,116.0,2026-08-29 05:52:00,2026-08-29 18:44:00,False,Dehradun
24.4,94,29.6,1.6,1.6,61,3.4,0.397,2026-08-29 06:00:00,50,76,0.05,21.6,33.5,5.6,7.8,363.0,114.0,2026-08-29 05:52:00,2026-08-29 18:44:00,True,Dehradun
24.4,97,29.6,1.0,1.0,55,5.2,0.407,2026-08-29 07:00:00,52,76,0.35,24.8,42.5,5.6,9.1,364.0,111.0,2026-08-29 05:52:00,2026-08-29 18:44:00,True,Dehradun
25.5,90,31.1,0.1,0.1,51,2.1,0.405,2026-08-29 08:00:00,54,77,1.45,25.5,50.3,5.4,10.0,356.0,113.0,2026-08-29 05:52:00,2026-08-29 18:44:00,True,Dehradun
27.5,80,33.2,0.0,0.0,0,1.1,0.401,2026-08-29 09:00:00,56,78,2.05,23.6,45.6,4.6,9.8,330.0,122.0,2026-08-29 05:52:00,2026-08-29 18:44:00,True,Dehradun
29.1,73,34.7,0.0,0.0,1,5.4,0.397,2026-08-29 10:00:00,61,79,2.15,29.1,54.0,3.4,9.1,295.0,134.0,2026-08-29 05:52:00,2026-08-29 18:44:00,True,Dehradun
29.2,72,35.0,0.1,0.1,51,6.8,0.396,2026-08-29 11:00:00,63,81,2.2,34.9,60.8,2.6,8.7,276.0,146.0,2026-08-29 05:52:00,2026-08-29 18:44:00,True,Dehradun
26.8,88,33.2,2.1,2.1,61,5.6,0.413,2026-08-29 12:00:00,65,82,2.5,37.4,62.9,2.2,9.1,288.0,157.0,2026-08-29 05:52:00,2026-08-29 18:44:00,True,Dehradun
27.6,89,34.2,1.6,1.6,61,4.6,0.42,2026-08-29 13:00:00,67,84,1.8,38.3,63.6,2.0,9.7,315.0,167.0,2026-08-29 05:52:00,2026-08-29 18:44:00,True,Dehradun
26.7,92,32.8,3.0,3.0,63,5.6,0.435,2026-08-29 14:00:00,67,93,1.3,41.1,65.7,2.3,9.9,334.0,171.0,2026-08-29 05:52:00,2026-08-29 18:44:00,True,Dehradun
26.6,91,32.6,2.1,2.1,61,4.3,0.434,2026-08-29 15:00:00,67,105,0.95,38.8,58.8,2.7,9.1,333.0,167.0,2026-08-29 05:52:00,2026-08-29 18:44:00,True,Dehradun
26.7,92,33.2,0.4,0.4,51,2.9,0.425,2026-08-29 16:00:00,65,117,0.65,36.7,55.4,3.5,7.8,323.0,158.0,2026-08-29 05:52:00,2026-08-29 18:44:00,True,Dehradun
24.8,97,30.7,0.2,0.2,51,3.3,0.376,2026-08-29 17:00:00,63,126,0.15,25.5,31.3,8.8,4.9,320.0,123.0,2026-08-29 05:52:00,2026-08-29 18:44:00,True,Dehradun
24.9,97,30.5,0.8,0.8,53,4.9,0.385,2026-08-29 18:00:00,62,127,0.0,29.7,36.7,13.7,5.5,335.0,107.0,2026-08-29 05:52:00,2026-08-29 18:44:00,True,Dehradun
25.0,98,31.3,0.1,0.1,51,1.0,0.385,2026-08-29 19:00:00,62,121,0.0,22.5,26.8,20.2,6.4,355.0,86.0,2026-08-29 05:52:00,2026-08-29 18:44:00,False,Dehradun
24.9,99,31.2,0.0,0.0,3,2.0,0.385,2026-08-29 20:00:00,62,108,0.0,18.7,21.8,23.8,7.1,361.0,74.0,2026-08-29 05:52:00,2026-08-29 18:44:00,False,Dehradun
24.9,99,30.9,0.0,0.0,3,3.8,0.384,2026-08-29 21:00:00,62,91,0.0,26.6,31.0,21.6,7.4,336.0,79.0,2026-08-29 05:52:00,2026-08-29 18:44:00,False,Dehradun
24.7,99,30.4,0.1,0.1,51,4.8,0.384,2026-08-29 22:00:00,62,84,0.0,30.0,34.8,16.5,7.5,297.0,92.0,2026-08-29 05:52:00,2026-08-29 18:44:00,False,Dehradun
25.1,98,31.4,1.0,1.0,55,1.8,0.385,2026-08-29 23:00:00,62,84,0.0,30.5,36.6,12.1,7.7,268.0,104.0,2026-08-29 05:52:00,2026-08-29 18:44:00,False,Dehradun
24.5,99,30.6,1.2,1.2,55,1.6,0.4,2026-08-30 00:00:00,62,85,0.0,30.9,39.9,9.6,8.0,262.0,112.0,2026-08-30 05:53:00,2026-08-30 18:43:00,False,Dehradun
24.2,98,29.9,2.1,2.1,61,2.7,0.424,2026-08-30 01:00:00,62,85,0.0,31.8,45.6,7.9,8.3,268.0,118.0,2026-08-30 05:53:00,2026-08-30 18:43:00,False,Dehradun
24.2,98,29.8,1.1,1.1,55,3.0,0.426,2026-08-30 02:00:00,63,86,0.0,30.0,46.4,6.9,8.6,272.0,122.0,2026-08-30 05:53:00,2026-08-30 18:43:00,False,Dehradun
24.1,98,29.8,0.5,0.5,53,1.9,0.424,2026-08-30 03:00:00,63,87,0.0,30.9,48.2,7.1,8.8,271.0,121.0,2026-08-30 05:53:00,2026-08-30 18:43:00,False,Dehradun
23.9,97,29.2,1.2,1.2,55,2.5,0.429,2026-08-30 04:00:00,63,88,0.0,33.5,55.5,8.0,9.0,269.0,118.0,2026-08-30 05:53:00,2026-08-30 18:43:00,False,Dehradun
24.5,98,30.2,0.4,0.4,51,2.6,0.425,2026-08-30 05:00:00,64,89,0.0,34.2,77.1,6.1,10.1,267.0,115.0,2026-08-30 05:53:00,2026-08-30 18:43:00,False,Dehradun
24.1,100,29.8,0.7,0.7,53,2.7,0.428,2026-08-30 06:00:00,64,90,0.05,34.6,76.6,5.7,10.4,266.0,116.0,2026-08-30 05:53:00,2026-08-30 18:43:00,True,Dehradun
24.5,99,30.5,0.3,0.3,51,2.3,0.425,2026-08-30 07:00:00,65,91,0.35,36.7,82.9,5.1,10.9,264.0,116.0,2026-08-30 05:53:00,2026-08-30 18:43:00,True,Dehradun
25.6,94,31.5,0.0,0.0,2,3.1,0.421,2026-08-30 08:00:00,65,92,0.85,33.2,76.6,4.5,11.2,258.0,119.0,2026-08-30 05:53:00,2026-08-30 18:43:00,True,Dehradun
26.8,89,32.5,0.1,0.1,51,6.0,0.417,2026-08-30 09:00:00,65,93,1.4,26.7,59.8,3.7,11.4,244.0,124.0,2026-08-30 05:53:00,2026-08-30 18:43:00,True,Dehradun
28.1,80,33.8,0.2,0.2,51,4.9,0.415,2026-08-30 10:00:00,65,93,2.0,27.6,59.8,2.8,11.4,226.0,131.0,2026-08-30 05:53:00,2026-08-30 18:43:00,True,Dehradun
27.7,81,33.1,0.3,0.3,51,5.1,0.416,2026-08-30 11:00:00,65,93,1.95,27.4,57.0,2.2,11.2,216.0,137.0,2026-08-30 05:53:00,2026-08-30 18:43:00,True,Dehradun
28.0,82,34.4,0.8,0.8,53,2.5,0.418,2026-08-30 12:00:00,65,92,1.75,28.8,58.3,2.0,10.6,220.0,141.0,2026-08-30 05:53:00,2026-08-30 18:43:00,True,Dehradun
28.4,81,34.3,0.6,0.6,53,4.5,0.419,2026-08-30 13:00:00,65,92,1.9,30.0,56.6,2.2,9.7,232.0,144.0,2026-08-30 05:53:00,2026-08-30 18:43:00,True,Dehradun
26.2,94,32.1,3.0,3.0,63,5.5,0.439,2026-08-30 14:00:00,65,91,1.35,32.4,60.3,2.7,8.9,243.0,143.0,2026-08-30 05:53:00,2026-08-30 18:43:00,True,Dehradun
24.7,100,30.8,7.2,7.2,63,2.8,0.439,2026-08-30 15:00:00,64,91,0.45,33.9,57.7,3.6,8.1,253.0,136.0,2026-08-30 05:53:00,2026-08-30 18:43:00,True,Dehradun
25.1,96,30.9,3.7,3.7,63,3.6,0.438,2026-08-30 16:00:00,64,95,0.2,33.2,55.6,4.8,7.3,262.0,125.0,2026-08-30 05:53:00,2026-08-30 18:43:00,True,Dehradun
24.6,99,30.6,1.3,1.3,61,2.6,0.408,2026-08-30 17:00:00,64,96,0.05,38.9,79.4,6.8,5.0,269.0,131.0,2026-08-30 05:53:00,2026-08-30 18:43:00,True,Dehradun
24.5,99,30.3,1.4,1.4,61,3.2,0.424,2026-08-30 18:00:00,64,98,0.0,35.6,69.6,8.1,4.9,271.0,123.0,2026-08-30 05:53:00,2026-08-30 18:43:00,True,Dehradun
23.9,100,29.4,1.8,1.8,61,3.2,0.439,2026-08-30 19:00:00,65,96,0.0,29.7,53.6,9.9,4.7,271.0,112.0,2026-08-30 05:53:00,2026-08-30 18:43:00,False,Dehradun
23.5,100,29.1,4.7,4.7,63,0.9,0.436,2026-08-30 20:00:00,65,92,0.0,23.1,36.0,11.5,4.6,274.0,102.0,2026-08-30 05:53:00,2026-08-30 18:43:00,False,Dehradun
23.4,100,28.6,7.8,7.8,65,3.4,0.435,2026-08-30 21:00:00,65,92,0.0,22.1,33.1,12.8,4.8,285.0,96.0,2026-08-30 05:53:00,2026-08-30 18:43:00,False,Dehradun
23.4,99,28.3,4.5,4.5,63,5.1,0.434,2026-08-30 22:00:00,65,92,0.0,22.9,35.0,14.1,5.2,298.0,91.0,2026-08-30 05:53:00,2026-08-30 18:43:00,False,Dehradun
24.1,100,29.8,1.2,1.2,55,2.6,0.422,2026-08-30 23:00:00,65,91,0.0,22.9,34.6,14.9,5.3,301.0,85.0,2026-08-30 05:53:00,2026-08-30 18:43:00,False,Dehradun
15.2,94,16.5,0.1,0.1,51,1.3,0.478,2026-08-25 00:00:00,46,73,0.0,40.3,51.0,20.4,1.6,438.0,59.0,2026-08-25 05:53:00,2026-08-25 18:53:00,False,Shimla
15.0,96,16.2,0.0,0.0,1,1.5,0.477,2026-08-25 01:00:00,47,74,0.0,38.0,48.0,16.1,1.8,382.0,62.0,2026-08-25 05:53:00,2026-08-25 18:53:00,False,Shimla
14.6,96,15.7,0.0,0.0,1,1.8,0.477,2026-08-25 02:00:00,49,75,0.0,34.8,43.8,12.6,2.0,334.0,65.0,2026-08-25 05:53:00,2026-08-25 18:53:00,False,Shimla
14.5,96,15.6,0.0,0.0,1,1.5,0.477,2026-08-25 03:00:00,50,76,0.0,29.0,37.1,10.9,2.1,304.0,64.0,2026-08-25 05:53:00,2026-08-25 18:53:00,False,Shimla
14.5,97,15.5,0.0,0.0,1,2.4,0.476,2026-08-25 04:00:00,51,76,0.0,20.6,26.4,10.0,2.2,282.0,63.0,2026-08-25 05:53:00,2026-08-25 18:53:00,False,Shimla
14.0,97,14.6,0.0,0.0,0,3.6,0.474,2026-08-25 05:00:00,50,75,0.0,9.2,11.6,6.5,5.7,266.0,85.0,2026-08-25 05:53:00,2026-08-25 18:53:00,False,Shimla
14.3,96,15.2,0.0,0.0,0,1.8,0.474,2026-08-25 06:00:00,48,74,0.15,11.7,13.3,5.9,5.1,261.0,90.0,2026-08-25 05:53:00,2026-08-25 18:53:00,True,Shimla
16.1,95,17.6,0.0,0.0,0,1.8,0.473,2026-08-25 07:00:00,46,74,0.9,8.5,9.5,5.1,4.2,263.0,97.0,2026-08-25 05:53:00,2026-08-25 18:53:00,True,Shimla
18.6,82,20.3,0.0,0.0,1,0.9,0.473,2026-08-25 08:00:00,44,73,2.7,6.9,8.2,4.2,3.5,261.0,106.0,2026-08-25 05:53:00,2026-08-25 18:53:00,True,Shimla
20.5,71,21.9,0.0,0.0,2,1.8,0.472,2026-08-25 09:00:00,51,72,5.35,7.7,10.7,3.1,3.0,248.0,117.0,2026-08-25 05:53:00,2026-08-25 18:53:00,True,Shimla
22.4,63,24.4,0.0,0.0,2,3.9,0.47,2026-08-25 10:00:00,59,72,7.65,8.9,13.0,1.9,2.7,230.0,129.0,2026-08-25 05:53:00,2026-08-25 18:53:00,True,Shimla
22.3,62,24.5,0.1,0.1,51,5.8,0.472,2026-08-25 11:00:00,62,72,5.25,10.2,14.6,1.2,3.0,219.0,139.0,2026-08-25 05:53:00,2026-08-25 18:53:00,True,Shimla
15.8,97,17.5,1.9,1.9,61,0.7,0.485,2026-08-25 12:00:00,63,72,2.5,11.5,16.2,1.2,4.5,220.0,147.0,2026-08-25 05:53:00,2026-08-25 18:53:00,True,Shimla
17.5,94,19.4,1.0,1.0,55,2.3,0.49,2026-08-25 13:00:00,64,73,1.6,14.0,19.4,1.6,6.7,227.0,153.0,2026-08-25 05:53:00,2026-08-25 18:53:00,True,Shimla
21.3,73,23.6,0.2,0.2,51,3.6,0.489,2026-08-25 14:00:00,65,75,3.2,23.0,30.7,2.1,8.0,237.0,159.0,2026-08-25 05:53:00,2026-08-25 18:53:00,True,Shimla
20.7,74,22.6,0.1,0.1,51,6.4,0.487,2026-08-25 15:00:00,67,89,2.15,31.7,40.3,1.8,7.7,242.0,167.0,2026-08-25 05:53:00,2026-08-25 18:53:00,True,Shimla
19.2,79,20.0,0.2,0.2,51,7.1,0.486,2026-08-25 16:00:00,68,104,1.2,27.9,35.2,1.6,6.6,249.0,174.0,2026-08-25 05:53:00,2026-08-25 18:53:00,True,Shimla
17.7,96,19.8,0.6,0.6,53,2.8,0.469,2026-08-25 17:00:00,65,119,0.35,23.5,30.6,4.3,6.4,277.0,158.0,2026-08-25 05:53:00,2026-08-25 18:53:00,True,Shimla
16.9,99,18.9,0.2,0.2,51,3.1,0.47,2026-08-25 18:00:00,63,127,0.05,15.8,20.1,8.1,6.2,350.0,144.0,2026-08-25 05:53:00,2026-08-25 18:53:00,True,Shimla
16.7,100,18.8,0.0,0.0,3,1.5,0.47,2026-08-25 19:00:00,57,130,0.0,13.2,16.3,13.2,6.0,444.0,125.0,2026-08-25 05:53:00,2026-08-25 18:53:00,False,Shimla
16.4,99,18.4,0.0,0.0,3,0.7,0.47,2026-08-25 20:00:00,49,128,0.0,11.8,14.2,16.9,5.6,508.0,108.0,2026-08-25 05:53:00,2026-08-25 18:53:00,False,Shimla
16.0,99,17.7,0.0,0.0,3,2.1,0.47,2026-08-25 21:00:00,46,119,0.0,14.2,16.5,17.8,5.0,519.0,96.0,2026-08-25 05:53:00,2026-08-25 18:53:00,False,Shimla
15.8,98,17.4,0.0,0.0,3,1.9,0.47,2026-08-25 22:00:00,43,107,0.0,15.9,18.6,17.1,4.3,500.0,87.0,2026-08-25 05:53:00,2026-08-25 18:53:00,False,Shimla
15.9,98,17.4,0.0,0.0,3,2.9,0.473,2026-08-25 23:00:00,39,92,0.0,18.0,21.2,15.9,3.6,472.0,81.0,2026-08-25 05:53:00,2026-08-25 18:53:00,False,Shimla
15.5,96,16.9,0.0,0.0,3,1.6,0.473,2026-08-26 00:00:00,37,74,0.0,19.4,23.2,14.1,3.1,439.0,79.0,2026-08-26 05:53:00,2026-08-26 18:52:00,False,Shimla
15.5,95,16.9,0.0,0.0,3,0.7,0.472,2026-08-26 01:00:00,35,66,0.0,19.7,24.0,11.8,2.6,398.0,79.0,2026-08-26 05:53:00,2026-08-26 18:52:00,False,Shimla
15.3,94,16.7,0.0,0.0,3,0.4,0.472,2026-08-26 02:00:00,34,65,0.0,19.4,23.7,10.1,2.2,360.0,78.0,2026-08-26 05:53:00,2026-08-26 18:52:00,False,Shimla
15.2,94,16.4,0.0,0.0,2,1.5,0.472,2026-08-26 03:00:00,33,64,0.0,18.8,23.2,9.6,1.8,326.0,72.0,2026-08-26 05:53:00,2026-08-26 18:52:00,False,Shimla
14.9,95,15.8,0.0,0.0,1,2.7,0.472,2026-08-26 04:00:00,32,63,0.0,18.2,22.4,9.7,1.5,294.0,64.0,2026-08-26 05:53:00,2026-08-26 18:52:00,False,Shimla
15.3,99,16.8,0.0,0.0,2,2.0,0.464,2026-08-26 05:00:00,32,63,0.0,11.3,14.1,10.0,2.0,272.0,65.0,2026-08-26 05:53:00,2026-08-26 18:52:00,False,Shimla
15.1,99,16.5,0.0,0.0,2,2.0,0.464,2026-08-26 06:00:00,32,63,0.15,12.8,15.2,8.4,2.2,265.0,80.0,2026-08-26 05:53:00,2026-08-26 18:52:00,True,Shimla
17.0,94,18.8,0.0,0.0,0,1.9,0.464,2026-08-26 07:00:00,40,63,0.85,12.3,15.2,6.1,2.5,268.0,100.0,2026-08-26 05:53:00,2026-08-26 18:52:00,True,Shimla
18.1,86,19.7,0.0,0.0,0,3.2,0.464,2026-08-26 08:00:00,52,63,2.55,14.9,20.3,4.2,2.9,269.0,118.0,2026-08-26 05:53:00,2026-08-26 18:52:00,True,Shimla
19.9,73,20.9,0.0,0.0,1,4.5,0.463,2026-08-26 09:00:00,60,64,4.85,16.5,23.3,2.8,3.3,261.0,130.0,2026-08-26 05:53:00,2026-08-26 18:52:00,True,Shimla
21.5,67,22.8,0.1,0.1,51,6.7,0.462,2026-08-26 10:00:00,62,65,7.5,16.8,23.6,1.8,3.8,250.0,139.0,2026-08-26 05:53:00,2026-08-26 18:52:00,True,Shimla
21.1,68,22.6,0.0,0.0,1,9.3,0.467,2026-08-26 11:00:00,63,65,9.05,17.8,24.7,1.1,4.2,246.0,145.0,2026-08-26 05:53:00,2026-08-26 18:52:00,True,Shimla
21.7,68,23.4,0.2,0.2,51,10.0,0.466,2026-08-26 12:00:00,63,66,6.05,19.1,26.1,0.8,4.6,252.0,148.0,2026-08-26 05:53:00,2026-08-26 18:52:00,True,Shimla
21.0,75,22.7,0.1,0.1,51,10.3,0.465,2026-08-26 13:00:00,64,67,2.35,20.3,27.1,0.9,5.0,265.0,150.0,2026-08-26 05:53:00,2026-08-26 18:52:00,True,Shimla
21.6,73,23.3,0.1,0.1,51,10.6,0.464,2026-08-26 14:00:00,64,81,0.95,20.5,26.7,1.5,5.5,280.0,150.0,2026-08-26 05:53:00,2026-08-26 18:52:00,True,Shimla
20.6,76,21.8,0.1,0.1,51,9.0,0.463,2026-08-26 15:00:00,64,96,1.9,23.5,29.3,2.3,6.2,290.0,152.0,2026-08-26 05:53:00,2026-08-26 18:52:00,True,Shimla
20.1,79,20.9,0.1,0.1,51,9.3,0.462,2026-08-26 16:00:00,64,107,0.8,27.3,32.7,3.6,7.0,303.0,153.0,2026-08-26 05:53:00,2026-08-26 18:52:00,True,Shimla
18.3,90,19.7,1.5,1.5,61,5.8,0.503,2026-08-26 17:00:00,61,115,0.25,31.4,39.1,7.1,5.3,332.0,136.0,2026-08-26 05:53:00,2026-08-26 18:52:00,True,Shimla
17.1,96,18.9,0.3,0.3,51,2.9,0.5,2026-08-26 18:00:00,57,116,0.0,31.9,38.1,10.6,5.0,397.0,125.0,2026-08-26 05:53:00,2026-08-26 18:52:00,True,Shimla
16.5,99,18.6,0.1,0.1,51,0.5,0.498,2026-08-26 19:00:00,46,113,0.0,22.2,27.0,15.3,4.6,480.0,109.0,2026-08-26 05:53:00,2026-08-26 18:52:00,False,Shimla
16.4,96,17.8,0.0,0.0,0,3.5,0.495,2026-08-26 20:00:00,38,105,0.0,24.3,29.5,18.5,4.2,536.0,96.0,2026-08-26 05:53:00,2026-08-26 18:52:00,False,Shimla
16.2,96,17.7,0.0,0.0,0,2.5,0.493,2026-08-26 21:00:00,39,94,0.0,26.3,31.7,18.7,3.7,545.0,89.0,2026-08-26 05:53:00,2026-08-26 18:52:00,False,Shimla
15.8,96,17.3,0.0,0.0,0,1.5,0.491,2026-08-26 22:00:00,40,81,0.0,27.7,33.4,17.3,3.3,529.0,84.0,2026-08-26 05:53:00,2026-08-26 18:52:00,False,Shimla
16.8,94,18.6,0.0,0.0,2,1.7,0.494,2026-08-26 23:00:00,42,72,0.0,28.6,34.6,15.7,2.8,504.0,81.0,2026-08-26 05:53:00,2026-08-26 18:52:00,False,Shimla
16.1,97,17.9,0.0,0.0,3,1.2,0.492,2026-08-27 00:00:00,44,72,0.0,28.8,34.7,14.1,2.4,474.0,79.0,2026-08-27 05:54:00,2026-08-27 18:51:00,False,Shimla
15.7,97,17.3,0.0,0.0,3,1.0,0.491,2026-08-27 01:00:00,45,73,0.0,28.4,34.3,12.2,2.0,435.0,77.0,2026-08-27 05:54:00,2026-08-27 18:51:00,False,Shimla
15.4,97,16.8,0.0,0.0,3,2.3,0.49,2026-08-27 02:00:00,47,74,0.0,28.2,34.0,10.7,1.6,401.0,76.0,2026-08-27 05:54:00,2026-08-27 18:51:00,False,Shimla
15.0,98,16.4,0.0,0.0,2,1.5,0.488,2026-08-27 03:00:00,48,75,0.0,28.3,34.0,10.1,1.2,375.0,72.0,2026-08-27 05:54:00,2026-08-27 18:51:00,False,Shimla
14.5,99,15.6,0.0,0.0,3,1.6,0.487,2026-08-27 04:00:00,50,75,0.0,28.3,33.9,9.8,0.9,352.0,67.0,2026-08-27 05:54:00,2026-08-27 18:51:00,False,Shimla
15.5,98,17.2,0.0,0.0,2,0.8,0.482,2026-08-27 05:00:00,51,76,0.0,14.5,18.3,4.0,2.4,334.0,116.0,2026-08-27 05:54:00,2026-08-27 18:51:00,False,Shimla
15.5,100,17.0,0.1,0.1,51,2.5,0.482,2026-08-27 06:00:00,53,76,0.1,17.9,21.8,4.2,2.5,321.0,119.0,2026-08-27 05:54:00,2026-08-27 18:51:00,True,Shimla
16.5,98,17.9,0.1,0.1,51,4.5,0.482,2026-08-27 07:00:00,55,77,0.7,17.4,21.9,4.4,2.7,313.0,123.0,2026-08-27 05:54:00,2026-08-27 18:51:00,True,Shimla
17.4,94,18.9,0.1,0.1,51,5.4,0.482,2026-08-27 08:00:00,59,77,2.0,19.4,27.2,4.2,2.9,307.0,129.0,2026-08-27 05:54:00,2026-08-27 18:51:00,True,Shimla
18.4,87,19.3,0.3,0.3,51,8.8,0.483,2026-08-27 09:00:00,61,77,3.7,20.8,31.0,3.3,3.1,305.0,137.0,2026-08-27 05:54:00,2026-08-27 18:51:00,True,Shimla
20.1,75,21.0,0.4,0.4,51,11.6,0.484,2026-08-27 10:00:00,63,78,3.75,21.3,31.1,2.0,3.4,306.0,147.0,2026-08-27 05:54:00,2026-08-27 18:51:00,True,Shimla
20.6,70,21.7,0.2,0.2,51,12.8,0.481,2026-08-27 11:00:00,65,78,4.3,21.0,30.2,1.1,3.9,302.0,155.0,2026-08-27 05:54:00,2026-08-27 18:51:00,True,Shimla
22.0,64,23.3,0.1,0.1,51,14.2,0.479,2026-08-27 12:00:00,65,78,3.45,21.1,29.6,0.8,4.9,288.0,159.0,2026-08-27 05:54:00,2026-08-27 18:51:00,True,Shimla
22.0,62,23.0,0.0,0.0,2,14.6,0.477,2026-08-27 13:00:00,66,97,1.65,21.9,29.7,1.0,6.2,269.0,161.0,2026-08-27 05:54:00,2026-08-27 18:51:00,True,Shimla
21.7,63,22.5,0.1,0.1,51,13.6,0.475,2026-08-27 14:00:00,66,107,0.75,22.6,29.6,1.4,7.2,259.0,161.0,2026-08-27 05:54:00,2026-08-27 18:51:00,True,Shimla
20.9,67,20.8,0.3,0.3,51,13.9,0.474,2026-08-27 15:00:00,66,116,1.35,24.2,30.9,1.9,7.8,263.0,162.0,2026-08-27 05:54:00,2026-08-27 18:51:00,True,Shimla
19.4,78,19.5,0.5,0.5,53,11.9,0.476,2026-08-27 16:00:00,66,124,0.6,27.8,32.7,2.7,8.1,277.0,161.0,2026-08-27 05:54:00,2026-08-27 18:51:00,True,Shimla
17.3,92,18.2,0.1,0.1,51,8.4,0.483,2026-08-27 17:00:00,65,131,0.2,20.0,24.6,4.4,8.0,296.0,156.0,2026-08-27 05:54:00,2026-08-27 18:51:00,True,Shimla
17.7,93,19.5,0.2,0.2,51,3.2,0.483,2026-08-27 18:00:00,62,135,0.0,13.4,16.4,7.9,7.4,323.0,143.0,2026-08-27 05:54:00,2026-08-27 18:51:00,True,Shimla
16.7,97,18.5,0.0,0.0,0,2.9,0.483,2026-08-27 19:00:00,57,134,0.0,12.4,14.9,12.4,6.5,356.0,125.0,2026-08-27 05:54:00,2026-08-27 18:51:00,False,Shimla
16.5,96,18.4,0.0,0.0,0,0.9,0.482,2026-08-27 20:00:00,51,128,0.0,15.7,18.2,16.1,5.5,389.0,108.0,2026-08-27 05:54:00,2026-08-27 18:51:00,False,Shimla
16.4,95,18.0,0.0,0.0,0,1.8,0.481,2026-08-27 21:00:00,49,117,0.0,21.0,23.6,18.8,4.3,428.0,93.0,2026-08-27 05:54:00,2026-08-27 18:51:00,False,Shimla
16.0,94,17.5,0.0,0.0,0,1.5,0.481,2026-08-27 22:00:00,48,102,0.0,25.1,27.8,20.9,3.1,467.0,80.0,2026-08-27 05:54:00,2026-08-27 18:51:00,False,Shimla
16.6,94,18.4,0.0,0.0,1,0.8,0.486,2026-08-27 23:00:00,48,85,0.0,27.5,30.3,21.4,2.2,480.0,71.0,2026-08-27 05:54:00,2026-08-27 18:51:00,False,Shimla
15.7,97,17.4,0.0,0.0,2,1.1,0.485,2026-08-28 00:00:00,48,74,0.0,28.7,31.5,19.5,1.9,446.0,70.0,2026-08-28 05:54:00,2026-08-28 18:49:00,False,Shimla
15.5,98,17.2,0.0,0.0,1,0.7,0.484,2026-08-28 01:00:00,48,74,0.0,25.7,28.8,16.0,1.9,387.0,74.0,2026-08-28 05:54:00,2026-08-28 18:49:00,False,Shimla
15.3,97,16.9,0.0,0.0,1,0.4,0.484,2026-08-28 02:00:00,47,74,0.0,24.6,28.0,13.1,1.9,338.0,77.0,2026-08-28 05:54:00,2026-08-28 18:49:00,False,Shimla
15.2,97,16.6,0.0,0.0,1,0.9,0.483,2026-08-28 03:00:00,47,74,0.0,24.0,27.8,11.6,1.8,316.0,76.0,2026-08-28 05:54:00,2026-08-28 18:49:00,False,Shimla
15.3,97,16.5,0.0,0.0,1,2.6,0.482,2026-08-28 04:00:00,46,74,0.0,23.8,28.0,10.6,1.8,305.0,75.0,2026-08-28 05:54:00,2026-08-28 18:49:00,False,Shimla
16.0,100,17.7,0.0,0.0,3,1.9,0.48,2026-08-28 05:00:00,45,73,0.0,23.2,27.8,6.1,3.5,296.0,86.0,2026-08-28 05:54:00,2026-08-28 18:49:00,False,Shimla
15.5,100,17.2,0.1,0.1,51,0.9,0.48,2026-08-28 06:00:00,47,74,0.15,27.8,32.5,5.4,4.7,288.0,102.0,2026-08-28 05:54:00,2026-08-28 18:49:00,True,Shimla
16.5,96,18.3,0.0,0.0,2,1.2,0.48,2026-08-28 07:00:00,56,75,0.7,22.6,28.8,4.4,6.3,282.0,124.0,2026-08-28 05:54:00,2026-08-28 18:49:00,True,Shimla
17.9,88,19.5,0.0,0.0,2,3.5,0.479,2026-08-28 08:00:00,62,75,2.1,21.3,32.4,3.4,7.4,277.0,141.0,2026-08-28 05:54:00,2026-08-28 18:49:00,True,Shimla
19.8,75,20.7,0.0,0.0,0,6.0,0.479,2026-08-28 09:00:00,63,75,4.1,22.5,35.2,2.5,7.4,273.0,148.0,2026-08-28 05:54:00,2026-08-28 18:49:00,True,Shimla
21.5,65,22.4,0.0,0.0,0,9.1,0.477,2026-08-28 10:00:00,64,75,6.35,21.2,32.8,1.7,6.9,271.0,151.0,2026-08-28 05:54:00,2026-08-28 18:49:00,True,Shimla
22.2,62,23.5,0.1,0.1,51,11.0,0.48,2026-08-28 11:00:00,64,75,7.9,20.6,31.5,1.1,6.8,269.0,153.0,2026-08-28 05:54:00,2026-08-28 18:49:00,True,Shimla
22.2,63,23.8,0.2,0.2,51,11.6,0.479,2026-08-28 12:00:00,65,75,7.6,21.2,31.5,0.8,7.5,265.0,156.0,2026-08-28 05:54:00,2026-08-28 18:49:00,True,Shimla
22.2,63,23.2,0.1,0.1,51,12.2,0.477,2026-08-28 13:00:00,65,92,6.65,22.6,32.5,0.9,8.6,262.0,158.0,2026-08-28 05:54:00,2026-08-28 18:49:00,True,Shimla
22.1,63,22.7,0.0,0.0,1,12.6,0.475,2026-08-28 14:00:00,65,108,4.85,24.7,34.7,1.4,9.3,263.0,157.0,2026-08-28 05:54:00,2026-08-28 18:49:00,True,Shimla
21.7,65,22.0,0.0,0.0,2,13.0,0.473,2026-08-28 15:00:00,64,119,2.6,26.1,36.0,2.5,9.2,268.0,151.0,2026-08-28 05:54:00,2026-08-28 18:49:00,True,Shimla
20.6,72,20.6,0.0,0.0,0,12.3,0.472,2026-08-28 16:00:00,62,125,1.0,25.8,35.6,4.1,8.7,276.0,143.0,2026-08-28 05:54:00,2026-08-28 18:49:00,True,Shimla
19.7,80,20.0,0.0,0.0,0,12.2,0.469,2026-08-28 17:00:00,62,125,0.3,32.4,46.2,4.0,7.6,294.0,141.0,2026-08-28 05:54:00,2026-08-28 18:49:00,True,Shimla
17.9,92,18.9,0.1,0.1,51,8.7,0.469,2026-08-28 18:00:00,60,124,0.0,34.3,44.1,6.8,7.8,326.0,131.0,2026-08-28 05:54:00,2026-08-28 18:49:00,True,Shimla
16.6,100,18.4,0.1,0.1,51,3.3,0.469,2026-08-28 19:00:00,56,120,0.0,29.2,39.3,10.8,8.1,367.0,116.0,2026-08-28 05:54:00,2026-08-28 18:49:00,False,Shimla
16.4,98,18.4,0.0,0.0,1,1.1,0.469,2026-08-28 20:00:00,59,112,0.0,33.1,45.3,14.8,7.8,404.0,100.0,2026-08-28 05:54:00,2026-08-28 18:49:00,False,Shimla
16.5,97,18.4,0.0,0.0,1,0.5,0.469,2026-08-28 21:00:00,60,100,0.0,37.5,49.9,18.9,6.6,436.0,84.0,2026-08-28 05:54:00,2026-08-28 18:49:00,False,Shimla
16.3,96,18.2,0.0,0.0,1,0.6,0.469,2026-08-28 22:00:00,61,84,0.0,41.4,53.6,23.0,4.9,464.0,67.0,2026-08-28 05:54:00,2026-08-28 18:49:00,False,Shimla
16.8,97,18.9,0.0,0.0,1,0.7,0.47,2026-08-28 23:00:00,61,83,0.0,45.3,57.6,25.5,3.5,475.0,54.0,2026-08-28 05:54:00,2026-08-28 18:49:00,False,Shimla
16.2,98,18.1,0.0,0.0,1,0.9,0.47,2026-08-29 00:00:00,62,85,0.0,47.0,59.8,25.3,2.8,461.0,48.0,2026-08-29 05:55:00,2026-08-29 18:48:00,False,Shimla
15.9,99,17.8,0.0,0.0,0,0.9,0.47,2026-08-29 01:00:00,63,86,0.0,45.5,58.8,23.5,2.5,430.0,46.0,2026-08-29 05:55:00,2026-08-29 18:48:00,False,Shimla
15.7,99,17.5,0.0,0.0,1,0.9,0.47,2026-08-29 02:00:00,63,88,0.0,46.1,59.8,21.2,2.3,401.0,46.0,2026-08-29 05:55:00,2026-08-29 18:48:00,False,Shimla
15.8,98,17.5,0.0,0.0,1,0.7,0.47,2026-08-29 03:00:00,64,90,0.0,46.1,60.1,18.8,2.3,378.0,47.0,2026-08-29 05:55:00,2026-08-29 18:48:00,False,Shimla
15.7,97,17.4,0.0,0.0,1,0.7,0.47,2026-08-29 04:00:00,65,91,0.0,45.1,59.1,16.0,2.5,356.0,51.0,2026-08-29 05:55:00,2026-08-29 18:48:00,False,Shimla
16.3,97,18.1,0.0,0.0,2,1.1,0.466,2026-08-29 05:00:00,65,93,0.0,21.9,31.7,5.8,6.2,337.0,92.0,2026-08-29 05:55:00,2026-08-29 18:48:00,False,Shimla
16.4,98,18.4,0.0,0.0,3,0.3,0.466,2026-08-29 06:00:00,65,93,0.05,23.5,33.1,5.1,6.1,321.0,104.0,2026-08-29 05:55:00,2026-08-29 18:48:00,True,Shimla
17.5,92,19.1,0.0,0.0,2,3.2,0.466,2026-08-29 07:00:00,65,93,0.6,24.4,36.3,4.2,6.0,308.0,121.0,2026-08-29 05:55:00,2026-08-29 18:48:00,True,Shimla
19.1,81,20.2,0.0,0.0,1,5.5,0.466,2026-08-29 08:00:00,65,93,2.1,21.4,35.2,3.3,6.0,296.0,136.0,2026-08-29 05:55:00,2026-08-29 18:48:00,True,Shimla
20.8,70,21.5,0.1,0.1,51,7.4,0.465,2026-08-29 09:00:00,65,93,3.95,23.3,37.4,2.5,6.1,286.0,146.0,2026-08-29 05:55:00,2026-08-29 18:48:00,True,Shimla
22.1,65,23.1,0.0,0.0,1,9.4,0.463,2026-08-29 10:00:00,65,93,5.55,23.3,36.1,1.8,6.3,278.0,153.0,2026-08-29 05:55:00,2026-08-29 18:48:00,True,Shimla
23.3,60,24.7,0.0,0.0,1,9.6,0.46,2026-08-29 11:00:00,65,93,6.9,24.4,36.4,1.3,6.7,272.0,159.0,2026-08-29 05:55:00,2026-08-29 18:48:00,True,Shimla
22.7,64,24.4,0.2,0.2,51,11.6,0.46,2026-08-29 12:00:00,66,93,7.5,26.2,37.8,1.2,7.5,269.0,165.0,2026-08-29 05:55:00,2026-08-29 18:48:00,True,Shimla
22.5,65,23.9,0.2,0.2,51,12.4,0.459,2026-08-29 13:00:00,67,95,6.1,28.3,39.7,1.4,8.6,268.0,171.0,2026-08-29 05:55:00,2026-08-29 18:48:00,True,Shimla
22.2,66,23.1,0.2,0.2,51,13.4,0.459,2026-08-29 14:00:00,68,112,3.7,29.4,39.7,1.7,9.3,271.0,173.0,2026-08-29 05:55:00,2026-08-29 18:48:00,True,Shimla
21.1,74,21.7,0.4,0.4,51,13.2,0.46,2026-08-29 15:00:00,68,127,1.7,29.3,39.8,2.1,9.4,278.0,172.0,2026-08-29 05:55:00,2026-08-29 18:48:00,True,Shimla
19.9,82,20.5,0.4,0.4,51,12.3,0.461,2026-08-29 16:00:00,67,138,0.35,24.1,33.6,2.7,9.1,289.0,168.0,2026-08-29 05:55:00,2026-08-29 18:48:00,True,Shimla
19.0,88,20.0,0.1,0.1,51,10.6,0.44,2026-08-29 17:00:00,66,145,0.25,27.5,39.3,4.0,7.7,302.0,157.0,2026-08-29 05:55:00,2026-08-29 18:48:00,True,Shimla
17.6,94,19.0,0.2,0.2,51,6.2,0.442,2026-08-29 18:00:00,66,147,0.0,29.5,40.2,4.7,7.8,317.0,154.0,2026-08-29 05:55:00,2026-08-29 18:48:00,True,Shimla
16.8,99,18.5,0.2,0.2,51,5.0,0.444,2026-08-29 19:00:00,66,147,0.0,22.9,31.4,5.6,7.9,333.0,150.0,2026-08-29 05:55:00,2026-08-29 18:48:00,False,Shimla
16.6,100,18.7,0.0,0.0,3,1.3,0.444,2026-08-29 20:00:00,66,145,0.0,22.1,30.3,6.5,7.8,350.0,144.0,2026-08-29 05:55:00,2026-08-29 18:48:00,False,Shimla
16.5,99,18.7,0.0,0.0,3,0.6,0.445,2026-08-29 21:00:00,65,141,0.0,21.0,28.1,7.5,7.5,372.0,136.0,2026-08-29 05:55:00,2026-08-29 18:48:00,False,Shimla
16.5,98,18.6,0.0,0.0,1,0.5,0.445,2026-08-29 22:00:00,65,133,0.0,21.5,28.1,8.4,7.0,395.0,126.0,2026-08-29 05:55:00,2026-08-29 18:48:00,False,Shimla
16.9,96,18.8,0.0,0.0,2,1.6,0.45,2026-08-29 23:00:00,64,123,0.0,21.5,27.6,8.9,6.5,399.0,118.0,2026-08-29 05:55:00,2026-08-29 18:48:00,False,Shimla
16.3,97,18.2,0.0,0.0,1,0.9,0.45,2026-08-30 00:00:00,63,112,0.0,21.5,27.1,8.5,6.1,369.0,114.0,2026-08-30 05:56:00,2026-08-30 18:47:00,False,Shimla
16.2,97,18.0,0.0,0.0,2,1.0,0.451,2026-08-30 01:00:00,62,100,0.0,18.3,23.0,7.5,5.7,320.0,111.0,2026-08-30 05:56:00,2026-08-30 18:47:00,False,Shimla
16.1,96,17.8,0.0,0.0,3,1.3,0.451,2026-08-30 02:00:00,61,91,0.0,15.6,19.6,6.8,5.4,281.0,109.0,2026-08-30 05:56:00,2026-08-30 18:47:00,False,Shimla
16.0,97,17.8,0.1,0.1,51,0.7,0.452,2026-08-30 03:00:00,60,81,0.0,13.0,16.6,6.6,5.1,263.0,106.0,2026-08-30 05:56:00,2026-08-30 18:47:00,False,Shimla
16.0,96,17.6,0.0,0.0,3,0.9,0.452,2026-08-30 04:00:00,56,79,0.0,11.2,14.5,6.7,4.8,255.0,103.0,2026-08-30 05:56:00,2026-08-30 18:47:00,False,Shimla
16.4,98,18.1,0.0,0.0,2,2.9,0.44,2026-08-30 05:00:00,58,76,0.0,7.5,12.5,4.3,9.7,253.0,127.0,2026-08-30 05:56:00,2026-08-30 18:47:00,False,Shimla
16.1,100,17.6,0.2,0.2,51,4.5,0.443,2026-08-30 06:00:00,58,75,0.05,5.8,8.9,4.6,10.6,258.0,127.0,2026-08-30 05:56:00,2026-08-30 18:47:00,True,Shimla
16.6,99,17.9,0.1,0.1,51,6.5,0.444,2026-08-30 07:00:00,58,73,0.35,6.4,10.8,5.0,11.8,269.0,127.0,2026-08-30 05:56:00,2026-08-30 18:47:00,True,Shimla
17.0,97,18.3,0.1,0.1,51,7.2,0.444,2026-08-30 08:00:00,60,72,1.5,7.3,12.5,4.9,12.1,276.0,130.0,2026-08-30 05:56:00,2026-08-30 18:47:00,True,Shimla
18.4,87,19.5,0.3,0.3,51,7.7,0.446,2026-08-30 09:00:00,61,71,2.1,10.5,17.6,3.7,10.7,274.0,138.0,2026-08-30 05:56:00,2026-08-30 18:47:00,True,Shimla
20.2,76,21.1,0.2,0.2,51,8.7,0.446,2026-08-30 10:00:00,63,72,1.8,12.1,21.9,2.1,8.5,268.0,149.0,2026-08-30 05:56:00,2026-08-30 18:47:00,True,Shimla
22.2,64,23.7,0.4,0.4,51,7.7,0.449,2026-08-30 11:00:00,65,81,2.25,11.8,20.7,1.0,6.9,261.0,156.0,2026-08-30 05:56:00,2026-08-30 18:47:00,True,Shimla
22.4,66,24.3,0.1,0.1,51,11.1,0.448,2026-08-30 12:00:00,64,91,1.55,12.7,21.2,1.0,6.8,254.0,154.0,2026-08-30 05:56:00,2026-08-30 18:47:00,True,Shimla
22.7,66,24.3,0.0,0.0,1,12.8,0.446,2026-08-30 13:00:00,63,102,4.4,17.1,26.4,1.6,7.3,246.0,148.0,2026-08-30 05:56:00,2026-08-30 18:47:00,True,Shimla
19.2,86,20.3,2.0,2.0,61,14.0,0.459,2026-08-30 14:00:00,62,107,2.1,21.8,30.7,2.5,7.6,243.0,142.0,2026-08-30 05:56:00,2026-08-30 18:47:00,True,Shimla
18.6,95,20.5,3.1,3.1,63,6.0,0.486,2026-08-30 15:00:00,61,110,1.05,17.2,25.6,4.0,7.3,246.0,135.0,2026-08-30 05:56:00,2026-08-30 18:47:00,True,Shimla
18.2,95,19.6,1.5,1.5,61,8.1,0.496,2026-08-30 16:00:00,59,112,0.4,20.7,28.6,5.8,6.7,255.0,128.0,2026-08-30 05:56:00,2026-08-30 18:47:00,True,Shimla
17.5,99,19.2,1.5,1.5,61,6.4,0.467,2026-08-30 17:00:00,63,111,0.15,28.3,43.5,3.7,7.0,269.0,145.0,2026-08-30 05:56:00,2026-08-30 18:47:00,True,Shimla
17.4,99,19.5,1.9,1.9,61,3.6,0.486,2026-08-30 18:00:00,62,113,0.0,19.5,28.9,4.7,7.1,295.0,142.0,2026-08-30 05:56:00,2026-08-30 18:47:00,True,Shimla
17.0,100,19.1,0.2,0.2,51,3.1,0.486,2026-08-30 19:00:00,62,111,0.0,18.8,28.9,6.1,7.3,327.0,139.0,2026-08-30 05:56:00,2026-08-30 18:47:00,False,Shimla
16.7,100,18.6,0.1,0.1,51,2.7,0.485,2026-08-30 20:00:00,61,108,0.0,17.9,27.3,7.0,7.4,347.0,136.0,2026-08-30 05:56:00,2026-08-30 18:47:00,False,Shimla
16.6,97,18.6,0.1,0.1,51,1.0,0.485,2026-08-30 21:00:00,61,104,0.0,18.3,27.6,6.9,7.5,347.0,135.0,2026-08-30 05:56:00,2026-08-30 18:47:00,False,Shimla
16.2,99,17.9,0.5,0.5,53,2.3,0.489,2026-08-30 22:00:00,61,101,0.0,17.3,26.0,6.3,7.6,334.0,134.0,2026-08-30 05:56:00,2026-08-30 18:47:00,False,Shimla
16.3,97,17.7,0.4,0.4,51,4.0,0.503,2026-08-30 23:00:00,61,99,0.0,19.4,29.0,5.7,7.5,319.0,133.0,2026-08-30 05:56:00,2026-08-30 18:47:00,False,Shimla
20.2,94,23.4,0.1,0.1,51,2.3,0.497,2026-08-25 00:00:00,22,54,0.0,25.6,29.6,18.2,0.6,378.0,22.0,2026-08-25 05:55:00,2026-08-25 18:58:00,False,Dharamshala
20.3,93,23.4,0.0,0.0,1,2.3,0.496,2026-08-25 01:00:00,23,55,0.0,22.8,26.6,17.3,0.4,329.0,16.0,2026-08-25 05:55:00,2026-08-25 18:58:00,False,Dharamshala
20.7,88,23.7,0.0,0.0,0,1.1,0.495,2026-08-25 02:00:00,24,56,0.0,19.8,23.5,16.6,0.3,294.0,11.0,2026-08-25 05:55:00,2026-08-25 18:58:00,False,Dharamshala
21.0,85,24.1,0.0,0.0,0,0.4,0.494,2026-08-25 03:00:00,25,57,0.0,17.6,21.3,17.0,0.2,284.0,4.0,2026-08-25 05:55:00,2026-08-25 18:58:00,False,Dharamshala
20.8,86,23.9,0.0,0.0,0,0.3,0.493,2026-08-25 04:00:00,26,58,0.0,15.8,19.2,17.6,0.2,288.0,0.0,2026-08-25 05:55:00,2026-08-25 18:58:00,False,Dharamshala
20.4,92,23.3,0.0,0.0,3,3.6,0.508,2026-08-25 05:00:00,27,59,0.0,20.4,25.2,11.5,0.4,294.0,51.0,2026-08-25 05:55:00,2026-08-25 18:58:00,False,Dharamshala
20.6,91,23.7,0.0,0.0,2,2.1,0.505,2026-08-25 06:00:00,29,60,0.15,19.4,23.7,8.9,0.6,301.0,67.0,2026-08-25 05:55:00,2026-08-25 18:58:00,True,Dharamshala
22.7,91,27.1,0.0,0.0,1,1.0,0.502,2026-08-25 07:00:00,36,61,0.95,15.9,18.8,5.3,0.8,311.0,89.0,2026-08-25 05:55:00,2026-08-25 18:58:00,True,Dharamshala
22.3,93,26.3,0.2,0.2,51,3.1,0.501,2026-08-25 08:00:00,45,62,2.9,11.5,17.0,2.5,1.0,311.0,108.0,2026-08-25 05:55:00,2026-08-25 18:58:00,True,Dharamshala
23.4,87,27.0,0.0,0.0,0,5.4,0.499,2026-08-25 09:00:00,55,63,5.0,13.3,20.2,1.4,1.2,293.0,122.0,2026-08-25 05:55:00,2026-08-25 18:58:00,True,Dharamshala
24.3,82,28.4,0.0,0.0,0,7.3,0.496,2026-08-25 10:00:00,60,64,6.75,13.7,20.7,1.0,1.3,265.0,132.0,2026-08-25 05:55:00,2026-08-25 18:58:00,True,Dharamshala
25.1,78,29.7,0.0,0.0,1,7.3,0.506,2026-08-25 11:00:00,62,65,8.5,14.2,21.0,0.9,1.4,245.0,140.0,2026-08-25 05:55:00,2026-08-25 18:58:00,True,Dharamshala
25.2,79,30.2,0.3,0.3,51,7.1,0.502,2026-08-25 12:00:00,63,65,8.4,14.7,21.2,0.7,1.5,238.0,144.0,2026-08-25 05:55:00,2026-08-25 18:58:00,True,Dharamshala
25.2,79,30.5,0.3,0.3,51,6.6,0.5,2026-08-25 13:00:00,63,66,7.9,14.9,21.1,0.7,1.6,239.0,144.0,2026-08-25 05:55:00,2026-08-25 18:58:00,True,Dharamshala
25.1,79,29.7,0.1,0.1,51,6.4,0.497,2026-08-25 14:00:00,63,68,5.65,15.8,22.1,0.8,1.6,245.0,144.0,2026-08-25 05:55:00,2026-08-25 18:58:00,True,Dharamshala
24.8,81,28.9,0.1,0.1,51,5.9,0.494,2026-08-25 15:00:00,63,84,2.45,15.5,21.7,0.5,1.6,253.0,146.0,2026-08-25 05:55:00,2026-08-25 18:58:00,True,Dharamshala
23.7,84,27.5,0.5,0.5,53,3.4,0.495,2026-08-25 16:00:00,63,96,1.1,15.1,20.9,0.4,1.6,267.0,148.0,2026-08-25 05:55:00,2026-08-25 18:58:00,True,Dharamshala
23.4,90,27.7,0.0,0.0,1,3.6,0.484,2026-08-25 17:00:00,62,105,0.45,22.2,29.9,2.2,1.9,294.0,141.0,2026-08-25 05:55:00,2026-08-25 18:58:00,True,Dharamshala
21.9,96,26.1,0.7,0.7,53,2.3,0.488,2026-08-25 18:00:00,56,109,0.05,24.7,32.0,6.4,1.6,351.0,124.0,2026-08-25 05:55:00,2026-08-25 18:58:00,True,Dharamshala
20.9,96,24.2,1.3,1.3,61,5.1,0.497,2026-08-25 19:00:00,40,107,0.0,27.7,33.2,12.2,1.1,421.0,100.0,2026-08-25 05:55:00,2026-08-25 18:58:00,False,Dharamshala
21.3,91,24.7,0.1,0.1,51,2.7,0.496,2026-08-25 20:00:00,39,99,0.0,32.5,38.0,16.5,0.8,464.0,79.0,2026-08-25 05:55:00,2026-08-25 18:58:00,False,Dharamshala
22.5,81,25.9,0.0,0.0,1,0.2,0.495,2026-08-25 21:00:00,39,85,0.0,34.2,39.2,18.0,0.6,458.0,65.0,2026-08-25 05:55:00,2026-08-25 18:58:00,False,Dharamshala
22.2,83,25.6,0.1,0.1,51,0.0,0.494,2026-08-25 22:00:00,40,71,0.0,34.1,38.6,18.0,0.6,425.0,55.0,2026-08-25 05:55:00,2026-08-25 18:58:00,False,Dharamshala
21.5,86,24.8,0.0,0.0,0,1.4,0.502,2026-08-25 23:00:00,41,71,0.0,33.1,37.6,17.5,0.5,390.0,47.0,2026-08-25 05:55:00,2026-08-25 18:58:00,False,Dharamshala
21.3,84,24.4,0.0,0.0,0,0.6,0.5,2026-08-26 00:00:00,42,72,0.0,31.3,35.7,16.7,0.4,356.0,42.0,2026-08-26 05:56:00,2026-08-26 18:56:00,False,Dharamshala
21.4,81,24.3,0.0,0.0,0,0.2,0.498,2026-08-26 01:00:00,43,72,0.0,29.6,33.9,15.4,0.3,320.0,39.0,2026-08-26 05:56:00,2026-08-26 18:56:00,False,Dharamshala
21.1,82,23.9,0.0,0.0,1,0.4,0.497,2026-08-26 02:00:00,45,73,0.0,28.2,32.4,14.5,0.2,299.0,37.0,2026-08-26 05:56:00,2026-08-26 18:56:00,False,Dharamshala
20.8,82,23.3,0.0,0.0,3,1.7,0.496,2026-08-26 03:00:00,46,74,0.0,27.1,31.1,14.9,0.1,303.0,31.0,2026-08-26 05:56:00,2026-08-26 18:56:00,False,Dharamshala
20.8,82,23.6,0.0,0.0,3,0.4,0.495,2026-08-26 04:00:00,47,74,0.0,26.1,30.0,15.6,0.1,322.0,24.0,2026-08-26 05:56:00,2026-08-26 18:56:00,False,Dharamshala
20.8,89,23.8,0.2,0.2,51,2.3,0.49,2026-08-26 05:00:00,49,75,0.0,27.2,31.3,16.0,0.2,338.0,29.0,2026-08-26 05:56:00,2026-08-26 18:56:00,False,Dharamshala
20.4,93,23.9,0.1,0.1,51,0.6,0.49,2026-08-26 06:00:00,50,76,0.15,24.4,28.6,12.1,0.5,348.0,55.0,2026-08-26 05:56:00,2026-08-26 18:56:00,True,Dharamshala
21.8,97,26.1,0.1,0.1,51,1.1,0.49,2026-08-26 07:00:00,51,76,0.9,19.4,23.0,6.6,1.0,356.0,92.0,2026-08-26 05:56:00,2026-08-26 18:56:00,True,Dharamshala
21.8,99,26.2,0.3,0.3,51,2.3,0.491,2026-08-26 08:00:00,54,76,2.8,17.3,23.2,2.5,1.4,358.0,121.0,2026-08-26 05:56:00,2026-08-26 18:56:00,True,Dharamshala
22.9,92,26.8,0.5,0.5,53,5.2,0.492,2026-08-26 09:00:00,61,77,5.3,17.8,24.0,1.1,1.6,351.0,137.0,2026-08-26 05:56:00,2026-08-26 18:56:00,True,Dharamshala
23.6,86,27.8,0.3,0.3,51,4.9,0.491,2026-08-26 10:00:00,63,77,7.1,17.3,23.4,1.0,1.7,339.0,145.0,2026-08-26 05:56:00,2026-08-26 18:56:00,True,Dharamshala
21.4,91,25.1,0.4,0.4,51,7.5,0.491,2026-08-26 11:00:00,64,77,8.15,17.2,22.7,1.0,1.7,330.0,151.0,2026-08-26 05:56:00,2026-08-26 18:56:00,True,Dharamshala
24.5,85,30.0,1.2,1.2,55,4.4,0.496,2026-08-26 12:00:00,64,78,9.45,16.9,22.1,0.8,1.7,327.0,154.0,2026-08-26 05:56:00,2026-08-26 18:56:00,True,Dharamshala
25.3,77,30.3,0.7,0.7,53,7.6,0.496,2026-08-26 13:00:00,64,78,4.6,17.1,22.3,0.7,1.6,326.0,154.0,2026-08-26 05:56:00,2026-08-26 18:56:00,True,Dharamshala
24.5,85,28.8,0.5,0.5,53,4.0,0.496,2026-08-26 14:00:00,64,81,1.9,15.8,20.4,0.9,1.5,329.0,153.0,2026-08-26 05:56:00,2026-08-26 18:56:00,True,Dharamshala
24.5,84,28.8,0.7,0.7,53,4.2,0.496,2026-08-26 15:00:00,64,102,1.05,14.3,18.2,0.9,1.5,331.0,152.0,2026-08-26 05:56:00,2026-08-26 18:56:00,True,Dharamshala
23.5,90,28.0,0.7,0.7,53,1.9,0.497,2026-08-26 16:00:00,64,115,0.7,13.4,16.8,1.0,1.5,337.0,150.0,2026-08-26 05:56:00,2026-08-26 18:56:00,True,Dharamshala
22.8,90,26.5,0.3,0.3,51,5.6,0.496,2026-08-26 17:00:00,63,121,0.3,31.0,40.7,2.2,2.1,359.0,147.0,2026-08-26 05:56:00,2026-08-26 18:56:00,True,Dharamshala
22.6,97,27.3,0.2,0.2,51,2.0,0.495,2026-08-26 18:00:00,58,123,0.05,33.2,42.1,6.6,1.9,411.0,127.0,2026-08-26 05:56:00,2026-08-26 18:56:00,True,Dharamshala
21.9,97,26.2,0.2,0.2,51,1.5,0.495,2026-08-26 19:00:00,58,119,0.0,36.6,43.8,12.8,1.6,479.0,100.0,2026-08-26 05:56:00,2026-08-26 18:56:00,False,Dharamshala
22.2,92,26.4,0.6,0.6,53,0.6,0.497,2026-08-26 20:00:00,59,108,0.0,37.1,43.8,17.6,1.3,531.0,77.0,2026-08-26 05:56:00,2026-08-26 18:56:00,False,Dharamshala
22.0,91,26.0,0.0,0.0,3,1.5,0.496,2026-08-26 21:00:00,60,92,0.0,38.8,45.2,19.8,1.1,557.0,63.0,2026-08-26 05:56:00,2026-08-26 18:56:00,False,Dharamshala
22.0,88,25.8,0.1,0.1,51,0.7,0.495,2026-08-26 22:00:00,60,81,0.0,39.7,45.9,20.6,0.9,567.0,53.0,2026-08-26 05:56:00,2026-08-26 18:56:00,False,Dharamshala
21.4,91,25.0,0.0,0.0,3,1.9,0.497,2026-08-26 23:00:00,60,81,0.0,39.6,45.5,20.8,0.7,554.0,46.0,2026-08-26 05:56:00,2026-08-26 18:56:00,False,Dharamshala
21.1,90,24.6,0.0,0.0,3,0.9,0.496,2026-08-27 00:00:00,61,81,0.0,38.8,44.5,20.5,0.6,504.0,40.0,2026-08-27 05:56:00,2026-08-27 18:55:00,False,Dharamshala
20.9,94,24.5,0.1,0.1,51,1.4,0.495,2026-08-27 01:00:00,61,82,0.0,37.4,43.1,19.7,0.5,432.0,37.0,2026-08-27 05:56:00,2026-08-27 18:55:00,False,Dharamshala
20.7,91,24.1,0.1,0.1,51,0.4,0.494,2026-08-27 02:00:00,61,83,0.0,35.0,40.5,18.4,0.4,372.0,36.0,2026-08-27 05:56:00,2026-08-27 18:55:00,False,Dharamshala
21.0,85,24.0,0.0,0.0,1,1.3,0.493,2026-08-27 03:00:00,61,83,0.0,33.1,38.4,16.8,0.3,337.0,37.0,2026-08-27 05:56:00,2026-08-27 18:55:00,False,Dharamshala
20.2,91,23.1,0.1,0.1,51,2.2,0.493,2026-08-27 04:00:00,61,84,0.0,31.1,36.2,14.9,0.2,316.0,41.0,2026-08-27 05:56:00,2026-08-27 18:55:00,False,Dharamshala
22.1,79,25.1,0.2,0.2,51,1.0,0.496,2026-08-27 05:00:00,62,84,0.0,29.5,36.2,8.3,0.7,308.0,88.0,2026-08-27 05:56:00,2026-08-27 18:55:00,False,Dharamshala
20.7,91,24.0,0.0,0.0,0,1.6,0.495,2026-08-27 06:00:00,62,84,0.1,30.7,37.1,6.7,0.8,323.0,97.0,2026-08-27 05:56:00,2026-08-27 18:55:00,True,Dharamshala
21.6,97,25.6,0.0,0.0,0,2.5,0.493,2026-08-27 07:00:00,62,85,0.85,29.6,34.7,4.4,0.9,351.0,110.0,2026-08-27 05:56:00,2026-08-27 18:55:00,True,Dharamshala
22.0,97,26.3,0.1,0.1,51,2.4,0.492,2026-08-27 08:00:00,62,86,2.65,21.8,27.7,2.6,1.1,367.0,123.0,2026-08-27 05:56:00,2026-08-27 18:55:00,True,Dharamshala
22.2,95,26.2,0.8,0.8,53,4.5,0.495,2026-08-27 09:00:00,62,86,4.8,20.2,27.0,1.7,1.4,357.0,134.0,2026-08-27 05:56:00,2026-08-27 18:55:00,True,Dharamshala
23.4,87,27.6,0.6,0.6,53,4.8,0.495,2026-08-27 10:00:00,63,86,6.65,19.7,26.5,1.2,1.8,335.0,145.0,2026-08-27 05:56:00,2026-08-27 18:55:00,True,Dharamshala
23.4,86,27.6,0.4,0.4,51,7.5,0.509,2026-08-27 11:00:00,64,86,7.55,19.8,26.5,0.9,2.1,317.0,153.0,2026-08-27 05:56:00,2026-08-27 18:55:00,True,Dharamshala
24.8,80,29.2,0.5,0.5,53,6.0,0.505,2026-08-27 12:00:00,65,86,8.8,19.3,25.7,0.7,2.3,309.0,156.0,2026-08-27 05:56:00,2026-08-27 18:55:00,True,Dharamshala
24.2,83,29.2,0.4,0.4,51,7.9,0.501,2026-08-27 13:00:00,65,87,6.05,18.7,25.4,0.6,2.4,304.0,155.0,2026-08-27 05:56:00,2026-08-27 18:55:00,True,Dharamshala
23.7,89,28.1,1.2,1.2,55,2.4,0.503,2026-08-27 14:00:00,64,95,2.45,18.3,25.0,0.8,2.5,305.0,153.0,2026-08-27 05:56:00,2026-08-27 18:55:00,True,Dharamshala
24.9,79,28.3,0.3,0.3,51,6.6,0.501,2026-08-27 15:00:00,64,107,1.0,16.6,22.6,0.8,2.5,306.0,151.0,2026-08-27 05:56:00,2026-08-27 18:55:00,True,Dharamshala
24.1,85,28.1,0.5,0.5,53,4.9,0.5,2026-08-27 16:00:00,63,115,1.2,16.8,22.3,0.9,2.3,312.0,147.0,2026-08-27 05:56:00,2026-08-27 18:55:00,True,Dharamshala
23.0,94,27.2,1.2,1.2,55,4.8,0.489,2026-08-27 17:00:00,63,120,0.4,17.9,23.3,2.6,2.2,338.0,138.0,2026-08-27 05:56:00,2026-08-27 18:55:00,True,Dharamshala
23.1,96,28.2,0.2,0.2,51,1.0,0.489,2026-08-27 18:00:00,63,121,0.05,13.6,17.5,7.2,2.0,404.0,121.0,2026-08-27 05:56:00,2026-08-27 18:55:00,True,Dharamshala
22.3,99,27.2,0.0,0.0,1,1.7,0.489,2026-08-27 19:00:00,62,116,0.0,15.9,19.0,13.2,1.8,489.0,99.0,2026-08-27 05:56:00,2026-08-27 18:55:00,False,Dharamshala
22.0,96,26.5,0.0,0.0,1,1.0,0.488,2026-08-27 20:00:00,61,105,0.0,19.2,22.1,17.8,1.6,549.0,78.0,2026-08-27 05:56:00,2026-08-27 18:55:00,False,Dharamshala
22.0,90,25.9,0.0,0.0,1,1.2,0.487,2026-08-27 21:00:00,61,88,0.0,21.5,24.0,19.7,1.3,568.0,60.0,2026-08-27 05:56:00,2026-08-27 18:55:00,False,Dharamshala
21.5,90,25.2,0.0,0.0,2,1.2,0.486,2026-08-27 22:00:00,60,80,0.0,22.5,24.7,20.1,1.1,561.0,44.0,2026-08-27 05:56:00,2026-08-27 18:55:00,False,Dharamshala
21.1,89,24.3,0.0,0.0,3,2.0,0.5,2026-08-27 23:00:00,58,79,0.0,22.3,24.3,20.0,0.8,532.0,31.0,2026-08-27 05:56:00,2026-08-27 18:55:00,False,Dharamshala
20.5,90,23.5,0.0,0.0,2,1.7,0.497,2026-08-28 00:00:00,55,78,0.0,21.0,23.1,19.8,0.6,463.0,21.0,2026-08-28 05:57:00,2026-08-28 18:54:00,False,Dharamshala
20.9,87,24.0,0.0,0.0,2,0.6,0.495,2026-08-28 01:00:00,52,76,0.0,19.7,21.7,19.2,0.4,371.0,15.0,2026-08-28 05:57:00,2026-08-28 18:54:00,False,Dharamshala
20.6,88,23.6,0.0,0.0,3,1.7,0.494,2026-08-28 02:00:00,49,75,0.0,18.5,20.5,17.8,0.3,308.0,16.0,2026-08-28 05:57:00,2026-08-28 18:54:00,False,Dharamshala
21.5,85,24.6,0.1,0.1,51,1.1,0.493,2026-08-28 03:00:00,46,74,0.0,17.4,19.5,15.3,0.3,301.0,27.0,2026-08-28 05:57:00,2026-08-28 18:54:00,False,Dharamshala
21.2,90,24.6,0.2,0.2,51,1.3,0.493,2026-08-28 04:00:00,44,72,0.0,16.1,18.5,12.2,0.3,322.0,46.0,2026-08-28 05:57:00,2026-08-28 18:54:00,False,Dharamshala
20.8,95,24.5,0.1,0.1,51,1.3,0.497,2026-08-28 05:00:00,41,71,0.0,16.0,18.0,7.0,0.3,341.0,59.0,2026-08-28 05:57:00,2026-08-28 18:54:00,False,Dharamshala
21.6,87,25.1,0.2,0.2,51,0.7,0.497,2026-08-28 06:00:00,39,70,0.15,16.2,18.2,6.0,0.4,350.0,66.0,2026-08-28 05:57:00,2026-08-28 18:54:00,True,Dharamshala
21.6,96,25.7,0.1,0.1,51,1.8,0.496,2026-08-28 07:00:00,38,69,0.75,15.4,17.5,4.7,0.6,356.0,77.0,2026-08-28 05:57:00,2026-08-28 18:54:00,True,Dharamshala
22.0,93,25.9,0.1,0.1,51,2.3,0.495,2026-08-28 08:00:00,37,68,2.6,13.8,16.5,3.4,0.9,356.0,90.0,2026-08-28 05:57:00,2026-08-28 18:54:00,True,Dharamshala
23.0,92,27.1,0.1,0.1,51,4.3,0.493,2026-08-28 09:00:00,46,67,5.25,12.3,15.5,2.4,1.2,343.0,109.0,2026-08-28 05:57:00,2026-08-28 18:54:00,True,Dharamshala
23.0,89,27.0,0.0,0.0,2,7.1,0.491,2026-08-28 10:00:00,60,67,7.25,11.5,15.3,1.4,1.6,322.0,132.0,2026-08-28 05:57:00,2026-08-28 18:54:00,True,Dharamshala
23.9,89,29.1,0.7,0.7,53,5.6,0.494,2026-08-28 11:00:00,63,66,8.55,11.8,15.8,0.8,1.9,308.0,148.0,2026-08-28 05:57:00,2026-08-28 18:54:00,True,Dharamshala
24.9,80,29.8,0.6,0.6,53,5.5,0.494,2026-08-28 12:00:00,64,65,7.85,12.6,17.1,0.6,2.2,304.0,153.0,2026-08-28 05:57:00,2026-08-28 18:54:00,True,Dharamshala
25.2,78,29.6,0.1,0.1,51,6.2,0.491,2026-08-28 13:00:00,64,65,7.2,13.4,18.7,0.6,2.5,307.0,152.0,2026-08-28 05:57:00,2026-08-28 18:54:00,True,Dharamshala
24.9,80,29.4,0.5,0.5,53,6.4,0.49,2026-08-28 14:00:00,64,64,4.8,14.3,20.1,0.9,2.8,312.0,150.0,2026-08-28 05:57:00,2026-08-28 18:54:00,True,Dharamshala
23.4,93,27.5,2.0,2.0,61,6.5,0.5,2026-08-28 15:00:00,63,82,2.85,15.3,21.5,0.9,3.0,317.0,149.0,2026-08-28 05:57:00,2026-08-28 18:54:00,True,Dharamshala
23.4,95,28.2,1.6,1.6,61,3.2,0.506,2026-08-28 16:00:00,63,97,1.4,16.3,23.2,1.1,3.2,325.0,148.0,2026-08-28 05:57:00,2026-08-28 18:54:00,True,Dharamshala
22.7,94,26.9,1.4,1.4,61,4.4,0.494,2026-08-28 17:00:00,62,109,0.4,24.6,34.5,2.2,3.0,344.0,140.0,2026-08-28 05:57:00,2026-08-28 18:54:00,True,Dharamshala
23.2,93,27.9,1.8,1.8,61,1.2,0.506,2026-08-28 18:00:00,57,116,0.05,25.9,35.4,6.2,2.6,384.0,125.0,2026-08-28 05:57:00,2026-08-28 18:54:00,True,Dharamshala
22.4,97,27.0,0.5,0.5,53,2.1,0.506,2026-08-28 19:00:00,43,114,0.0,30.6,38.8,11.7,2.1,435.0,105.0,2026-08-28 05:57:00,2026-08-28 18:54:00,False,Dharamshala
22.5,98,27.3,0.3,0.3,51,2.0,0.504,2026-08-28 20:00:00,36,105,0.0,34.6,42.5,16.2,1.6,478.0,85.0,2026-08-28 05:57:00,2026-08-28 18:54:00,False,Dharamshala
22.5,100,27.5,0.1,0.1,51,1.9,0.502,2026-08-28 21:00:00,37,91,0.0,37.6,45.1,18.8,1.2,513.0,66.0,2026-08-28 05:57:00,2026-08-28 18:54:00,False,Dharamshala
22.3,100,27.4,0.3,0.3,51,0.5,0.502,2026-08-28 22:00:00,38,72,0.0,39.2,45.9,20.3,0.8,538.0,49.0,2026-08-28 05:57:00,2026-08-28 18:54:00,False,Dharamshala
21.7,100,26.0,0.7,0.7,53,3.4,0.509,2026-08-28 23:00:00,40,70,0.0,38.9,43.5,20.3,0.6,533.0,38.0,2026-08-28 05:57:00,2026-08-28 18:54:00,False,Dharamshala
21.3,97,25.5,0.0,0.0,2,1.5,0.504,2026-08-29 00:00:00,42,72,0.0,35.9,39.1,18.0,0.5,470.0,39.0,2026-08-29 05:57:00,2026-08-29 18:53:00,False,Dharamshala
21.2,95,25.2,0.0,0.0,3,0.6,0.502,2026-08-29 01:00:00,45,73,0.0,32.1,34.8,14.3,0.6,375.0,48.0,2026-08-29 05:57:00,2026-08-29 18:53:00,False,Dharamshala
21.9,89,25.8,0.1,0.1,51,0.2,0.5,2026-08-29 02:00:00,47,74,0.0,29.2,32.9,11.3,0.6,307.0,53.0,2026-08-29 05:57:00,2026-08-29 18:53:00,False,Dharamshala
21.6,92,25.5,0.0,0.0,3,0.4,0.499,2026-08-29 03:00:00,49,75,0.0,27.8,31.2,10.1,0.5,292.0,48.0,2026-08-29 05:57:00,2026-08-29 18:53:00,False,Dharamshala
21.5,93,25.5,0.0,0.0,3,0.6,0.497,2026-08-29 04:00:00,50,76,0.0,26.5,29.5,9.7,0.3,304.0,40.0,2026-08-29 05:57:00,2026-08-29 18:53:00,False,Dharamshala
21.9,95,26.0,0.2,0.2,51,1.6,0.506,2026-08-29 05:00:00,52,76,0.0,24.7,27.7,6.3,0.5,315.0,51.0,2026-08-29 05:57:00,2026-08-29 18:53:00,False,Dharamshala
21.6,96,25.9,0.3,0.3,51,0.8,0.505,2026-08-29 06:00:00,53,77,0.15,24.4,27.6,5.3,0.9,318.0,66.0,2026-08-29 05:57:00,2026-08-29 18:53:00,True,Dharamshala
21.7,95,26.0,0.5,0.5,53,1.0,0.505,2026-08-29 07:00:00,55,78,0.8,23.5,26.1,3.8,1.4,321.0,86.0,2026-08-29 05:57:00,2026-08-29 18:53:00,True,Dharamshala
22.4,97,27.0,0.6,0.6,53,2.0,0.505,2026-08-29 08:00:00,56,78,2.5,21.8,27.9,2.6,1.8,319.0,105.0,2026-08-29 05:57:00,2026-08-29 18:53:00,True,Dharamshala
23.2,98,28.0,0.1,0.1,51,4.3,0.503,2026-08-29 09:00:00,57,79,4.75,19.8,26.1,1.9,2.0,306.0,120.0,2026-08-29 05:57:00,2026-08-29 18:53:00,True,Dharamshala
23.1,92,27.1,0.6,0.6,53,5.8,0.503,2026-08-29 10:00:00,61,80,6.25,18.7,24.7,1.3,2.0,288.0,133.0,2026-08-29 05:57:00,2026-08-29 18:53:00,True,Dharamshala
23.0,96,27.5,1.1,1.1,55,4.8,0.499,2026-08-29 11:00:00,62,80,7.15,18.4,24.3,1.0,2.0,276.0,142.0,2026-08-29 05:57:00,2026-08-29 18:53:00,True,Dharamshala
24.6,89,30.2,0.3,0.3,51,4.6,0.499,2026-08-29 12:00:00,63,81,7.4,17.8,23.5,0.7,2.0,276.0,147.0,2026-08-29 05:57:00,2026-08-29 18:53:00,True,Dharamshala
25.3,83,30.0,0.3,0.3,51,6.7,0.497,2026-08-29 13:00:00,63,81,5.9,16.6,22.1,0.6,2.0,283.0,148.0,2026-08-29 05:57:00,2026-08-29 18:53:00,True,Dharamshala
24.6,88,29.2,0.3,0.3,51,4.7,0.496,2026-08-29 14:00:00,63,81,2.6,16.1,21.7,0.9,2.0,293.0,146.0,2026-08-29 05:57:00,2026-08-29 18:53:00,True,Dharamshala
24.8,86,29.3,0.2,0.2,51,4.1,0.495,2026-08-29 15:00:00,62,85,1.1,15.2,20.7,1.3,2.0,297.0,142.0,2026-08-29 05:57:00,2026-08-29 18:53:00,True,Dharamshala
24.3,86,28.4,0.4,0.4,51,4.6,0.495,2026-08-29 16:00:00,61,97,0.4,13.8,18.9,2.1,2.0,304.0,135.0,2026-08-29 05:57:00,2026-08-29 18:53:00,True,Dharamshala
23.7,92,28.1,0.7,0.7,53,4.9,0.489,2026-08-29 17:00:00,60,103,0.15,19.3,27.1,2.8,1.8,336.0,131.0,2026-08-29 05:57:00,2026-08-29 18:53:00,True,Dharamshala
23.0,97,28.0,0.3,0.3,51,1.8,0.489,2026-08-29 18:00:00,60,106,0.0,17.1,23.1,7.1,1.6,423.0,114.0,2026-08-29 05:57:00,2026-08-29 18:53:00,True,Dharamshala
22.5,98,27.2,0.4,0.4,51,1.9,0.491,2026-08-29 19:00:00,60,102,0.0,14.4,17.9,13.1,1.4,535.0,89.0,2026-08-29 05:57:00,2026-08-29 18:53:00,False,Dharamshala
22.6,98,27.6,0.6,0.6,53,0.6,0.494,2026-08-29 20:00:00,57,90,0.0,16.4,20.0,17.8,1.2,608.0,68.0,2026-08-29 05:57:00,2026-08-29 18:53:00,False,Dharamshala
22.4,96,27.1,0.3,0.3,51,0.4,0.496,2026-08-29 21:00:00,54,77,0.0,19.2,23.2,20.3,1.0,608.0,52.0,2026-08-29 05:57:00,2026-08-29 18:53:00,False,Dharamshala
22.0,96,26.4,0.2,0.2,51,0.7,0.496,2026-08-29 22:00:00,51,76,0.0,20.5,24.6,21.5,0.9,568.0,40.0,2026-08-29 05:57:00,2026-08-29 18:53:00,False,Dharamshala
21.7,93,25.7,0.2,0.2,51,1.5,0.503,2026-08-29 23:00:00,48,75,0.0,20.8,24.7,21.0,0.8,521.0,35.0,2026-08-29 05:57:00,2026-08-29 18:53:00,False,Dharamshala
21.2,93,24.8,0.0,0.0,1,1.7,0.501,2026-08-30 00:00:00,45,73,0.0,19.0,23.1,17.6,0.7,470.0,42.0,2026-08-30 05:58:00,2026-08-30 18:52:00,False,Dharamshala
21.5,89,25.1,0.0,0.0,2,1.0,0.499,2026-08-30 01:00:00,42,72,0.0,18.6,22.3,12.4,0.6,411.0,55.0,2026-08-30 05:58:00,2026-08-30 18:52:00,False,Dharamshala
21.6,93,25.6,0.0,0.0,1,0.3,0.498,2026-08-30 02:00:00,40,71,0.0,18.4,21.7,8.6,0.5,367.0,64.0,2026-08-30 05:58:00,2026-08-30 18:52:00,False,Dharamshala
21.4,88,24.9,0.0,0.0,1,0.3,0.497,2026-08-30 03:00:00,39,70,0.0,17.9,20.8,7.7,0.4,350.0,62.0,2026-08-30 05:58:00,2026-08-30 18:52:00,False,Dharamshala
21.3,88,24.8,0.0,0.0,1,0.3,0.496,2026-08-30 04:00:00,38,69,0.0,16.9,19.5,8.0,0.3,347.0,55.0,2026-08-30 05:58:00,2026-08-30 18:52:00,False,Dharamshala
21.5,100,26.0,0.0,0.0,3,0.9,0.497,2026-08-30 05:00:00,37,68,0.0,18.6,21.5,8.1,0.4,344.0,49.0,2026-08-30 05:58:00,2026-08-30 18:52:00,False,Dharamshala
21.5,100,25.7,0.1,0.1,51,3.1,0.497,2026-08-30 06:00:00,37,68,0.1,18.5,21.2,6.5,0.6,336.0,61.0,2026-08-30 05:58:00,2026-08-30 18:52:00,True,Dharamshala
21.8,100,26.0,0.3,0.3,51,4.2,0.498,2026-08-30 07:00:00,36,67,0.85,16.6,18.6,4.3,0.8,328.0,79.0,2026-08-30 05:58:00,2026-08-30 18:52:00,True,Dharamshala
21.6,100,25.9,0.5,0.5,53,3.1,0.5,2026-08-30 08:00:00,38,67,2.65,11.9,14.4,2.5,1.0,319.0,96.0,2026-08-30 05:58:00,2026-08-30 18:52:00,True,Dharamshala
21.9,99,26.2,0.5,0.5,53,3.6,0.501,2026-08-30 09:00:00,49,66,4.95,9.7,12.5,1.6,1.2,309.0,113.0,2026-08-30 05:58:00,2026-08-30 18:52:00,True,Dharamshala
23.3,91,27.6,0.5,0.5,53,3.6,0.501,2026-08-30 10:00:00,59,65,6.8,9.7,12.9,1.0,1.5,298.0,129.0,2026-08-30 05:58:00,2026-08-30 18:52:00,True,Dharamshala
23.9,91,29.1,0.1,0.1,51,4.8,0.491,2026-08-30 11:00:00,62,65,8.2,10.7,14.1,0.7,1.7,289.0,141.0,2026-08-30 05:58:00,2026-08-30 18:52:00,True,Dharamshala
25.2,78,29.8,0.1,0.1,51,4.2,0.49,2026-08-30 12:00:00,63,64,7.9,11.4,15.1,0.5,1.8,280.0,146.0,2026-08-30 05:58:00,2026-08-30 18:52:00,True,Dharamshala
25.6,77,30.4,0.3,0.3,51,7.8,0.488,2026-08-30 13:00:00,63,63,3.45,11.2,15.1,0.5,2.0,272.0,146.0,2026-08-30 05:58:00,2026-08-30 18:52:00,True,Dharamshala
24.8,82,29.8,0.5,0.5,53,3.2,0.489,2026-08-30 14:00:00,63,63,2.6,11.2,15.0,0.6,2.0,270.0,144.0,2026-08-30 05:58:00,2026-08-30 18:52:00,True,Dharamshala
25.6,78,29.5,0.0,0.0,0,5.1,0.487,2026-08-30 15:00:00,62,78,2.5,12.0,15.8,0.5,2.0,273.0,143.0,2026-08-30 05:58:00,2026-08-30 18:52:00,True,Dharamshala
24.0,85,27.7,0.4,0.4,51,6.1,0.487,2026-08-30 16:00:00,62,92,0.6,10.2,13.4,0.6,1.9,283.0,140.0,2026-08-30 05:58:00,2026-08-30 18:52:00,True,Dharamshala
23.4,93,27.9,0.5,0.5,53,4.1,0.5,2026-08-30 17:00:00,59,101,0.3,23.5,32.8,1.9,2.2,306.0,128.0,2026-08-30 05:58:00,2026-08-30 18:52:00,True,Dharamshala
23.4,93,28.3,0.5,0.5,53,0.9,0.5,2026-08-30 18:00:00,54,104,0.0,18.7,25.4,3.8,2.0,355.0,121.0,2026-08-30 05:58:00,2026-08-30 18:52:00,True,Dharamshala
21.7,97,25.9,0.5,0.5,53,2.0,0.502,2026-08-30 19:00:00,47,102,0.0,17.3,22.7,6.4,1.8,418.0,110.0,2026-08-30 05:58:00,2026-08-30 18:52:00,False,Dharamshala
21.5,97,25.7,0.6,0.6,53,1.3,0.504,2026-08-30 20:00:00,39,96,0.0,19.0,23.9,8.6,1.6,465.0,98.0,2026-08-30 05:58:00,2026-08-30 18:52:00,False,Dharamshala
21.7,90,25.5,0.0,0.0,0,0.4,0.502,2026-08-30 21:00:00,34,86,0.0,16.1,19.4,10.0,1.3,484.0,84.0,2026-08-30 05:58:00,2026-08-30 18:52:00,False,Dharamshala
21.5,89,25.1,0.0,0.0,1,0.3,0.5,2026-08-30 22:00:00,32,72,0.0,18.0,21.2,11.0,1.1,488.0,68.0,2026-08-30 05:58:00,2026-08-30 18:52:00,False,Dharamshala
21.9,88,25.7,0.0,0.0,0,0.4,0.501,2026-08-30 23:00:00,31,63,0.0,18.5,21.8,11.5,0.9,483.0,58.0,2026-08-30 05:58:00,2026-08-30 18:52:00,False,Dharamshala
26.9,95,32.2,1.4,1.4,61,13.9,0.425,2026-08-25 00:00:00,50,75,0.0,18.2,19.2,12.9,10.3,247.0,66.0,2026-08-25 05:26:00,2026-08-25 18:16:00,False,Patna
26.8,93,32.0,1.8,1.8,61,12.9,0.429,2026-08-25 01:00:00,49,75,0.0,16.4,17.1,12.1,10.5,247.0,66.0,2026-08-25 05:26:00,2026-08-25 18:16:00,False,Patna
26.6,95,31.8,0.5,0.5,53,13.5,0.426,2026-08-25 02:00:00,48,75,0.0,15.0,15.4,11.5,10.9,251.0,66.0,2026-08-25 05:26:00,2026-08-25 18:16:00,False,Patna
26.6,96,31.4,0.1,0.1,51,16.8,0.421,2026-08-25 03:00:00,47,74,0.0,12.8,13.0,11.3,11.8,257.0,65.0,2026-08-25 05:26:00,2026-08-25 18:16:00,False,Patna
26.6,96,31.9,0.1,0.1,51,13.1,0.418,2026-08-25 04:00:00,45,73,0.0,11.1,11.2,11.2,12.9,266.0,64.0,2026-08-25 05:26:00,2026-08-25 18:16:00,False,Patna
27.1,95,33.0,0.0,0.0,3,11.7,0.406,2026-08-25 05:00:00,42,72,0.0,12.3,12.3,12.4,13.9,274.0,62.0,2026-08-25 05:26:00,2026-08-25 18:16:00,False,Patna
27.5,94,32.8,0.0,0.0,3,16.0,0.404,2026-08-25 06:00:00,40,70,0.3,12.9,13.0,11.8,14.7,280.0,65.0,2026-08-25 05:26:00,2026-08-25 18:16:00,True,Patna
28.2,90,33.4,0.2,0.2,51,16.5,0.404,2026-08-25 07:00:00,38,69,0.9,13.1,13.3,11.0,15.8,284.0,69.0,2026-08-25 05:26:00,2026-08-25 18:16:00,True,Patna
29.5,85,34.8,0.0,0.0,2,17.0,0.401,2026-08-25 08:00:00,37,68,1.85,13.8,14.1,9.8,16.2,283.0,76.0,2026-08-25 05:26:00,2026-08-25 18:16:00,True,Patna
30.7,76,35.6,0.1,0.1,51,16.8,0.397,2026-08-25 09:00:00,36,67,2.7,14.9,15.3,8.0,15.3,271.0,89.0,2026-08-25 05:26:00,2026-08-25 18:16:00,True,Patna
31.7,71,37.2,0.1,0.1,51,15.6,0.392,2026-08-25 10:00:00,43,66,4.05,15.5,15.9,5.8,13.8,253.0,104.0,2026-08-25 05:26:00,2026-08-25 18:16:00,True,Patna
32.6,64,38.2,0.1,0.1,51,16.1,0.388,2026-08-25 11:00:00,51,66,4.75,15.2,15.7,4.2,12.5,240.0,117.0,2026-08-25 05:26:00,2026-08-25 18:16:00,True,Patna
32.9,63,38.7,0.2,0.2,51,16.0,0.383,2026-08-25 12:00:00,57,66,5.0,14.8,15.2,3.3,11.8,233.0,125.0,2026-08-25 05:26:00,2026-08-25 18:16:00,True,Patna
33.2,62,38.6,0.2,0.2,51,15.7,0.378,2026-08-25 13:00:00,60,65,4.0,14.1,14.5,2.9,11.2,231.0,131.0,2026-08-25 05:26:00,2026-08-25 18:16:00,True,Patna
33.4,63,38.8,0.1,0.1,51,15.5,0.373,2026-08-25 14:00:00,60,65,2.8,13.6,13.9,3.4,11.0,240.0,131.0,2026-08-25 05:26:00,2026-08-25 18:16:00,True,Patna
32.5,68,37.6,0.1,0.1,51,15.1,0.369,2026-08-25 15:00:00,56,64,1.85,13.0,13.3,5.4,11.0,269.0,124.0,2026-08-25 05:26:00,2026-08-25 18:16:00,True,Patna
31.0,75,36.0,0.1,0.1,51,15.9,0.367,2026-08-25 16:00:00,48,64,0.7,13.1,13.4,8.2,11.2,309.0,112.0,2026-08-25 05:26:00,2026-08-25 18:16:00,True,Patna
31.1,75,36.6,0.3,0.3,51,12.7,0.36,2026-08-25 17:00:00,43,65,0.1,19.2,19.4,9.9,10.2,336.0,105.0,2026-08-25 05:26:00,2026-08-25 18:16:00,True,Patna
29.9,82,36.4,0.3,0.3,51,7.8,0.363,2026-08-25 18:00:00,39,68,0.0,19.0,19.3,11.4,11.5,340.0,98.0,2026-08-25 05:26:00,2026-08-25 18:16:00,True,Patna
28.8,86,34.9,0.3,0.3,51,10.1,0.366,2026-08-25 19:00:00,35,67,0.0,19.2,19.5,13.5,13.2,332.0,87.0,2026-08-25 05:26:00,2026-08-25 18:16:00,False,Patna
28.8,87,34.9,0.1,0.1,51,10.6,0.367,2026-08-25 20:00:00,32,63,0.0,19.5,19.8,14.9,14.3,320.0,79.0,2026-08-25 05:26:00,2026-08-25 18:16:00,False,Patna
28.8,86,34.6,0.0,0.0,3,11.8,0.367,2026-08-25 21:00:00,32,63,0.0,18.7,19.0,15.0,14.1,306.0,76.0,2026-08-25 05:26:00,2026-08-25 18:16:00,False,Patna
28.6,87,34.2,0.0,0.0,2,12.7,0.367,2026-08-25 22:00:00,31,63,0.0,17.5,17.8,14.4,13.3,289.0,74.0,2026-08-25 05:26:00,2026-08-25 18:16:00,False,Patna
29.6,83,35.2,0.0,0.0,3,13.9,0.354,2026-08-25 23:00:00,31,62,0.0,16.7,17.0,13.9,12.7,274.0,73.0,2026-08-25 05:26:00,2026-08-25 18:16:00,False,Patna
29.0,85,34.8,0.0,0.0,2,12.0,0.354,2026-08-26 00:00:00,31,62,0.0,16.2,16.5,13.8,12.7,264.0,71.0,2026-08-26 05:27:00,2026-08-26 18:15:00,False,Patna
28.7,86,34.4,0.0,0.0,1,12.3,0.355,2026-08-26 01:00:00,31,62,0.0,15.9,16.2,13.7,13.0,257.0,68.0,2026-08-26 05:27:00,2026-08-26 18:15:00,False,Patna
27.0,93,32.3,2.3,2.3,61,13.6,0.383,2026-08-26 02:00:00,31,62,0.0,16.1,16.3,13.6,13.4,252.0,66.0,2026-08-26 05:27:00,2026-08-26 18:15:00,False,Patna
26.6,96,32.1,0.4,0.4,51,11.8,0.387,2026-08-26 03:00:00,31,62,0.0,15.2,15.4,13.5,13.7,246.0,64.0,2026-08-26 05:27:00,2026-08-26 18:15:00,False,Patna
26.5,97,32.2,0.2,0.2,51,10.9,0.389,2026-08-26 04:00:00,31,62,0.0,13.7,13.9,13.5,14.1,242.0,61.0,2026-08-26 05:27:00,2026-08-26 18:15:00,False,Patna
27.1,95,33.2,0.2,0.2,51,9.4,0.379,2026-08-26 05:00:00,31,62,0.0,13.3,13.5,13.6,13.6,251.0,63.0,2026-08-26 05:27:00,2026-08-26 18:15:00,False,Patna
27.5,93,33.8,0.0,0.0,3,9.6,0.379,2026-08-26 06:00:00,31,62,0.25,14.4,14.6,13.5,14.6,284.0,63.0,2026-08-26 05:27:00,2026-08-26 18:15:00,True,Patna
28.5,88,34.1,0.0,0.0,3,13.1,0.378,2026-08-26 07:00:00,31,63,0.7,14.8,15.0,13.3,16.0,331.0,65.0,2026-08-26 05:27:00,2026-08-26 18:15:00,True,Patna
29.4,83,34.9,0.0,0.0,3,13.6,0.376,2026-08-26 08:00:00,31,63,1.6,12.3,12.4,12.4,17.0,364.0,71.0,2026-08-26 05:27:00,2026-08-26 18:15:00,True,Patna
30.6,79,36.5,0.2,0.2,51,11.7,0.375,2026-08-26 09:00:00,34,63,3.55,11.7,11.8,10.3,17.1,372.0,86.0,2026-08-26 05:27:00,2026-08-26 18:15:00,True,Patna
31.7,74,38.0,0.1,0.1,51,12.1,0.372,2026-08-26 10:00:00,43,62,4.2,11.7,11.8,7.5,16.9,368.0,105.0,2026-08-26 05:27:00,2026-08-26 18:15:00,True,Patna
31.6,75,37.7,0.3,0.3,51,11.8,0.38,2026-08-26 11:00:00,55,62,3.1,11.4,11.5,5.4,16.4,362.0,122.0,2026-08-26 05:27:00,2026-08-26 18:15:00,True,Patna
28.7,89,34.8,1.8,1.8,61,12.3,0.396,2026-08-26 12:00:00,61,62,3.5,12.7,12.7,4.1,15.8,353.0,135.0,2026-08-26 05:27:00,2026-08-26 18:15:00,True,Patna
29.2,85,36.1,0.2,0.2,51,5.6,0.396,2026-08-26 13:00:00,63,62,3.1,13.3,13.3,3.5,15.0,343.0,145.0,2026-08-26 05:27:00,2026-08-26 18:15:00,True,Patna
29.7,84,35.9,0.4,0.4,51,11.1,0.397,2026-08-26 14:00:00,63,61,2.1,15.9,15.9,4.0,14.4,343.0,149.0,2026-08-26 05:27:00,2026-08-26 18:15:00,True,Patna
28.8,89,35.5,0.7,0.7,53,8.3,0.402,2026-08-26 15:00:00,62,62,1.35,16.8,16.8,6.4,13.9,359.0,142.0,2026-08-26 05:27:00,2026-08-26 18:15:00,True,Patna
29.0,88,35.9,0.2,0.2,51,8.1,0.401,2026-08-26 16:00:00,59,70,0.6,18.1,18.2,9.9,13.5,386.0,128.0,2026-08-26 05:27:00,2026-08-26 18:15:00,True,Patna
29.1,88,36.3,0.0,0.0,3,5.8,0.383,2026-08-26 17:00:00,44,82,0.05,21.5,21.5,12.6,11.9,421.0,106.0,2026-08-26 05:27:00,2026-08-26 18:15:00,True,Patna
28.6,91,36.1,0.2,0.2,51,4.6,0.384,2026-08-26 18:00:00,38,86,0.0,25.7,25.8,15.4,12.9,479.0,96.0,2026-08-26 05:27:00,2026-08-26 18:15:00,True,Patna
28.5,93,36.0,0.2,0.2,51,4.4,0.386,2026-08-26 19:00:00,33,84,0.0,28.2,28.2,19.4,14.2,545.0,82.0,2026-08-26 05:27:00,2026-08-26 18:15:00,False,Patna
28.4,92,35.8,0.0,0.0,3,5.4,0.386,2026-08-26 20:00:00,33,76,0.0,30.2,30.3,22.3,15.1,574.0,70.0,2026-08-26 05:27:00,2026-08-26 18:15:00,False,Patna
28.4,93,35.9,0.0,0.0,3,4.5,0.385,2026-08-26 21:00:00,34,65,0.0,34.6,34.7,23.7,15.1,533.0,63.0,2026-08-26 05:27:00,2026-08-26 18:15:00,False,Patna
28.2,95,36.1,0.5,0.5,53,3.6,0.39,2026-08-26 22:00:00,35,66,0.0,35.7,35.7,24.0,14.7,455.0,58.0,2026-08-26 05:27:00,2026-08-26 18:15:00,False,Patna
28.6,92,36.0,0.3,0.3,51,5.5,0.39,2026-08-26 23:00:00,36,67,0.0,34.7,34.7,23.3,14.1,388.0,57.0,2026-08-26 05:27:00,2026-08-26 18:15:00,False,Patna
28.2,92,34.9,0.1,0.1,51,7.9,0.39,2026-08-27 00:00:00,38,69,0.0,33.1,33.1,20.8,13.5,350.0,61.0,2026-08-27 05:27:00,2026-08-27 18:14:00,False,Patna
27.7,93,34.3,0.3,0.3,51,7.7,0.392,2026-08-27 01:00:00,39,70,0.0,27.7,27.8,17.2,12.7,323.0,70.0,2026-08-27 05:27:00,2026-08-27 18:14:00,False,Patna
27.2,95,33.9,0.7,0.7,53,6.6,0.399,2026-08-27 02:00:00,40,71,0.0,27.5,27.5,14.2,12.2,306.0,77.0,2026-08-27 05:27:00,2026-08-27 18:14:00,False,Patna
27.0,95,33.8,0.4,0.4,51,5.2,0.402,2026-08-27 03:00:00,42,72,0.0,26.3,26.3,12.6,11.9,301.0,82.0,2026-08-27 05:27:00,2026-08-27 18:14:00,False,Patna
27.0,95,33.6,0.5,0.5,53,5.2,0.407,2026-08-27 04:00:00,44,73,0.0,24.0,24.0,11.6,11.7,306.0,85.0,2026-08-27 05:27:00,2026-08-27 18:14:00,False,Patna
28.3,97,36.5,0.7,0.7,53,2.4,0.376,2026-08-27 05:00:00,46,74,0.0,43.7,43.7,26.1,14.1,315.0,38.0,2026-08-27 05:27:00,2026-08-27 18:14:00,False,Patna
28.8,93,36.8,0.0,0.0,2,3.5,0.376,2026-08-27 06:00:00,51,76,0.3,43.1,43.1,21.3,15.4,331.0,62.0,2026-08-27 05:27:00,2026-08-27 18:14:00,True,Patna
29.9,85,37.7,0.0,0.0,1,2.3,0.375,2026-08-27 07:00:00,56,78,1.25,34.9,34.9,14.7,17.1,352.0,95.0,2026-08-27 05:27:00,2026-08-27 18:14:00,True,Patna
31.2,74,38.1,0.0,0.0,1,3.1,0.373,2026-08-27 08:00:00,59,80,3.05,30.9,31.0,9.3,18.0,362.0,125.0,2026-08-27 05:27:00,2026-08-27 18:14:00,True,Patna
32.0,70,38.6,0.1,0.1,51,3.5,0.37,2026-08-27 09:00:00,63,81,4.95,28.9,29.0,6.3,17.5,351.0,147.0,2026-08-27 05:27:00,2026-08-27 18:14:00,True,Patna
32.6,68,40.2,0.1,0.1,51,4.0,0.366,2026-08-27 10:00:00,67,83,6.7,27.0,27.1,4.4,16.2,330.0,166.0,2026-08-27 05:27:00,2026-08-27 18:14:00,True,Patna
33.0,66,40.6,0.2,0.2,51,4.5,0.362,2026-08-27 11:00:00,69,84,7.25,27.9,28.1,3.3,15.0,315.0,179.0,2026-08-27 05:27:00,2026-08-27 18:14:00,True,Patna
33.3,70,42.0,0.6,0.6,53,5.5,0.362,2026-08-27 12:00:00,70,85,5.2,28.7,28.8,2.8,14.1,313.0,185.0,2026-08-27 05:27:00,2026-08-27 18:14:00,True,Patna
33.0,74,41.9,0.6,0.6,53,6.8,0.364,2026-08-27 13:00:00,70,86,3.55,28.9,28.9,3.0,13.3,317.0,185.0,2026-08-27 05:27:00,2026-08-27 18:14:00,True,Patna
32.9,74,41.2,0.7,0.7,53,5.5,0.367,2026-08-27 14:00:00,69,110,2.95,28.1,28.2,3.7,12.6,330.0,182.0,2026-08-27 05:27:00,2026-08-27 18:14:00,True,Patna
31.8,78,39.5,0.4,0.4,51,5.4,0.368,2026-08-27 15:00:00,69,135,1.65,27.3,27.4,4.7,12.0,353.0,178.0,2026-08-27 05:27:00,2026-08-27 18:14:00,True,Patna
31.7,78,39.4,0.2,0.2,51,4.0,0.369,2026-08-27 16:00:00,67,152,0.65,27.3,27.4,6.2,11.5,384.0,170.0,2026-08-27 05:27:00,2026-08-27 18:14:00,True,Patna
30.6,86,38.8,0.0,0.0,2,4.0,0.354,2026-08-27 17:00:00,65,159,0.1,27.0,27.1,8.5,11.4,422.0,158.0,2026-08-27 05:27:00,2026-08-27 18:14:00,True,Patna
30.1,91,39.2,0.0,0.0,1,0.6,0.354,2026-08-27 18:00:00,64,161,0.0,31.9,31.9,12.6,12.0,480.0,137.0,2026-08-27 05:27:00,2026-08-27 18:14:00,True,Patna
29.4,91,37.7,0.8,0.8,53,2.5,0.365,2026-08-27 19:00:00,65,157,0.0,33.5,33.6,17.5,13.1,545.0,110.0,2026-08-27 05:27:00,2026-08-27 18:14:00,False,Patna
28.4,94,35.5,4.3,4.3,63,8.4,0.421,2026-08-27 20:00:00,65,144,0.0,36.3,36.4,20.5,13.4,575.0,91.0,2026-08-27 05:27:00,2026-08-27 18:14:00,False,Patna
28.2,95,36.2,1.3,1.3,61,2.5,0.427,2026-08-27 21:00:00,65,124,0.0,35.2,35.2,20.2,12.4,538.0,84.0,2026-08-27 05:27:00,2026-08-27 18:14:00,False,Patna
28.0,97,35.8,0.4,0.4,51,5.0,0.423,2026-08-27 22:00:00,65,103,0.0,35.5,35.5,18.0,10.6,466.0,84.0,2026-08-27 05:27:00,2026-08-27 18:14:00,False,Patna
28.5,94,36.6,0.4,0.4,51,1.5,0.425,2026-08-27 23:00:00,65,92,0.0,33.8,33.9,16.0,9.5,414.0,84.0,2026-08-27 05:27:00,2026-08-27 18:14:00,False,Patna
27.8,96,35.2,0.0,0.0,2,5.0,0.419,2026-08-28 00:00:00,65,92,0.0,31.5,31.7,14.8,9.4,410.0,83.0,2026-08-28 05:28:00,2026-08-28 18:13:00,False,Patna
27.7,94,35.2,0.0,0.0,2,2.8,0.415,2026-08-28 01:00:00,65,92,0.0,33.5,33.5,13.8,9.9,426.0,83.0,2026-08-28 05:28:00,2026-08-28 18:13:00,False,Patna
27.2,96,34.5,0.3,0.3,51,2.3,0.415,2026-08-28 02:00:00,65,92,0.0,33.5,33.6,13.2,10.6,434.0,82.0,2026-08-28 05:28:00,2026-08-28 18:13:00,False,Patna
27.1,95,34.3,0.7,0.7,53,2.0,0.419,2026-08-28 03:00:00,65,93,0.0,33.2,33.3,13.2,11.6,419.0,79.0,2026-08-28 05:28:00,2026-08-28 18:13:00,False,Patna
26.9,97,34.2,0.1,0.1,51,2.1,0.416,2026-08-28 04:00:00,66,93,0.0,32.9,32.9,13.6,12.8,396.0,76.0,2026-08-28 05:28:00,2026-08-28 18:13:00,False,Patna
27.2,92,33.8,0.0,0.0,2,4.6,0.408,2026-08-28 05:00:00,66,94,0.0,53.9,54.1,24.2,16.7,384.0,46.0,2026-08-28 05:28:00,2026-08-28 18:13:00,False,Patna
27.4,92,34.1,0.0,0.0,2,4.3,0.406,2026-08-28 06:00:00,66,95,0.3,57.2,57.4,21.1,17.5,397.0,63.0,2026-08-28 05:28:00,2026-08-28 18:13:00,True,Patna
28.8,86,35.9,0.0,0.0,2,2.6,0.403,2026-08-28 07:00:00,67,96,1.0,48.1,48.3,16.6,18.6,421.0,88.0,2026-08-28 05:28:00,2026-08-28 18:13:00,True,Patna
30.4,80,37.5,0.0,0.0,2,4.0,0.399,2026-08-28 08:00:00,67,97,2.4,43.0,43.3,12.5,19.1,433.0,115.0,2026-08-28 05:28:00,2026-08-28 18:13:00,True,Patna
31.5,76,38.9,0.0,0.0,2,3.9,0.394,2026-08-28 09:00:00,67,98,4.3,40.5,40.9,8.9,18.4,417.0,146.0,2026-08-28 05:28:00,2026-08-28 18:13:00,True,Patna
32.4,72,40.8,0.1,0.1,51,4.3,0.388,2026-08-28 10:00:00,69,99,5.8,41.6,41.9,5.7,17.0,389.0,179.0,2026-08-28 05:28:00,2026-08-28 18:13:00,True,Patna
32.6,70,40.6,0.1,0.1,51,2.2,0.384,2026-08-28 11:00:00,73,100,6.55,42.1,42.5,3.4,15.6,368.0,203.0,2026-08-28 05:28:00,2026-08-28 18:13:00,True,Patna
32.5,72,40.0,0.1,0.1,51,3.0,0.381,2026-08-28 12:00:00,75,101,5.6,42.1,42.4,2.6,14.4,362.0,212.0,2026-08-28 05:28:00,2026-08-28 18:13:00,True,Patna
29.8,85,36.7,2.3,2.3,61,8.1,0.404,2026-08-28 13:00:00,75,103,4.35,42.3,42.6,2.8,13.1,363.0,211.0,2026-08-28 05:28:00,2026-08-28 18:13:00,True,Patna
29.3,89,36.9,1.7,1.7,61,4.4,0.417,2026-08-28 14:00:00,74,125,3.1,40.9,41.1,3.5,12.2,369.0,207.0,2026-08-28 05:28:00,2026-08-28 18:13:00,True,Patna
31.2,79,39.1,0.1,0.1,51,1.8,0.412,2026-08-28 15:00:00,73,154,1.7,39.2,39.5,4.5,11.6,378.0,202.0,2026-08-28 05:28:00,2026-08-28 18:13:00,True,Patna
31.7,75,39.1,0.0,0.0,3,2.6,0.407,2026-08-28 16:00:00,71,173,0.5,37.7,38.0,6.1,11.3,392.0,192.0,2026-08-28 05:28:00,2026-08-28 18:13:00,True,Patna
32.1,73,39.0,0.0,0.0,3,7.1,0.355,2026-08-28 17:00:00,71,185,0.05,48.7,48.9,8.7,11.3,408.0,143.0,2026-08-28 05:28:00,2026-08-28 18:13:00,True,Patna
30.4,84,37.8,0.3,0.3,51,6.8,0.358,2026-08-28 18:00:00,72,184,0.0,49.9,50.2,11.5,11.7,431.0,127.0,2026-08-28 05:28:00,2026-08-28 18:13:00,True,Patna
29.8,88,37.4,0.0,0.0,3,5.4,0.358,2026-08-28 19:00:00,72,176,0.0,50.2,50.3,15.4,12.2,457.0,106.0,2026-08-28 05:28:00,2026-08-28 18:13:00,False,Patna
29.6,88,37.3,0.0,0.0,3,4.8,0.359,2026-08-28 20:00:00,73,161,0.0,48.8,48.9,18.4,12.6,466.0,88.0,2026-08-28 05:28:00,2026-08-28 18:13:00,False,Patna
29.3,91,37.5,0.0,0.0,3,2.7,0.359,2026-08-28 21:00:00,73,138,0.0,50.2,50.4,19.9,12.7,441.0,78.0,2026-08-28 05:28:00,2026-08-28 18:13:00,False,Patna
28.7,92,36.0,0.3,0.3,51,6.0,0.363,2026-08-28 22:00:00,74,116,0.0,53.1,53.3,20.5,12.6,400.0,72.0,2026-08-28 05:28:00,2026-08-28 18:13:00,False,Patna
29.1,92,37.0,0.7,0.7,53,4.8,0.366,2026-08-28 23:00:00,74,118,0.0,52.3,52.4,20.4,12.6,376.0,68.0,2026-08-28 05:28:00,2026-08-28 18:13:00,False,Patna
28.6,94,36.3,0.0,0.0,3,4.3,0.367,2026-08-29 00:00:00,75,120,0.0,50.2,50.3,19.0,12.6,387.0,68.0,2026-08-29 05:28:00,2026-08-29 18:12:00,False,Patna
28.3,93,35.8,0.0,0.0,3,4.5,0.367,2026-08-29 01:00:00,76,122,0.0,49.7,49.9,16.9,12.6,416.0,70.0,2026-08-29 05:28:00,2026-08-29 18:12:00,False,Patna
28.0,95,35.6,0.1,0.1,51,3.4,0.368,2026-08-29 02:00:00,76,124,0.0,48.9,49.0,15.4,12.8,441.0,71.0,2026-08-29 05:28:00,2026-08-29 18:12:00,False,Patna
27.7,96,35.5,0.0,0.0,3,2.2,0.369,2026-08-29 03:00:00,77,125,0.0,48.7,48.8,15.6,13.2,454.0,68.0,2026-08-29 05:28:00,2026-08-29 18:12:00,False,Patna
27.1,95,33.8,0.9,0.9,53,6.0,0.379,2026-08-29 04:00:00,77,127,0.0,49.7,49.9,16.5,13.8,463.0,63.0,2026-08-29 05:28:00,2026-08-29 18:12:00,False,Patna
27.8,95,35.6,1.3,1.3,61,1.3,0.375,2026-08-29 05:00:00,78,129,0.0,49.4,49.5,20.7,15.0,471.0,50.0,2026-08-29 05:28:00,2026-08-29 18:12:00,False,Patna
28.1,93,35.8,0.0,0.0,3,2.3,0.375,2026-08-29 06:00:00,77,128,0.3,51.9,52.0,17.4,16.0,484.0,70.0,2026-08-29 05:28:00,2026-08-29 18:12:00,True,Patna
28.6,90,35.8,0.0,0.0,3,4.1,0.375,2026-08-29 07:00:00,77,128,1.15,44.4,44.6,12.9,17.5,496.0,99.0,2026-08-29 05:28:00,2026-08-29 18:12:00,True,Patna
29.9,84,37.3,0.0,0.0,3,4.1,0.373,2026-08-29 08:00:00,77,127,2.5,40.2,40.4,9.0,18.4,496.0,128.0,2026-08-29 05:28:00,2026-08-29 18:12:00,True,Patna
30.8,82,38.5,0.0,0.0,3,4.2,0.37,2026-08-29 09:00:00,77,127,4.5,36.9,37.0,6.4,18.5,473.0,157.0,2026-08-29 05:28:00,2026-08-29 18:12:00,True,Patna
31.7,78,40.1,0.1,0.1,51,3.4,0.367,2026-08-29 10:00:00,77,127,6.65,37.1,37.4,4.5,18.2,439.0,186.0,2026-08-29 05:28:00,2026-08-29 18:12:00,True,Patna
32.4,70,41.1,0.1,0.1,51,0.4,0.362,2026-08-29 11:00:00,77,126,7.25,38.8,38.9,3.3,17.5,411.0,205.0,2026-08-29 05:28:00,2026-08-29 18:12:00,True,Patna
32.8,70,41.7,0.1,0.1,51,0.2,0.358,2026-08-29 12:00:00,77,126,5.25,39.5,39.6,2.9,16.5,397.0,209.0,2026-08-29 05:28:00,2026-08-29 18:12:00,True,Patna
32.9,71,41.7,0.1,0.1,51,1.0,0.354,2026-08-29 13:00:00,77,126,2.85,38.4,38.5,3.2,15.2,390.0,204.0,2026-08-29 05:28:00,2026-08-29 18:12:00,True,Patna
32.9,72,40.8,0.1,0.1,51,2.3,0.351,2026-08-29 14:00:00,76,134,2.25,36.2,36.3,4.1,14.0,391.0,194.0,2026-08-29 05:28:00,2026-08-29 18:12:00,True,Patna
30.4,83,37.9,2.1,2.1,61,4.9,0.374,2026-08-29 15:00:00,76,158,1.15,34.6,34.8,5.5,12.7,401.0,181.0,2026-08-29 05:28:00,2026-08-29 18:12:00,True,Patna
26.7,100,33.4,6.7,6.7,63,7.7,0.437,2026-08-29 16:00:00,76,171,0.4,31.2,31.3,7.5,11.3,418.0,163.0,2026-08-29 05:28:00,2026-08-29 18:12:00,True,Patna
30.9,82,38.9,1.3,1.3,61,2.1,0.366,2026-08-29 17:00:00,76,176,0.05,41.0,41.3,10.8,11.6,439.0,139.0,2026-08-29 05:28:00,2026-08-29 18:12:00,True,Patna
30.0,89,38.6,0.2,0.2,51,1.5,0.368,2026-08-29 18:00:00,76,174,0.0,48.8,49.1,16.6,12.4,471.0,119.0,2026-08-29 05:28:00,2026-08-29 18:12:00,True,Patna
30.0,88,38.4,0.0,0.0,3,2.2,0.368,2026-08-29 19:00:00,76,163,0.0,53.1,53.4,24.5,13.5,507.0,92.0,2026-08-29 05:28:00,2026-08-29 18:12:00,False,Patna
29.5,92,38.0,0.1,0.1,51,2.4,0.369,2026-08-29 20:00:00,76,143,0.0,49.5,49.7,28.9,13.8,522.0,72.0,2026-08-29 05:28:00,2026-08-29 18:12:00,False,Patna
27.8,92,33.9,2.7,2.7,63,10.1,0.403,2026-08-29 21:00:00,76,123,0.0,41.0,41.2,26.7,12.8,501.0,67.0,2026-08-29 05:28:00,2026-08-29 18:12:00,False,Patna
27.1,96,33.6,1.7,1.7,61,8.6,0.421,2026-08-29 22:00:00,75,122,0.0,36.4,36.6,21.2,11.0,459.0,71.0,2026-08-29 05:28:00,2026-08-29 18:12:00,False,Patna
27.9,92,35.2,0.3,0.3,51,2.0,0.411,2026-08-29 23:00:00,75,120,0.0,32.2,32.5,16.4,9.5,421.0,74.0,2026-08-29 05:28:00,2026-08-29 18:12:00,False,Patna
27.6,95,35.0,0.1,0.1,51,3.4,0.409,2026-08-30 00:00:00,74,118,0.0,28.9,29.0,13.8,8.5,392.0,76.0,2026-08-30 05:29:00,2026-08-30 18:11:00,False,Patna
27.5,96,35.2,0.1,0.1,51,1.8,0.407,2026-08-30 01:00:00,74,116,0.0,25.7,25.8,11.9,7.8,365.0,78.0,2026-08-30 05:29:00,2026-08-30 18:11:00,False,Patna
27.4,97,35.1,0.1,0.1,51,1.5,0.406,2026-08-30 02:00:00,73,114,0.0,20.2,20.3,10.8,7.3,347.0,78.0,2026-08-30 05:29:00,2026-08-30 18:11:00,False,Patna
27.3,97,34.7,0.1,0.1,51,4.0,0.405,2026-08-30 03:00:00,72,111,0.0,16.0,16.1,10.7,7.1,341.0,75.0,2026-08-30 05:29:00,2026-08-30 18:11:00,False,Patna
27.3,97,34.9,0.0,0.0,3,3.0,0.403,2026-08-30 04:00:00,71,107,0.0,13.9,13.9,11.3,7.2,344.0,70.0,2026-08-30 05:29:00,2026-08-30 18:11:00,False,Patna
27.9,95,35.5,0.0,0.0,3,3.1,0.395,2026-08-30 05:00:00,70,103,0.0,22.4,22.5,12.2,8.2,349.0,76.0,2026-08-30 05:29:00,2026-08-30 18:11:00,False,Patna
28.1,94,35.4,0.0,0.0,3,5.2,0.394,2026-08-30 06:00:00,69,101,0.2,21.8,21.9,11.1,8.0,356.0,80.0,2026-08-30 05:29:00,2026-08-30 18:11:00,True,Patna
29.1,89,36.8,0.0,0.0,3,3.6,0.393,2026-08-30 07:00:00,68,98,0.95,18.7,18.8,9.4,7.7,366.0,86.0,2026-08-30 05:29:00,2026-08-30 18:11:00,True,Patna
30.1,86,38.2,0.1,0.1,51,2.8,0.391,2026-08-30 08:00:00,67,96,3.4,15.5,15.6,7.7,7.7,367.0,97.0,2026-08-30 05:29:00,2026-08-30 18:11:00,True,Patna
31.1,82,39.2,0.2,0.2,51,3.2,0.39,2026-08-30 09:00:00,66,94,5.55,13.4,13.5,5.9,8.1,354.0,116.0,2026-08-30 05:29:00,2026-08-30 18:11:00,True,Patna
31.8,78,40.4,0.3,0.3,51,2.1,0.388,2026-08-30 10:00:00,65,92,7.35,14.4,14.5,4.0,8.7,333.0,140.0,2026-08-30 05:29:00,2026-08-30 18:11:00,True,Patna
33.2,69,41.6,0.4,0.4,51,3.1,0.386,2026-08-30 11:00:00,65,91,8.85,15.1,15.3,2.7,9.1,316.0,157.0,2026-08-30 05:29:00,2026-08-30 18:11:00,True,Patna
33.5,68,42.8,0.0,0.0,1,3.5,0.38,2026-08-30 12:00:00,66,89,6.15,16.5,16.7,2.3,9.1,306.0,163.0,2026-08-30 05:29:00,2026-08-30 18:11:00,True,Patna
33.2,70,41.8,0.2,0.2,51,3.5,0.375,2026-08-30 13:00:00,66,87,3.6,17.3,17.6,2.5,8.9,299.0,162.0,2026-08-30 05:29:00,2026-08-30 18:11:00,True,Patna
32.8,74,40.6,0.5,0.5,53,5.8,0.376,2026-08-30 14:00:00,65,85,1.95,18.0,18.3,3.3,8.7,297.0,155.0,2026-08-30 05:29:00,2026-08-30 18:11:00,True,Patna
32.9,73,40.7,0.2,0.2,51,3.6,0.375,2026-08-30 15:00:00,62,95,0.6,18.0,18.3,4.7,8.2,296.0,140.0,2026-08-30 05:29:00,2026-08-30 18:11:00,True,Patna
30.6,83,37.5,1.8,1.8,61,9.5,0.393,2026-08-30 16:00:00,61,107,0.3,16.4,16.6,6.6,7.7,300.0,119.0,2026-08-30 05:29:00,2026-08-30 18:11:00,True,Patna
29.4,92,38.0,1.5,1.5,61,1.3,0.427,2026-08-30 17:00:00,60,112,0.1,15.6,15.9,7.4,7.7,315.0,113.0,2026-08-30 05:29:00,2026-08-30 18:11:00,True,Patna
29.0,95,37.5,0.1,0.1,51,3.5,0.422,2026-08-30 18:00:00,58,111,0.0,18.3,18.5,11.3,8.6,354.0,97.0,2026-08-30 05:29:00,2026-08-30 18:11:00,True,Patna
28.6,94,36.2,0.9,0.9,53,5.5,0.421,2026-08-30 19:00:00,53,102,0.0,21.1,21.2,16.7,9.9,406.0,75.0,2026-08-30 05:29:00,2026-08-30 18:11:00,False,Patna
27.6,95,33.9,1.4,1.4,61,10.7,0.418,2026-08-30 20:00:00,48,84,0.0,23.3,23.5,19.8,10.5,438.0,60.0,2026-08-30 05:29:00,2026-08-30 18:11:00,False,Patna
26.9,98,33.9,0.2,0.2,51,5.4,0.416,2026-08-30 21:00:00,43,72,0.0,21.7,21.8,18.7,10.0,437.0,60.0,2026-08-30 05:29:00,2026-08-30 18:11:00,False,Patna
27.1,97,34.1,0.0,0.0,2,5.0,0.414,2026-08-30 22:00:00,40,71,0.0,21.1,21.2,15.4,8.9,416.0,67.0,2026-08-30 05:29:00,2026-08-30 18:11:00,False,Patna
28.1,95,35.2,0.0,0.0,2,6.9,0.411,2026-08-30 23:00:00,39,70,0.0,17.2,17.3,12.7,7.9,392.0,72.0,2026-08-30 05:29:00,2026-08-30 18:11:00,False,Patna
23.3,100,28.0,0.0,0.0,3,6.4,0.416,2026-08-25 00:00:00,25,55,0.0,14.4,14.5,12.1,16.9,653.0,62.0,2026-08-25 05:28:00,2026-08-25 18:13:00,False,Ranchi
23.3,100,27.8,0.0,0.0,3,7.4,0.416,2026-08-25 01:00:00,26,56,0.0,12.4,12.4,10.2,14.5,466.0,64.0,2026-08-25 05:28:00,2026-08-25 18:13:00,False,Ranchi
23.3,99,28.0,0.0,0.0,3,6.0,0.415,2026-08-25 02:00:00,26,56,0.0,11.9,11.9,8.7,13.4,329.0,66.0,2026-08-25 05:28:00,2026-08-25 18:13:00,False,Ranchi
23.2,98,27.5,0.2,0.2,51,7.9,0.417,2026-08-25 03:00:00,28,56,0.0,12.5,12.6,7.7,15.2,298.0,70.0,2026-08-25 05:28:00,2026-08-25 18:13:00,False,Ranchi
23.3,96,27.1,0.6,0.6,53,9.6,0.423,2026-08-25 04:00:00,30,56,0.0,13.9,14.0,7.0,18.4,316.0,74.0,2026-08-25 05:28:00,2026-08-25 18:13:00,False,Ranchi
23.4,99,26.9,0.3,0.3,51,14.6,0.415,2026-08-25 05:00:00,28,57,0.0,13.3,13.4,9.0,14.4,329.0,71.0,2026-08-25 05:28:00,2026-08-25 18:13:00,False,Ranchi
23.4,100,26.7,0.1,0.1,51,16.3,0.415,2026-08-25 06:00:00,31,57,0.2,14.3,14.4,8.1,15.8,314.0,77.0,2026-08-25 05:28:00,2026-08-25 18:13:00,True,Ranchi
24.3,94,27.7,0.1,0.1,51,15.0,0.415,2026-08-25 07:00:00,35,58,0.85,14.5,14.6,6.9,17.7,293.0,87.0,2026-08-25 05:28:00,2026-08-25 18:13:00,True,Ranchi
26.0,85,29.4,0.1,0.1,51,15.3,0.415,2026-08-25 08:00:00,38,58,1.25,12.5,12.6,5.8,18.5,278.0,95.0,2026-08-25 05:28:00,2026-08-25 18:13:00,True,Ranchi
26.3,84,29.6,0.3,0.3,51,15.7,0.415,2026-08-25 09:00:00,41,59,2.1,11.9,12.1,4.8,17.2,276.0,101.0,2026-08-25 05:28:00,2026-08-25 18:13:00,True,Ranchi
27.4,83,32.0,0.2,0.2,51,14.3,0.413,2026-08-25 10:00:00,45,59,2.5,11.6,11.7,3.9,14.9,281.0,107.0,2026-08-25 05:28:00,2026-08-25 18:13:00,True,Ranchi
26.8,81,31.2,0.1,0.1,51,10.4,0.411,2026-08-25 11:00:00,48,60,4.45,11.7,11.8,3.2,12.8,286.0,112.0,2026-08-25 05:28:00,2026-08-25 18:13:00,True,Ranchi
26.9,83,31.5,0.8,0.8,53,9.3,0.416,2026-08-25 12:00:00,51,60,5.2,11.6,11.7,2.7,11.4,290.0,117.0,2026-08-25 05:28:00,2026-08-25 18:13:00,True,Ranchi
28.5,76,34.2,0.2,0.2,51,9.6,0.414,2026-08-25 13:00:00,55,60,3.9,11.3,11.4,2.5,10.2,293.0,122.0,2026-08-25 05:28:00,2026-08-25 18:13:00,True,Ranchi
27.6,82,32.5,0.5,0.5,53,8.6,0.415,2026-08-25 14:00:00,55,60,2.15,10.5,10.5,2.6,9.3,291.0,123.0,2026-08-25 05:28:00,2026-08-25 18:13:00,True,Ranchi
25.8,90,30.2,1.2,1.2,55,11.4,0.423,2026-08-25 15:00:00,52,60,0.95,9.8,9.8,3.1,8.7,276.0,118.0,2026-08-25 05:28:00,2026-08-25 18:13:00,True,Ranchi
25.2,92,29.7,0.4,0.4,51,10.7,0.422,2026-08-25 16:00:00,47,60,0.5,10.2,10.3,4.0,8.4,255.0,110.0,2026-08-25 05:28:00,2026-08-25 18:13:00,True,Ranchi
26.0,88,31.0,3.8,3.8,63,6.6,0.422,2026-08-25 17:00:00,44,60,0.1,29.5,29.6,5.8,11.0,248.0,106.0,2026-08-25 05:28:00,2026-08-25 18:13:00,True,Ranchi
24.9,94,30.0,0.0,0.0,3,6.5,0.42,2026-08-25 18:00:00,40,61,0.0,29.7,29.7,7.1,11.9,271.0,99.0,2026-08-25 05:28:00,2026-08-25 18:13:00,True,Ranchi
24.6,97,30.3,0.0,0.0,3,2.9,0.419,2026-08-25 19:00:00,36,61,0.0,31.3,31.3,8.8,13.3,306.0,90.0,2026-08-25 05:28:00,2026-08-25 18:13:00,False,Ranchi
24.3,99,29.4,0.0,0.0,3,7.4,0.417,2026-08-25 20:00:00,34,62,0.0,30.2,30.2,10.0,15.0,324.0,84.0,2026-08-25 05:28:00,2026-08-25 18:13:00,False,Ranchi
24.3,99,29.4,0.0,0.0,3,7.0,0.417,2026-08-25 21:00:00,33,63,0.0,31.9,32.0,10.2,17.6,303.0,83.0,2026-08-25 05:28:00,2026-08-25 18:13:00,False,Ranchi
24.1,100,29.2,0.0,0.0,3,7.1,0.416,2026-08-25 22:00:00,34,64,0.0,32.2,32.4,9.8,20.5,265.0,85.0,2026-08-25 05:28:00,2026-08-25 18:13:00,False,Ranchi
24.1,97,28.1,0.0,0.0,3,12.7,0.415,2026-08-25 23:00:00,34,65,0.0,30.0,30.3,9.3,22.4,235.0,85.0,2026-08-25 05:28:00,2026-08-25 18:13:00,False,Ranchi
23.6,97,27.4,0.3,0.3,51,11.5,0.418,2026-08-26 00:00:00,35,66,0.0,28.5,28.7,8.7,22.4,226.0,81.0,2026-08-26 05:28:00,2026-08-26 18:12:00,False,Ranchi
23.4,98,27.3,0.1,0.1,51,11.5,0.418,2026-08-26 01:00:00,36,67,0.0,27.5,27.8,7.9,21.4,226.0,76.0,2026-08-26 05:28:00,2026-08-26 18:12:00,False,Ranchi
23.3,98,27.4,0.0,0.0,3,9.0,0.417,2026-08-26 02:00:00,38,69,0.0,24.8,25.0,7.4,20.2,229.0,71.0,2026-08-26 05:28:00,2026-08-26 18:12:00,False,Ranchi
23.1,98,26.6,0.0,0.0,3,12.8,0.416,2026-08-26 03:00:00,39,70,0.0,21.7,22.0,7.5,19.1,234.0,65.0,2026-08-26 05:28:00,2026-08-26 18:12:00,False,Ranchi
23.3,98,27.4,0.0,0.0,3,9.4,0.415,2026-08-26 04:00:00,40,70,0.0,20.7,21.0,8.0,17.8,242.0,59.0,2026-08-26 05:28:00,2026-08-26 18:12:00,False,Ranchi
24.0,99,28.8,0.0,0.0,3,7.7,0.413,2026-08-26 05:00:00,40,71,0.0,4.9,4.9,6.8,7.7,246.0,68.0,2026-08-26 05:28:00,2026-08-26 18:12:00,False,Ranchi
24.0,99,28.6,0.2,0.2,51,9.4,0.414,2026-08-26 06:00:00,39,70,0.35,3.9,3.9,6.0,7.6,244.0,71.0,2026-08-26 05:28:00,2026-08-26 18:12:00,True,Ranchi
25.1,94,29.6,0.1,0.1,51,11.4,0.415,2026-08-26 07:00:00,39,69,1.4,3.0,3.0,4.8,7.5,240.0,75.0,2026-08-26 05:28:00,2026-08-26 18:12:00,True,Ranchi
26.4,88,31.2,0.2,0.2,51,9.4,0.416,2026-08-26 08:00:00,38,68,2.35,3.0,3.1,3.9,7.4,234.0,79.0,2026-08-26 05:28:00,2026-08-26 18:12:00,True,Ranchi
27.6,81,32.2,0.2,0.2,51,9.6,0.415,2026-08-26 09:00:00,37,68,2.75,3.2,3.4,3.4,7.2,227.0,81.0,2026-08-26 05:28:00,2026-08-26 18:12:00,True,Ranchi
28.2,79,33.3,0.2,0.2,51,8.9,0.414,2026-08-26 10:00:00,36,67,3.3,3.5,3.7,3.2,7.0,220.0,83.0,2026-08-26 05:28:00,2026-08-26 18:12:00,True,Ranchi
28.0,80,33.9,0.3,0.3,51,9.6,0.413,2026-08-26 11:00:00,35,66,5.15,3.8,3.9,2.9,6.8,215.0,87.0,2026-08-26 05:28:00,2026-08-26 18:12:00,True,Ranchi
28.4,79,34.4,0.7,0.7,53,10.1,0.416,2026-08-26 12:00:00,38,66,5.95,3.9,4.0,2.4,6.8,214.0,94.0,2026-08-26 05:28:00,2026-08-26 18:12:00,True,Ranchi
28.0,80,33.1,0.7,0.7,53,9.4,0.418,2026-08-26 13:00:00,42,65,6.3,4.0,4.1,2.0,6.8,216.0,103.0,2026-08-26 05:28:00,2026-08-26 18:12:00,True,Ranchi
27.2,85,32.8,2.9,2.9,63,5.5,0.43,2026-08-26 14:00:00,46,65,4.25,4.3,4.4,1.9,6.9,220.0,109.0,2026-08-26 05:28:00,2026-08-26 18:12:00,True,Ranchi
25.4,91,30.0,11.6,11.6,65,9.2,0.427,2026-08-26 15:00:00,46,64,1.85,4.7,4.8,2.4,7.0,228.0,109.0,2026-08-26 05:28:00,2026-08-26 18:12:00,True,Ranchi
24.9,94,29.4,1.7,1.7,61,9.7,0.425,2026-08-26 16:00:00,44,64,0.7,4.9,5.0,3.2,7.2,239.0,106.0,2026-08-26 05:28:00,2026-08-26 18:12:00,True,Ranchi
26.4,85,32.2,0.4,0.4,51,0.0,0.425,2026-08-26 17:00:00,34,63,0.1,10.7,10.7,4.6,3.6,247.0,85.0,2026-08-26 05:28:00,2026-08-26 18:12:00,True,Ranchi
25.1,94,30.1,0.2,0.2,51,7.4,0.424,2026-08-26 18:00:00,31,62,0.0,11.3,11.3,7.3,3.9,252.0,74.0,2026-08-26 05:28:00,2026-08-26 18:12:00,True,Ranchi
24.7,96,30.2,0.0,0.0,3,3.7,0.422,2026-08-26 19:00:00,29,60,0.0,12.5,12.5,11.0,4.2,254.0,58.0,2026-08-26 05:28:00,2026-08-26 18:12:00,False,Ranchi
24.4,97,30.0,0.0,0.0,2,3.3,0.42,2026-08-26 20:00:00,27,59,0.0,14.6,14.7,13.5,4.9,255.0,48.0,2026-08-26 05:28:00,2026-08-26 18:12:00,False,Ranchi
24.2,98,29.2,0.0,0.0,3,6.2,0.419,2026-08-26 21:00:00,26,58,0.0,15.7,15.8,13.6,5.9,253.0,48.0,2026-08-26 05:28:00,2026-08-26 18:12:00,False,Ranchi
24.0,99,29.2,0.0,0.0,1,4.4,0.418,2026-08-26 22:00:00,25,56,0.0,17.2,17.3,12.4,7.2,248.0,53.0,2026-08-26 05:28:00,2026-08-26 18:12:00,False,Ranchi
24.3,98,29.3,0.0,0.0,3,6.6,0.417,2026-08-26 23:00:00,24,55,0.0,18.6,18.8,11.0,8.5,245.0,58.0,2026-08-26 05:28:00,2026-08-26 18:12:00,False,Ranchi
24.1,99,29.1,0.0,0.0,3,6.3,0.417,2026-08-27 00:00:00,24,54,0.0,13.9,14.1,9.6,9.9,245.0,61.0,2026-08-27 05:29:00,2026-08-27 18:11:00,False,Ranchi
24.0,98,28.8,0.0,0.0,3,6.9,0.416,2026-08-27 01:00:00,26,53,0.0,14.2,14.4,8.0,11.4,247.0,65.0,2026-08-27 05:29:00,2026-08-27 18:11:00,False,Ranchi
23.5,98,28.3,0.0,0.0,2,5.5,0.415,2026-08-27 02:00:00,26,52,0.0,14.3,14.6,6.9,12.7,248.0,66.0,2026-08-27 05:29:00,2026-08-27 18:11:00,False,Ranchi
23.4,98,27.6,0.0,0.0,2,8.3,0.415,2026-08-27 03:00:00,26,51,0.0,12.3,12.5,6.6,13.5,246.0,64.0,2026-08-27 05:29:00,2026-08-27 18:11:00,False,Ranchi
23.6,98,29.0,0.0,0.0,3,0.8,0.414,2026-08-27 04:00:00,24,51,0.0,13.6,13.8,6.8,14.0,244.0,59.0,2026-08-27 05:29:00,2026-08-27 18:11:00,False,Ranchi
24.0,98,29.5,0.0,0.0,3,2.0,0.415,2026-08-27 05:00:00,22,50,0.0,31.9,32.6,11.0,20.9,242.0,56.0,2026-08-27 05:29:00,2026-08-27 18:11:00,False,Ranchi
24.1,98,28.7,0.5,0.5,53,8.2,0.42,2026-08-27 06:00:00,27,52,0.35,33.5,34.2,9.3,23.5,243.0,67.0,2026-08-27 05:29:00,2026-08-27 18:11:00,True,Ranchi
25.2,91,29.8,0.3,0.3,51,8.0,0.421,2026-08-27 07:00:00,34,54,1.5,30.5,31.4,6.9,26.9,244.0,84.0,2026-08-27 05:29:00,2026-08-27 18:11:00,True,Ranchi
26.5,85,31.7,0.1,0.1,51,5.1,0.419,2026-08-27 08:00:00,40,57,3.65,25.4,26.5,4.8,28.1,243.0,100.0,2026-08-27 05:29:00,2026-08-27 18:11:00,True,Ranchi
27.9,80,33.7,0.1,0.1,51,2.7,0.417,2026-08-27 09:00:00,51,58,5.95,22.9,23.9,3.4,25.1,238.0,116.0,2026-08-27 05:29:00,2026-08-27 18:11:00,True,Ranchi
28.6,78,35.3,0.1,0.1,51,1.3,0.414,2026-08-27 10:00:00,60,60,7.5,22.5,23.4,2.4,19.9,230.0,132.0,2026-08-27 05:29:00,2026-08-27 18:11:00,True,Ranchi
28.9,74,35.2,0.2,0.2,51,4.1,0.412,2026-08-27 11:00:00,62,61,6.45,21.8,22.6,1.8,15.4,224.0,142.0,2026-08-27 05:29:00,2026-08-27 18:11:00,True,Ranchi
28.9,76,35.0,0.8,0.8,53,6.9,0.416,2026-08-27 12:00:00,62,63,4.5,21.9,22.7,1.6,12.7,219.0,141.0,2026-08-27 05:29:00,2026-08-27 18:11:00,True,Ranchi
25.9,91,30.9,5.0,5.0,63,8.4,0.43,2026-08-27 13:00:00,61,64,2.85,21.5,22.1,1.8,10.8,215.0,134.0,2026-08-27 05:29:00,2026-08-27 18:11:00,True,Ranchi
26.3,93,32.2,1.6,1.6,61,4.9,0.426,2026-08-27 14:00:00,57,66,2.25,21.5,22.2,2.2,9.2,216.0,125.0,2026-08-27 05:29:00,2026-08-27 18:11:00,True,Ranchi
27.0,85,32.0,0.8,0.8,53,8.7,0.425,2026-08-27 15:00:00,51,74,1.4,18.9,19.6,2.8,7.8,224.0,116.0,2026-08-27 05:29:00,2026-08-27 18:11:00,True,Ranchi
25.5,90,30.1,5.5,5.5,63,8.1,0.425,2026-08-27 16:00:00,45,81,0.6,18.3,19.0,3.7,6.7,236.0,107.0,2026-08-27 05:29:00,2026-08-27 18:11:00,True,Ranchi
26.6,82,31.3,1.2,1.2,55,6.1,0.422,2026-08-27 17:00:00,39,82,0.1,18.8,19.4,4.7,6.2,246.0,98.0,2026-08-27 05:29:00,2026-08-27 18:11:00,True,Ranchi
25.4,89,30.0,0.0,0.0,3,7.4,0.42,2026-08-27 18:00:00,39,78,0.0,19.2,19.8,6.0,6.3,250.0,91.0,2026-08-27 05:29:00,2026-08-27 18:11:00,True,Ranchi
25.0,92,30.2,0.0,0.0,3,4.2,0.419,2026-08-27 19:00:00,40,70,0.0,19.4,20.0,7.4,6.9,251.0,84.0,2026-08-27 05:29:00,2026-08-27 18:11:00,False,Ranchi
24.8,92,29.5,0.0,0.0,3,7.1,0.417,2026-08-27 20:00:00,40,71,0.0,20.3,20.8,8.2,8.0,251.0,81.0,2026-08-27 05:29:00,2026-08-27 18:11:00,False,Ranchi
24.6,93,29.2,0.0,0.0,3,8.0,0.417,2026-08-27 21:00:00,41,71,0.0,21.9,22.4,8.1,9.8,252.0,83.0,2026-08-27 05:29:00,2026-08-27 18:11:00,False,Ranchi
24.1,96,28.6,0.0,0.0,1,8.5,0.416,2026-08-27 22:00:00,42,72,0.0,20.7,21.1,7.4,12.0,252.0,88.0,2026-08-27 05:29:00,2026-08-27 18:11:00,False,Ranchi
24.3,95,28.9,0.0,0.0,3,6.9,0.415,2026-08-27 23:00:00,43,72,0.0,18.5,18.8,6.9,13.5,251.0,90.0,2026-08-27 05:29:00,2026-08-27 18:11:00,False,Ranchi
24.0,96,29.1,0.0,0.0,3,3.8,0.415,2026-08-28 00:00:00,43,72,0.0,14.8,15.0,7.0,13.5,248.0,85.0,2026-08-28 05:29:00,2026-08-28 18:10:00,False,Ranchi
23.9,96,29.0,0.0,0.0,3,3.7,0.414,2026-08-28 01:00:00,43,72,0.0,13.0,13.1,7.2,12.7,244.0,77.0,2026-08-28 05:29:00,2026-08-28 18:10:00,False,Ranchi
23.8,96,28.6,0.0,0.0,3,4.7,0.414,2026-08-28 02:00:00,43,72,0.0,12.4,12.4,7.3,12.1,243.0,70.0,2026-08-28 05:29:00,2026-08-28 18:10:00,False,Ranchi
23.6,97,28.5,0.0,0.0,3,3.9,0.413,2026-08-28 03:00:00,43,72,0.0,11.7,11.7,7.2,12.1,247.0,65.0,2026-08-28 05:29:00,2026-08-28 18:10:00,False,Ranchi
23.6,97,28.3,0.0,0.0,3,4.9,0.413,2026-08-28 04:00:00,42,72,0.0,11.0,11.0,7.0,12.3,253.0,60.0,2026-08-28 05:29:00,2026-08-28 18:10:00,False,Ranchi
24.1,97,28.9,0.0,0.0,3,6.8,0.41,2026-08-28 05:00:00,42,72,0.0,16.7,17.2,10.2,5.5,258.0,50.0,2026-08-28 05:29:00,2026-08-28 18:10:00,False,Ranchi
24.7,92,28.8,0.0,0.0,3,10.7,0.41,2026-08-28 06:00:00,40,71,0.35,14.5,15.1,9.0,9.9,258.0,61.0,2026-08-28 05:29:00,2026-08-28 18:10:00,True,Ranchi
25.3,90,29.7,0.2,0.2,51,9.7,0.411,2026-08-28 07:00:00,38,69,1.35,11.9,12.5,7.3,15.9,257.0,77.0,2026-08-28 05:29:00,2026-08-28 18:10:00,True,Ranchi
26.2,87,30.7,0.2,0.2,51,10.3,0.411,2026-08-28 08:00:00,37,68,2.8,11.7,12.4,5.8,19.7,255.0,91.0,2026-08-28 05:29:00,2026-08-28 18:10:00,True,Ranchi
27.4,80,32.5,0.1,0.1,51,5.8,0.409,2026-08-28 09:00:00,41,66,4.9,13.4,14.1,4.9,19.3,253.0,101.0,2026-08-28 05:29:00,2026-08-28 18:10:00,True,Ranchi
28.1,74,33.4,0.0,0.0,3,1.5,0.407,2026-08-28 10:00:00,45,66,1.3,14.7,15.3,4.3,16.6,251.0,108.0,2026-08-28 05:29:00,2026-08-28 18:10:00,True,Ranchi
28.4,72,33.4,0.0,0.0,3,2.3,0.408,2026-08-28 11:00:00,49,65,2.2,15.9,16.4,3.8,14.1,248.0,114.0,2026-08-28 05:29:00,2026-08-28 18:10:00,True,Ranchi
28.9,72,34.3,0.0,0.0,3,1.7,0.406,2026-08-28 12:00:00,53,65,2.9,16.1,16.5,3.1,12.6,243.0,119.0,2026-08-28 05:29:00,2026-08-28 18:10:00,True,Ranchi
29.6,72,37.1,0.1,0.1,51,1.3,0.403,2026-08-28 13:00:00,55,64,3.7,15.1,15.5,2.5,11.3,236.0,123.0,2026-08-28 05:29:00,2026-08-28 18:10:00,True,Ranchi
29.5,73,35.8,0.0,0.0,3,4.4,0.401,2026-08-28 14:00:00,55,64,2.35,13.6,13.9,2.4,9.8,233.0,122.0,2026-08-28 05:29:00,2026-08-28 18:10:00,True,Ranchi
26.0,87,30.2,3.6,3.6,63,10.9,0.43,2026-08-28 15:00:00,49,63,1.2,12.0,12.3,3.0,7.6,234.0,113.0,2026-08-28 05:29:00,2026-08-28 18:10:00,True,Ranchi
23.9,96,27.6,5.6,5.6,63,12.6,0.428,2026-08-28 16:00:00,40,63,0.4,10.3,10.6,4.1,5.2,237.0,99.0,2026-08-28 05:29:00,2026-08-28 18:10:00,True,Ranchi
25.7,89,31.1,3.1,3.1,63,4.0,0.425,2026-08-28 17:00:00,36,62,0.1,15.3,15.6,5.2,5.5,243.0,89.0,2026-08-28 05:29:00,2026-08-28 18:10:00,True,Ranchi
25.4,93,31.1,0.1,0.1,51,3.4,0.421,2026-08-28 18:00:00,32,62,0.0,15.4,15.7,6.8,5.5,254.0,80.0,2026-08-28 05:29:00,2026-08-28 18:10:00,True,Ranchi
25.4,92,30.8,0.0,0.0,3,4.7,0.418,2026-08-28 19:00:00,30,61,0.0,15.0,15.2,9.1,5.6,268.0,68.0,2026-08-28 05:29:00,2026-08-28 18:10:00,False,Ranchi
25.3,92,30.6,0.2,0.2,51,5.0,0.417,2026-08-28 20:00:00,30,61,0.0,14.8,15.1,11.0,5.6,278.0,57.0,2026-08-28 05:29:00,2026-08-28 18:10:00,False,Ranchi
25.0,94,30.2,0.1,0.1,51,5.5,0.416,2026-08-28 21:00:00,29,61,0.0,15.5,15.9,12.3,5.4,280.0,51.0,2026-08-28 05:29:00,2026-08-28 18:10:00,False,Ranchi
24.7,95,30.0,0.0,0.0,3,4.4,0.415,2026-08-28 22:00:00,29,60,0.0,16.6,17.1,13.3,5.2,278.0,46.0,2026-08-28 05:29:00,2026-08-28 18:10:00,False,Ranchi
23.7,97,28.1,1.7,1.7,61,7.4,0.43,2026-08-28 23:00:00,28,60,0.0,16.5,16.9,14.0,5.1,275.0,43.0,2026-08-28 05:29:00,2026-08-28 18:10:00,False,Ranchi
22.8,97,27.6,4.7,4.7,63,1.2,0.427,2026-08-29 00:00:00,28,60,0.0,17.0,17.4,14.4,5.0,272.0,40.0,2026-08-29 05:29:00,2026-08-29 18:09:00,False,Ranchi
23.0,98,27.1,2.0,2.0,61,7.8,0.426,2026-08-29 01:00:00,28,60,0.0,17.7,18.2,14.5,5.0,268.0,38.0,2026-08-29 05:29:00,2026-08-29 18:09:00,False,Ranchi
23.2,97,27.0,0.4,0.4,51,10.5,0.425,2026-08-29 02:00:00,29,60,0.0,18.0,18.5,14.3,5.4,266.0,37.0,2026-08-29 05:29:00,2026-08-29 18:09:00,False,Ranchi
23.2,98,27.2,0.0,0.0,3,9.2,0.423,2026-08-29 03:00:00,29,61,0.0,18.3,18.8,13.7,5.6,268.0,38.0,2026-08-29 05:29:00,2026-08-29 18:09:00,False,Ranchi
23.1,98,26.8,0.0,0.0,3,10.5,0.421,2026-08-29 04:00:00,30,61,0.0,18.9,19.3,12.9,6.1,273.0,42.0,2026-08-29 05:29:00,2026-08-29 18:09:00,False,Ranchi
23.8,98,27.6,0.3,0.3,51,13.2,0.42,2026-08-29 05:00:00,30,62,0.0,20.5,21.3,12.5,10.7,273.0,48.0,2026-08-29 05:29:00,2026-08-29 18:09:00,False,Ranchi
24.0,97,27.8,0.0,0.0,3,13.4,0.419,2026-08-29 06:00:00,31,62,0.3,20.8,21.5,11.4,17.8,266.0,58.0,2026-08-29 05:29:00,2026-08-29 18:09:00,True,Ranchi
24.7,94,28.6,0.1,0.1,51,13.2,0.418,2026-08-29 07:00:00,31,63,1.2,18.1,18.7,9.9,27.4,255.0,72.0,2026-08-29 05:29:00,2026-08-29 18:09:00,True,Ranchi
26.0,90,30.7,0.0,0.0,3,10.5,0.417,2026-08-29 08:00:00,35,63,3.0,17.3,17.9,8.4,33.7,246.0,87.0,2026-08-29 05:29:00,2026-08-29 18:09:00,True,Ranchi
27.3,84,32.2,0.2,0.2,51,9.2,0.416,2026-08-29 09:00:00,41,63,4.35,18.7,19.4,6.9,33.4,241.0,102.0,2026-08-29 05:29:00,2026-08-29 18:09:00,True,Ranchi
28.6,73,33.3,0.2,0.2,51,6.8,0.415,2026-08-29 10:00:00,51,64,2.65,19.8,20.4,5.5,29.7,239.0,117.0,2026-08-29 05:29:00,2026-08-29 18:09:00,True,Ranchi
28.6,72,33.2,0.6,0.6,53,5.8,0.422,2026-08-29 11:00:00,59,64,3.0,21.8,22.2,4.4,26.1,242.0,129.0,2026-08-29 05:29:00,2026-08-29 18:09:00,True,Ranchi
26.6,83,31.2,2.4,2.4,61,7.8,0.43,2026-08-29 12:00:00,61,65,2.55,22.1,22.4,3.8,23.6,251.0,136.0,2026-08-29 05:29:00,2026-08-29 18:09:00,True,Ranchi
26.3,85,31.2,6.2,6.2,63,8.3,0.426,2026-08-29 13:00:00,62,65,1.85,21.4,21.7,3.7,21.2,264.0,140.0,2026-08-29 05:29:00,2026-08-29 18:09:00,True,Ranchi
25.6,90,29.9,0.8,0.8,53,10.8,0.425,2026-08-29 14:00:00,62,66,2.35,20.3,20.5,3.9,19.0,280.0,141.0,2026-08-29 05:29:00,2026-08-29 18:09:00,True,Ranchi
26.1,88,31.2,0.8,0.8,53,6.1,0.425,2026-08-29 15:00:00,62,66,1.4,19.6,19.7,4.4,16.9,295.0,139.0,2026-08-29 05:29:00,2026-08-29 18:09:00,True,Ranchi
26.5,85,31.6,0.2,0.2,51,5.3,0.423,2026-08-29 16:00:00,61,77,0.6,19.0,19.1,5.4,15.0,313.0,133.0,2026-08-29 05:29:00,2026-08-29 18:09:00,True,Ranchi
26.1,86,31.4,0.4,0.4,51,3.6,0.42,2026-08-29 17:00:00,53,87,0.1,22.6,22.8,7.2,11.9,338.0,120.0,2026-08-29 05:29:00,2026-08-29 18:09:00,True,Ranchi
25.2,93,30.5,2.6,2.6,63,4.4,0.425,2026-08-29 18:00:00,45,91,0.0,24.2,24.3,9.0,10.9,383.0,107.0,2026-08-29 05:29:00,2026-08-29 18:09:00,True,Ranchi
24.8,94,29.5,1.9,1.9,61,9.3,0.424,2026-08-29 19:00:00,38,89,0.0,23.9,24.0,11.5,9.4,437.0,90.0,2026-08-29 05:29:00,2026-08-29 18:09:00,False,Ranchi
24.4,96,28.7,0.8,0.8,53,10.7,0.424,2026-08-29 20:00:00,39,81,0.0,22.4,22.5,13.3,8.3,469.0,76.0,2026-08-29 05:29:00,2026-08-29 18:09:00,False,Ranchi
23.9,98,28.0,0.1,0.1,51,11.3,0.423,2026-08-29 21:00:00,39,70,0.0,21.6,21.7,13.6,7.7,466.0,70.0,2026-08-29 05:29:00,2026-08-29 18:09:00,False,Ranchi
23.5,98,27.3,0.0,0.0,3,12.2,0.421,2026-08-29 22:00:00,40,71,0.0,21.4,21.5,13.1,7.4,442.0,67.0,2026-08-29 05:29:00,2026-08-29 18:09:00,False,Ranchi
23.8,98,27.1,0.1,0.1,51,16.6,0.42,2026-08-29 23:00:00,40,71,0.0,20.7,20.8,12.6,7.6,406.0,65.0,2026-08-29 05:29:00,2026-08-29 18:09:00,False,Ranchi
23.6,98,26.7,0.0,0.0,3,17.4,0.419,2026-08-30 00:00:00,41,71,0.0,21.2,21.3,12.2,8.6,351.0,63.0,2026-08-30 05:30:00,2026-08-30 18:08:00,False,Ranchi
23.4,98,26.8,0.0,0.0,3,14.9,0.418,2026-08-30 01:00:00,42,72,0.0,22.0,22.1,11.8,10.0,286.0,62.0,2026-08-30 05:30:00,2026-08-30 18:08:00,False,Ranchi
23.3,99,26.6,0.0,0.0,3,15.5,0.417,2026-08-30 02:00:00,42,72,0.0,21.6,21.7,11.2,11.2,242.0,62.0,2026-08-30 05:30:00,2026-08-30 18:08:00,False,Ranchi
23.4,99,26.9,0.1,0.1,51,14.1,0.417,2026-08-30 03:00:00,43,72,0.0,19.3,19.4,10.5,11.8,241.0,62.0,2026-08-30 05:30:00,2026-08-30 18:08:00,False,Ranchi
23.4,99,26.8,0.0,0.0,3,14.8,0.416,2026-08-30 04:00:00,43,72,0.0,17.9,18.0,9.8,12.3,263.0,62.0,2026-08-30 05:30:00,2026-08-30 18:08:00,False,Ranchi
23.0,99,26.5,0.0,0.0,3,12.4,0.413,2026-08-30 05:00:00,43,72,0.0,5.7,5.8,5.9,5.6,276.0,84.0,2026-08-30 05:30:00,2026-08-30 18:08:00,False,Ranchi
23.3,98,26.7,0.0,0.0,3,13.9,0.413,2026-08-30 06:00:00,41,71,0.35,5.3,5.4,5.7,6.5,269.0,88.0,2026-08-30 05:30:00,2026-08-30 18:08:00,True,Ranchi
24.3,93,28.1,0.0,0.0,2,11.9,0.412,2026-08-30 07:00:00,39,70,1.1,4.2,4.3,5.3,7.8,254.0,93.0,2026-08-30 05:30:00,2026-08-30 18:08:00,True,Ranchi
26.3,83,29.9,0.0,0.0,3,13.8,0.411,2026-08-30 08:00:00,40,69,2.7,4.2,4.3,4.8,8.6,239.0,100.0,2026-08-30 05:30:00,2026-08-30 18:08:00,True,Ranchi
27.3,81,31.3,0.2,0.2,51,12.9,0.411,2026-08-30 09:00:00,45,68,3.9,5.4,5.5,3.9,8.6,224.0,108.0,2026-08-30 05:30:00,2026-08-30 18:08:00,True,Ranchi
28.5,78,34.2,0.1,0.1,51,11.2,0.408,2026-08-30 10:00:00,51,67,5.9,7.2,7.3,2.9,8.2,209.0,117.0,2026-08-30 05:30:00,2026-08-30 18:08:00,True,Ranchi
28.6,75,34.1,0.1,0.1,51,13.2,0.406,2026-08-30 11:00:00,56,66,4.7,8.1,8.3,2.1,8.0,197.0,124.0,2026-08-30 05:30:00,2026-08-30 18:08:00,True,Ranchi
28.4,77,33.5,0.6,0.6,53,13.0,0.408,2026-08-30 12:00:00,60,65,5.4,9.5,9.7,1.7,8.4,190.0,130.0,2026-08-30 05:30:00,2026-08-30 18:08:00,True,Ranchi
29.2,73,34.6,0.2,0.2,51,12.4,0.405,2026-08-30 13:00:00,61,64,5.35,11.0,11.3,1.6,9.0,186.0,134.0,2026-08-30 05:30:00,2026-08-30 18:08:00,True,Ranchi
28.5,76,32.8,0.2,0.2,51,14.7,0.404,2026-08-30 14:00:00,61,63,3.0,12.0,12.3,1.9,9.5,188.0,134.0,2026-08-30 05:30:00,2026-08-30 18:08:00,True,Ranchi
28.3,74,32.0,0.2,0.2,51,13.1,0.403,2026-08-30 15:00:00,57,66,1.25,11.7,12.0,2.9,9.6,201.0,126.0,2026-08-30 05:30:00,2026-08-30 18:08:00,True,Ranchi
26.0,85,29.8,1.0,1.0,55,12.5,0.41,2026-08-30 16:00:00,49,74,0.6,11.9,12.1,4.4,9.6,221.0,113.0,2026-08-30 05:30:00,2026-08-30 18:08:00,True,Ranchi
26.7,81,30.4,2.1,2.1,61,12.5,0.43,2026-08-30 17:00:00,37,76,0.05,19.8,20.4,6.0,7.6,233.0,92.0,2026-08-30 05:30:00,2026-08-30 18:08:00,True,Ranchi
25.6,89,30.0,0.1,0.1,51,9.9,0.424,2026-08-30 18:00:00,35,73,0.0,18.3,18.6,6.3,6.8,232.0,87.0,2026-08-30 05:30:00,2026-08-30 18:08:00,True,Ranchi
24.6,91,28.5,3.4,3.4,63,9.9,0.426,2026-08-30 19:00:00,32,66,0.0,17.2,17.6,6.8,5.7,224.0,80.0,2026-08-30 05:30:00,2026-08-30 18:08:00,False,Ranchi
23.8,96,27.4,0.7,0.7,53,12.6,0.424,2026-08-30 20:00:00,30,60,0.0,16.9,17.3,7.3,5.2,215.0,75.0,2026-08-30 05:30:00,2026-08-30 18:08:00,False,Ranchi
23.6,98,27.1,0.5,0.5,53,13.7,0.424,2026-08-30 21:00:00,29,59,0.0,16.8,17.1,8.1,5.9,205.0,72.0,2026-08-30 05:30:00,2026-08-30 18:08:00,False,Ranchi
23.5,99,27.2,0.4,0.4,51,12.8,0.423,2026-08-30 22:00:00,28,59,0.0,16.3,16.6,9.0,7.2,194.0,70.0,2026-08-30 05:30:00,2026-08-30 18:08:00,False,Ranchi
23.6,97,26.7,0.0,0.0,3,16.5,0.422,2026-08-30 23:00:00,28,59,0.0,15.1,15.4,9.4,8.3,187.0,70.0,2026-08-30 05:30:00,2026-08-30 18:08:00,False,Ranchi
26.7,97,33.3,0.4,0.4,51,6.9,0.394,2026-08-25 00:00:00,45,73,0.0,17.7,18.9,10.7,8.2,433.0,86.0,2026-08-25 05:29:00,2026-08-25 18:08:00,False,Bhubaneswar
26.3,97,32.4,0.7,0.7,53,8.1,0.394,2026-08-25 01:00:00,45,73,0.0,18.0,19.3,10.9,8.0,431.0,79.0,2026-08-25 05:29:00,2026-08-25 18:08:00,False,Bhubaneswar
26.0,95,31.3,0.9,0.9,53,10.9,0.394,2026-08-25 02:00:00,45,73,0.0,18.6,20.2,11.7,8.0,433.0,72.0,2026-08-25 05:29:00,2026-08-25 18:08:00,False,Bhubaneswar
25.6,96,30.9,0.1,0.1,51,8.5,0.394,2026-08-25 03:00:00,46,74,0.0,20.4,22.5,14.1,8.1,445.0,61.0,2026-08-25 05:29:00,2026-08-25 18:08:00,False,Bhubaneswar
25.5,96,31.1,0.1,0.1,51,6.6,0.394,2026-08-25 04:00:00,47,74,0.0,23.2,25.8,17.2,8.2,462.0,50.0,2026-08-25 05:29:00,2026-08-25 18:08:00,False,Bhubaneswar
26.5,99,32.9,0.0,0.0,2,7.6,0.377,2026-08-25 05:00:00,49,75,0.0,17.2,18.2,9.6,7.7,468.0,71.0,2026-08-25 05:29:00,2026-08-25 18:08:00,False,Bhubaneswar
27.1,98,34.0,0.0,0.0,2,6.0,0.377,2026-08-25 06:00:00,48,75,0.25,18.8,19.7,8.7,8.1,459.0,77.0,2026-08-25 05:29:00,2026-08-25 18:08:00,True,Bhubaneswar
28.4,93,35.5,0.0,0.0,1,7.5,0.377,2026-08-25 07:00:00,47,74,1.05,18.3,19.7,7.3,8.6,439.0,86.0,2026-08-25 05:29:00,2026-08-25 18:08:00,True,Bhubaneswar
30.2,84,36.9,0.0,0.0,2,9.7,0.375,2026-08-25 08:00:00,46,74,2.85,16.7,18.0,6.0,8.7,408.0,96.0,2026-08-25 05:29:00,2026-08-25 18:08:00,True,Bhubaneswar
31.0,76,37.2,0.2,0.2,51,10.7,0.373,2026-08-25 09:00:00,45,73,5.3,14.9,15.7,4.7,8.2,356.0,108.0,2026-08-25 05:29:00,2026-08-25 18:08:00,True,Bhubaneswar
31.5,73,37.9,0.3,0.3,51,12.1,0.371,2026-08-25 10:00:00,54,72,6.3,14.5,14.9,3.4,7.2,292.0,121.0,2026-08-25 05:29:00,2026-08-25 18:08:00,True,Bhubaneswar
32.0,69,37.5,0.3,0.3,51,17.8,0.362,2026-08-25 11:00:00,60,71,7.85,14.1,14.5,2.5,6.4,246.0,130.0,2026-08-25 05:29:00,2026-08-25 18:08:00,True,Bhubaneswar
32.1,70,38.6,0.4,0.4,51,14.5,0.36,2026-08-25 12:00:00,60,70,6.95,13.0,13.2,2.2,5.8,230.0,132.0,2026-08-25 05:29:00,2026-08-25 18:08:00,True,Bhubaneswar
28.8,88,35.8,5.2,5.2,63,6.5,0.416,2026-08-25 13:00:00,60,69,5.7,12.0,12.2,2.4,5.3,231.0,130.0,2026-08-25 05:29:00,2026-08-25 18:08:00,True,Bhubaneswar
30.8,80,37.9,0.5,0.5,53,5.6,0.412,2026-08-25 14:00:00,56,68,2.5,10.7,10.9,3.2,4.8,245.0,124.0,2026-08-25 05:29:00,2026-08-25 18:08:00,True,Bhubaneswar
29.0,87,35.0,2.8,2.8,63,12.5,0.419,2026-08-25 15:00:00,48,68,1.1,11.0,11.2,5.1,4.2,274.0,112.0,2026-08-25 05:29:00,2026-08-25 18:08:00,True,Bhubaneswar
28.3,89,34.3,0.7,0.7,53,11.0,0.412,2026-08-25 16:00:00,38,69,0.4,11.2,11.4,7.7,3.7,316.0,96.0,2026-08-25 05:29:00,2026-08-25 18:08:00,True,Bhubaneswar
29.8,84,36.8,0.2,0.2,51,6.3,0.398,2026-08-25 17:00:00,40,69,0.05,31.7,32.8,9.9,5.4,353.0,99.0,2026-08-25 05:29:00,2026-08-25 18:08:00,True,Bhubaneswar
28.7,88,35.6,0.0,0.0,3,6.0,0.397,2026-08-25 18:00:00,37,67,0.0,31.3,32.6,11.2,5.6,384.0,92.0,2026-08-25 05:29:00,2026-08-25 18:08:00,True,Bhubaneswar
28.1,91,34.7,0.0,0.0,3,7.4,0.396,2026-08-25 19:00:00,36,67,0.0,30.3,31.4,12.9,6.0,412.0,82.0,2026-08-25 05:29:00,2026-08-25 18:08:00,False,Bhubaneswar
27.8,91,34.5,0.0,0.0,3,6.0,0.394,2026-08-25 20:00:00,37,68,0.0,29.7,30.7,14.3,6.2,425.0,73.0,2026-08-25 05:29:00,2026-08-25 18:08:00,False,Bhubaneswar
27.6,92,34.3,0.0,0.0,3,5.6,0.393,2026-08-25 21:00:00,38,69,0.0,32.5,33.6,15.2,6.3,416.0,67.0,2026-08-25 05:29:00,2026-08-25 18:08:00,False,Bhubaneswar
27.5,93,34.3,0.0,0.0,3,4.6,0.392,2026-08-25 22:00:00,39,70,0.0,34.5,36.0,15.8,6.2,392.0,63.0,2026-08-25 05:29:00,2026-08-25 18:08:00,False,Bhubaneswar
28.0,93,35.4,0.0,0.0,3,3.9,0.392,2026-08-25 23:00:00,40,71,0.0,32.6,34.2,15.7,6.0,368.0,61.0,2026-08-25 05:29:00,2026-08-25 18:08:00,False,Bhubaneswar
27.6,95,34.6,0.0,0.0,2,5.9,0.391,2026-08-26 00:00:00,42,72,0.0,30.6,32.4,14.0,5.4,345.0,63.0,2026-08-26 05:29:00,2026-08-26 18:07:00,False,Bhubaneswar
27.2,97,34.4,0.2,0.2,51,4.0,0.392,2026-08-26 01:00:00,44,73,0.0,28.3,30.0,11.6,4.7,320.0,67.0,2026-08-26 05:29:00,2026-08-26 18:07:00,False,Bhubaneswar
26.6,98,32.6,0.7,0.7,53,10.8,0.396,2026-08-26 02:00:00,46,74,0.0,27.5,29.4,10.3,4.3,302.0,67.0,2026-08-26 05:29:00,2026-08-26 18:07:00,False,Bhubaneswar
26.3,96,31.5,3.5,3.5,63,12.6,0.396,2026-08-26 03:00:00,48,74,0.0,28.9,31.1,11.3,4.4,294.0,59.0,2026-08-26 05:29:00,2026-08-26 18:07:00,False,Bhubaneswar
26.3,96,32.1,0.7,0.7,53,8.7,0.395,2026-08-26 04:00:00,49,75,0.0,29.9,31.9,13.4,4.9,293.0,48.0,2026-08-26 05:29:00,2026-08-26 18:07:00,False,Bhubaneswar
26.9,96,33.2,0.2,0.2,51,7.6,0.393,2026-08-26 05:00:00,50,75,0.0,19.0,19.7,8.1,6.2,294.0,75.0,2026-08-26 05:29:00,2026-08-26 18:07:00,False,Bhubaneswar
26.6,95,32.1,0.0,0.0,3,11.1,0.392,2026-08-26 06:00:00,50,76,0.35,21.3,21.7,8.1,6.8,299.0,76.0,2026-08-26 05:29:00,2026-08-26 18:07:00,True,Bhubaneswar
27.8,91,34.1,0.0,0.0,3,8.6,0.391,2026-08-26 07:00:00,51,76,1.3,20.7,21.4,8.1,7.6,306.0,79.0,2026-08-26 05:29:00,2026-08-26 18:07:00,True,Bhubaneswar
29.9,82,36.4,0.0,0.0,3,8.1,0.389,2026-08-26 08:00:00,51,76,3.0,19.9,21.0,7.6,8.5,301.0,85.0,2026-08-26 05:29:00,2026-08-26 18:07:00,True,Bhubaneswar
31.3,73,37.4,0.0,0.0,3,9.8,0.385,2026-08-26 09:00:00,52,76,4.9,19.3,21.3,6.4,9.5,272.0,98.0,2026-08-26 05:29:00,2026-08-26 18:07:00,True,Bhubaneswar
31.6,71,37.9,0.3,0.3,51,10.8,0.384,2026-08-26 10:00:00,52,77,5.75,19.2,21.8,4.7,10.7,232.0,114.0,2026-08-26 05:29:00,2026-08-26 18:07:00,True,Bhubaneswar
31.6,67,38.2,0.2,0.2,51,9.2,0.385,2026-08-26 11:00:00,57,77,6.35,19.2,21.8,3.5,11.3,205.0,126.0,2026-08-26 05:29:00,2026-08-26 18:07:00,True,Bhubaneswar
31.7,67,36.7,0.0,0.0,3,10.8,0.381,2026-08-26 12:00:00,61,77,6.6,19.2,22.1,2.8,11.3,202.0,133.0,2026-08-26 05:29:00,2026-08-26 18:07:00,True,Bhubaneswar
31.6,68,36.6,0.1,0.1,51,11.4,0.377,2026-08-26 13:00:00,61,78,5.45,20.7,24.2,2.6,10.8,211.0,136.0,2026-08-26 05:29:00,2026-08-26 18:07:00,True,Bhubaneswar
30.4,75,35.8,0.7,0.7,53,10.7,0.379,2026-08-26 14:00:00,61,79,2.75,21.9,26.0,3.1,10.0,229.0,134.0,2026-08-26 05:29:00,2026-08-26 18:07:00,True,Bhubaneswar
29.3,83,35.2,2.4,2.4,61,10.4,0.403,2026-08-26 15:00:00,58,79,1.45,23.6,28.0,4.8,8.7,255.0,122.0,2026-08-26 05:29:00,2026-08-26 18:07:00,True,Bhubaneswar
29.0,91,36.4,1.4,1.4,61,6.2,0.406,2026-08-26 16:00:00,60,80,0.4,21.4,24.9,7.2,7.2,288.0,104.0,2026-08-26 05:29:00,2026-08-26 18:07:00,True,Bhubaneswar
30.1,86,37.7,0.6,0.6,53,5.1,0.38,2026-08-26 17:00:00,60,81,0.1,26.5,30.7,10.3,6.4,323.0,84.0,2026-08-26 05:29:00,2026-08-26 18:07:00,True,Bhubaneswar
29.0,89,36.4,0.0,0.0,2,4.3,0.38,2026-08-26 18:00:00,60,81,0.0,28.3,32.1,12.2,6.7,366.0,76.0,2026-08-26 05:29:00,2026-08-26 18:07:00,True,Bhubaneswar
28.5,90,34.9,0.0,0.0,1,9.2,0.38,2026-08-26 19:00:00,60,81,0.0,30.0,33.8,14.8,7.0,410.0,66.0,2026-08-26 05:29:00,2026-08-26 18:07:00,False,Bhubaneswar
28.1,89,34.3,0.0,0.0,1,9.3,0.379,2026-08-26 20:00:00,60,81,0.0,30.6,34.8,16.6,7.1,434.0,58.0,2026-08-26 05:29:00,2026-08-26 18:07:00,False,Bhubaneswar
27.9,90,34.0,0.0,0.0,1,8.9,0.379,2026-08-26 21:00:00,60,81,0.0,31.7,36.4,16.9,6.8,422.0,55.0,2026-08-26 05:29:00,2026-08-26 18:07:00,False,Bhubaneswar
27.8,91,34.0,0.1,0.1,51,8.4,0.38,2026-08-26 22:00:00,60,81,0.0,32.4,37.8,16.3,6.3,390.0,54.0,2026-08-26 05:29:00,2026-08-26 18:07:00,False,Bhubaneswar
28.6,87,34.8,0.1,0.1,51,9.4,0.375,2026-08-26 23:00:00,60,80,0.0,32.2,38.2,15.6,5.8,358.0,53.0,2026-08-26 05:29:00,2026-08-26 18:07:00,False,Bhubaneswar
27.5,90,33.1,0.9,0.9,53,11.6,0.385,2026-08-27 00:00:00,60,80,0.0,31.7,37.6,14.7,5.4,325.0,51.0,2026-08-27 05:29:00,2026-08-27 18:06:00,False,Bhubaneswar
27.1,94,33.5,0.3,0.3,51,6.7,0.387,2026-08-27 01:00:00,60,80,0.0,29.8,35.3,13.6,5.0,292.0,49.0,2026-08-27 05:29:00,2026-08-27 18:06:00,False,Bhubaneswar
26.9,96,33.1,0.2,0.2,51,8.8,0.389,2026-08-27 02:00:00,60,81,0.0,27.9,32.9,13.1,4.8,283.0,46.0,2026-08-27 05:29:00,2026-08-27 18:06:00,False,Bhubaneswar
26.3,98,32.4,0.5,0.5,53,8.7,0.395,2026-08-27 03:00:00,60,81,0.0,26.5,31.3,13.9,4.7,319.0,39.0,2026-08-27 05:29:00,2026-08-27 18:06:00,False,Bhubaneswar
25.7,97,31.3,2.0,2.0,61,8.3,0.401,2026-08-27 04:00:00,60,80,0.0,25.8,30.5,15.3,4.8,378.0,32.0,2026-08-27 05:29:00,2026-08-27 18:06:00,False,Bhubaneswar
26.7,96,33.4,0.7,0.7,53,5.0,0.397,2026-08-27 05:00:00,60,80,0.0,32.8,39.6,16.5,6.2,425.0,44.0,2026-08-27 05:29:00,2026-08-27 18:06:00,False,Bhubaneswar
27.4,95,34.5,0.0,0.0,3,4.4,0.396,2026-08-27 06:00:00,60,81,0.3,35.3,41.3,14.1,7.8,449.0,56.0,2026-08-27 05:29:00,2026-08-27 18:06:00,True,Bhubaneswar
28.9,89,36.1,0.0,0.0,3,5.2,0.395,2026-08-27 07:00:00,61,82,1.4,32.1,38.3,10.6,9.9,460.0,74.0,2026-08-27 05:29:00,2026-08-27 18:06:00,True,Bhubaneswar
30.4,80,37.2,0.0,0.0,3,5.7,0.392,2026-08-27 08:00:00,61,83,3.3,28.9,35.4,7.7,11.8,450.0,95.0,2026-08-27 05:29:00,2026-08-27 18:06:00,True,Bhubaneswar
31.2,75,38.0,0.1,0.1,51,6.9,0.389,2026-08-27 09:00:00,62,84,5.85,27.0,33.1,5.7,13.2,403.0,121.0,2026-08-27 05:29:00,2026-08-27 18:06:00,True,Bhubaneswar
32.0,74,40.0,0.1,0.1,51,6.0,0.385,2026-08-27 10:00:00,64,84,7.95,26.7,32.2,4.1,14.3,334.0,151.0,2026-08-27 05:29:00,2026-08-27 18:06:00,True,Bhubaneswar
32.7,68,39.7,0.2,0.2,51,10.6,0.388,2026-08-27 11:00:00,67,85,8.6,27.4,32.2,3.1,14.7,280.0,171.0,2026-08-27 05:29:00,2026-08-27 18:06:00,True,Bhubaneswar
33.3,67,41.6,0.0,0.0,2,7.9,0.381,2026-08-27 12:00:00,69,86,7.3,27.3,31.8,2.5,14.0,254.0,178.0,2026-08-27 05:29:00,2026-08-27 18:06:00,True,Bhubaneswar
32.4,71,40.2,0.2,0.2,51,8.5,0.377,2026-08-27 13:00:00,68,86,4.35,26.4,30.6,2.4,12.6,242.0,176.0,2026-08-27 05:29:00,2026-08-27 18:06:00,True,Bhubaneswar
28.5,88,35.0,5.1,5.1,63,9.4,0.405,2026-08-27 14:00:00,67,87,3.05,24.9,28.9,3.1,10.9,242.0,166.0,2026-08-27 05:29:00,2026-08-27 18:06:00,True,Bhubaneswar
27.4,91,33.8,4.9,4.9,63,4.8,0.403,2026-08-27 15:00:00,63,107,1.2,22.1,25.8,4.9,8.9,257.0,145.0,2026-08-27 05:29:00,2026-08-27 18:06:00,True,Bhubaneswar
28.1,89,35.5,3.5,3.5,63,1.3,0.401,2026-08-27 16:00:00,63,122,0.25,19.4,22.4,7.5,6.6,282.0,116.0,2026-08-27 05:29:00,2026-08-27 18:06:00,True,Bhubaneswar
26.9,96,33.9,1.2,1.2,55,3.1,0.387,2026-08-27 17:00:00,63,127,0.05,17.9,20.0,9.7,5.0,303.0,92.0,2026-08-27 05:29:00,2026-08-27 18:06:00,True,Bhubaneswar
27.3,95,34.1,1.4,1.4,61,5.5,0.401,2026-08-27 18:00:00,63,121,0.0,18.4,20.3,11.2,4.7,311.0,79.0,2026-08-27 05:29:00,2026-08-27 18:06:00,True,Bhubaneswar
27.6,96,34.6,0.2,0.2,51,7.0,0.4,2026-08-27 19:00:00,62,105,0.0,19.2,20.8,12.4,5.0,315.0,72.0,2026-08-27 05:29:00,2026-08-27 18:06:00,False,Bhubaneswar
27.7,96,34.6,0.0,0.0,3,8.6,0.398,2026-08-27 20:00:00,62,84,0.0,18.3,19.6,13.5,5.2,321.0,65.0,2026-08-27 05:29:00,2026-08-27 18:06:00,False,Bhubaneswar
27.6,96,34.5,0.1,0.1,51,7.5,0.397,2026-08-27 21:00:00,61,83,0.0,16.1,17.1,14.6,5.0,336.0,57.0,2026-08-27 05:29:00,2026-08-27 18:06:00,False,Bhubaneswar
27.2,95,33.5,0.0,0.0,3,9.2,0.396,2026-08-27 22:00:00,61,82,0.0,16.9,17.6,15.6,4.6,354.0,51.0,2026-08-27 05:29:00,2026-08-27 18:06:00,False,Bhubaneswar
27.2,95,32.9,0.0,0.0,3,13.4,0.384,2026-08-27 23:00:00,60,81,0.0,15.0,15.5,15.9,4.4,364.0,46.0,2026-08-27 05:29:00,2026-08-27 18:06:00,False,Bhubaneswar
26.4,95,32.5,0.8,0.8,53,6.6,0.394,2026-08-28 00:00:00,59,80,0.0,14.7,15.3,15.1,4.4,357.0,44.0,2026-08-28 05:29:00,2026-08-28 18:05:00,False,Bhubaneswar
26.5,94,32.3,0.3,0.3,51,8.9,0.396,2026-08-28 01:00:00,56,78,0.0,14.4,14.9,13.7,4.6,342.0,44.0,2026-08-28 05:29:00,2026-08-28 18:05:00,False,Bhubaneswar
26.3,95,32.4,0.2,0.2,51,5.7,0.396,2026-08-28 02:00:00,54,77,0.0,14.2,14.6,12.7,5.1,332.0,44.0,2026-08-28 05:29:00,2026-08-28 18:05:00,False,Bhubaneswar
25.9,97,32.3,1.8,1.8,61,3.5,0.396,2026-08-28 03:00:00,51,76,0.0,14.4,15.0,12.7,5.9,335.0,42.0,2026-08-28 05:29:00,2026-08-28 18:05:00,False,Bhubaneswar
26.2,96,32.4,0.7,0.7,53,5.5,0.395,2026-08-28 04:00:00,49,75,0.0,14.3,15.1,12.9,7.0,342.0,40.0,2026-08-28 05:29:00,2026-08-28 18:05:00,False,Bhubaneswar
26.9,95,33.0,0.3,0.3,51,8.6,0.369,2026-08-28 05:00:00,47,74,0.0,18.9,20.0,13.7,9.9,342.0,44.0,2026-08-28 05:29:00,2026-08-28 18:05:00,False,Bhubaneswar
26.6,96,32.1,2.1,2.1,61,12.6,0.397,2026-08-28 06:00:00,45,73,0.35,19.5,20.5,11.8,10.8,328.0,56.0,2026-08-28 05:29:00,2026-08-28 18:05:00,True,Bhubaneswar
26.7,95,32.2,0.8,0.8,53,12.1,0.4,2026-08-28 07:00:00,42,72,1.45,16.9,18.3,9.2,12.2,308.0,73.0,2026-08-28 05:29:00,2026-08-28 18:05:00,True,Bhubaneswar
27.9,91,33.8,0.5,0.5,53,11.8,0.399,2026-08-28 08:00:00,40,71,3.1,16.6,18.4,7.0,13.8,285.0,90.0,2026-08-28 05:29:00,2026-08-28 18:05:00,True,Bhubaneswar
29.4,82,34.6,0.2,0.2,51,14.9,0.397,2026-08-28 09:00:00,44,70,4.65,16.5,18.2,5.6,15.8,257.0,106.0,2026-08-28 05:29:00,2026-08-28 18:05:00,True,Bhubaneswar
30.1,81,36.5,0.4,0.4,51,11.2,0.396,2026-08-28 10:00:00,54,69,5.2,17.1,18.7,4.7,18.1,227.0,121.0,2026-08-28 05:29:00,2026-08-28 18:05:00,True,Bhubaneswar
31.2,75,37.3,0.4,0.4,51,11.1,0.382,2026-08-28 11:00:00,61,68,5.25,18.7,20.3,4.1,19.5,214.0,133.0,2026-08-28 05:29:00,2026-08-28 18:05:00,True,Bhubaneswar
30.8,76,36.7,0.4,0.4,51,9.7,0.382,2026-08-28 12:00:00,62,67,4.45,20.6,22.2,3.7,19.7,228.0,141.0,2026-08-28 05:29:00,2026-08-28 18:05:00,True,Bhubaneswar
28.4,88,34.2,2.3,2.3,61,12.6,0.402,2026-08-28 13:00:00,63,67,2.95,21.9,23.4,3.6,19.1,259.0,145.0,2026-08-28 05:29:00,2026-08-28 18:05:00,True,Bhubaneswar
28.2,91,34.5,0.9,0.9,53,10.4,0.4,2026-08-28 14:00:00,62,67,1.85,22.0,23.4,4.4,18.0,294.0,143.0,2026-08-28 05:29:00,2026-08-28 18:05:00,True,Bhubaneswar
28.3,85,34.0,0.7,0.7,53,9.4,0.399,2026-08-28 15:00:00,60,69,0.95,21.6,22.8,6.6,16.2,338.0,130.0,2026-08-28 05:29:00,2026-08-28 18:05:00,True,Bhubaneswar
28.4,89,35.1,0.3,0.3,51,6.7,0.398,2026-08-28 16:00:00,47,81,0.4,21.8,22.9,9.7,14.0,386.0,110.0,2026-08-28 05:29:00,2026-08-28 18:05:00,True,Bhubaneswar
28.9,91,36.1,0.2,0.2,51,6.4,0.379,2026-08-28 17:00:00,35,85,0.05,32.6,36.0,13.6,11.6,413.0,88.0,2026-08-28 05:29:00,2026-08-28 18:05:00,True,Bhubaneswar
28.2,93,34.9,0.0,0.0,2,8.4,0.38,2026-08-28 18:00:00,37,82,0.0,31.2,33.9,14.2,11.5,402.0,81.0,2026-08-28 05:29:00,2026-08-28 18:05:00,True,Bhubaneswar
28.0,93,34.9,0.0,0.0,3,7.4,0.379,2026-08-28 19:00:00,38,73,0.0,30.4,32.9,15.0,11.4,370.0,72.0,2026-08-28 05:29:00,2026-08-28 18:05:00,False,Bhubaneswar
27.9,94,34.7,0.0,0.0,3,8.1,0.379,2026-08-28 20:00:00,39,70,0.0,29.0,31.8,15.5,11.0,347.0,64.0,2026-08-28 05:29:00,2026-08-28 18:05:00,False,Bhubaneswar
27.8,94,34.3,0.0,0.0,3,9.8,0.379,2026-08-28 21:00:00,40,70,0.0,28.9,31.8,15.5,10.2,350.0,58.0,2026-08-28 05:29:00,2026-08-28 18:05:00,False,Bhubaneswar
27.6,95,34.1,0.0,0.0,3,8.8,0.379,2026-08-28 22:00:00,41,71,0.0,28.5,31.7,15.1,9.1,361.0,53.0,2026-08-28 05:29:00,2026-08-28 18:05:00,False,Bhubaneswar
28.0,93,34.7,0.0,0.0,3,8.4,0.369,2026-08-28 23:00:00,43,72,0.0,27.1,30.7,14.6,8.2,360.0,49.0,2026-08-28 05:29:00,2026-08-28 18:05:00,False,Bhubaneswar
27.7,94,34.0,0.1,0.1,51,10.3,0.37,2026-08-29 00:00:00,45,73,0.0,26.7,30.7,13.8,7.5,333.0,47.0,2026-08-29 05:30:00,2026-08-29 18:04:00,False,Bhubaneswar
27.8,92,33.5,0.0,0.0,3,12.8,0.371,2026-08-29 01:00:00,47,74,0.0,26.9,31.4,12.7,7.1,295.0,47.0,2026-08-29 05:30:00,2026-08-29 18:04:00,False,Bhubaneswar
28.0,87,33.2,0.0,0.0,3,13.7,0.371,2026-08-29 02:00:00,49,75,0.0,27.5,32.6,11.9,7.0,264.0,47.0,2026-08-29 05:30:00,2026-08-29 18:04:00,False,Bhubaneswar
27.5,86,32.3,0.0,0.0,3,12.8,0.371,2026-08-29 03:00:00,52,76,0.0,28.4,34.0,11.6,7.4,246.0,47.0,2026-08-29 05:30:00,2026-08-29 18:04:00,False,Bhubaneswar
27.1,86,31.8,0.0,0.0,3,11.7,0.371,2026-08-29 04:00:00,54,77,0.0,29.2,35.0,11.5,8.2,236.0,48.0,2026-08-29 05:30:00,2026-08-29 18:04:00,False,Bhubaneswar
27.8,84,32.8,0.0,0.0,3,10.2,0.373,2026-08-29 05:00:00,56,78,0.0,31.2,36.4,12.2,9.8,239.0,48.0,2026-08-29 05:30:00,2026-08-29 18:04:00,False,Bhubaneswar
28.0,82,32.7,0.0,0.0,3,11.7,0.372,2026-08-29 06:00:00,58,79,0.3,32.4,37.5,11.8,11.3,269.0,53.0,2026-08-29 05:30:00,2026-08-29 18:04:00,True,Bhubaneswar
28.8,80,33.9,0.0,0.0,3,10.8,0.372,2026-08-29 07:00:00,60,80,1.2,33.1,37.8,11.1,13.4,312.0,60.0,2026-08-29 05:30:00,2026-08-29 18:04:00,True,Bhubaneswar
29.5,77,34.7,0.0,0.0,3,10.2,0.37,2026-08-29 08:00:00,61,82,2.35,32.2,37.4,10.1,15.7,336.0,72.0,2026-08-29 05:30:00,2026-08-29 18:04:00,True,Bhubaneswar
29.0,84,35.2,1.3,1.3,61,8.2,0.381,2026-08-29 09:00:00,61,83,3.65,29.9,34.0,8.2,18.6,320.0,94.0,2026-08-29 05:30:00,2026-08-29 18:04:00,True,Bhubaneswar
29.0,88,36.1,1.2,1.2,55,5.7,0.394,2026-08-29 10:00:00,62,84,5.65,28.6,32.0,6.0,21.7,285.0,122.0,2026-08-29 05:30:00,2026-08-29 18:04:00,True,Bhubaneswar
30.0,77,35.6,1.3,1.3,61,10.1,0.388,2026-08-29 11:00:00,62,85,6.5,29.0,31.8,4.5,23.2,258.0,140.0,2026-08-29 05:30:00,2026-08-29 18:04:00,True,Bhubaneswar
30.1,78,35.9,0.3,0.3,51,9.7,0.388,2026-08-29 12:00:00,63,86,4.9,29.2,31.5,3.9,21.9,245.0,144.0,2026-08-29 05:30:00,2026-08-29 18:04:00,True,Bhubaneswar
31.2,73,37.1,0.3,0.3,51,11.2,0.386,2026-08-29 13:00:00,63,86,2.95,28.5,30.5,4.1,19.1,241.0,139.0,2026-08-29 05:30:00,2026-08-29 18:04:00,True,Bhubaneswar
31.1,73,36.7,0.2,0.2,51,10.3,0.384,2026-08-29 14:00:00,63,87,1.35,25.4,26.8,5.6,16.5,259.0,129.0,2026-08-29 05:30:00,2026-08-29 18:04:00,True,Bhubaneswar
29.5,80,35.1,0.5,0.5,53,10.3,0.385,2026-08-29 15:00:00,63,87,0.3,23.1,23.9,9.6,14.9,322.0,111.0,2026-08-29 05:30:00,2026-08-29 18:04:00,True,Bhubaneswar
27.7,94,34.0,1.5,1.5,61,11.2,0.399,2026-08-29 16:00:00,63,87,0.2,23.1,23.7,14.9,13.6,407.0,88.0,2026-08-29 05:30:00,2026-08-29 18:04:00,True,Bhubaneswar
28.3,93,35.0,0.5,0.5,53,9.0,0.383,2026-08-29 17:00:00,63,87,0.05,23.0,23.8,13.8,9.9,457.0,77.0,2026-08-29 05:30:00,2026-08-29 18:04:00,True,Bhubaneswar
27.4,95,33.7,2.2,2.2,61,10.1,0.397,2026-08-29 18:00:00,63,87,0.0,22.9,23.9,14.4,10.1,437.0,71.0,2026-08-29 05:30:00,2026-08-29 18:04:00,True,Bhubaneswar
27.3,95,33.4,1.1,1.1,55,10.7,0.396,2026-08-29 19:00:00,62,86,0.0,23.1,24.3,15.1,10.3,382.0,63.0,2026-08-29 05:30:00,2026-08-29 18:04:00,False,Bhubaneswar
27.1,97,33.7,0.3,0.3,51,7.9,0.396,2026-08-29 20:00:00,62,85,0.0,22.8,24.2,15.3,10.4,338.0,57.0,2026-08-29 05:30:00,2026-08-29 18:04:00,False,Bhubaneswar
27.0,96,33.2,1.0,1.0,55,9.2,0.395,2026-08-29 21:00:00,62,85,0.0,23.5,24.9,14.4,10.2,326.0,57.0,2026-08-29 05:30:00,2026-08-29 18:04:00,False,Bhubaneswar
26.3,95,31.9,1.0,1.0,55,9.5,0.395,2026-08-29 22:00:00,62,85,0.0,22.4,23.7,12.9,9.8,324.0,59.0,2026-08-29 05:30:00,2026-08-29 18:04:00,False,Bhubaneswar
26.5,95,31.8,0.5,0.5,53,12.1,0.387,2026-08-29 23:00:00,62,84,0.0,20.0,21.0,11.6,9.6,317.0,62.0,2026-08-29 05:30:00,2026-08-29 18:04:00,False,Bhubaneswar
26.4,95,31.7,0.7,0.7,53,12.5,0.394,2026-08-30 00:00:00,61,83,0.0,18.5,19.3,10.7,9.7,294.0,64.0,2026-08-30 05:30:00,2026-08-30 18:04:00,False,Bhubaneswar
26.2,95,31.2,0.8,0.8,53,14.0,0.394,2026-08-30 01:00:00,61,83,0.0,17.2,17.9,10.1,9.8,265.0,66.0,2026-08-30 05:30:00,2026-08-30 18:04:00,False,Bhubaneswar
26.1,95,30.8,1.3,1.3,61,14.8,0.394,2026-08-30 02:00:00,61,82,0.0,15.8,16.5,9.6,10.1,247.0,67.0,2026-08-30 05:30:00,2026-08-30 18:04:00,False,Bhubaneswar
25.9,96,31.0,1.8,1.8,61,11.4,0.394,2026-08-30 03:00:00,60,81,0.0,15.5,16.5,9.4,10.4,245.0,65.0,2026-08-30 05:30:00,2026-08-30 18:04:00,False,Bhubaneswar
25.7,96,30.9,2.7,2.7,63,10.4,0.393,2026-08-30 04:00:00,60,80,0.0,15.5,16.5,9.4,10.7,252.0,61.0,2026-08-30 05:30:00,2026-08-30 18:04:00,False,Bhubaneswar
25.7,95,30.5,3.0,3.0,63,12.8,0.393,2026-08-30 05:00:00,58,79,0.0,13.6,14.5,9.6,11.6,267.0,57.0,2026-08-30 05:30:00,2026-08-30 18:04:00,False,Bhubaneswar
25.7,96,30.7,4.5,4.5,63,11.4,0.393,2026-08-30 06:00:00,55,78,0.05,13.2,13.9,10.2,12.1,293.0,58.0,2026-08-30 05:30:00,2026-08-30 18:04:00,True,Bhubaneswar
26.0,96,31.4,2.0,2.0,61,9.7,0.393,2026-08-30 07:00:00,52,76,0.15,12.4,12.7,11.1,12.7,327.0,59.0,2026-08-30 05:30:00,2026-08-30 18:04:00,True,Bhubaneswar
26.4,96,32.2,1.9,1.9,61,8.7,0.393,2026-08-30 08:00:00,48,75,0.45,10.6,10.8,11.4,13.2,349.0,61.0,2026-08-30 05:30:00,2026-08-30 18:04:00,True,Bhubaneswar
26.5,96,32.5,2.3,2.3,61,7.9,0.392,2026-08-30 09:00:00,44,73,0.8,8.5,8.6,10.9,13.4,351.0,63.0,2026-08-30 05:30:00,2026-08-30 18:04:00,True,Bhubaneswar
26.5,96,32.2,2.8,2.8,63,10.3,0.392,2026-08-30 10:00:00,41,71,1.75,8.0,8.1,9.8,13.5,342.0,65.0,2026-08-30 05:30:00,2026-08-30 18:04:00,True,Bhubaneswar
27.0,95,33.0,1.4,1.4,61,10.3,0.392,2026-08-30 11:00:00,39,70,3.05,8.3,8.3,8.9,13.5,334.0,69.0,2026-08-30 05:30:00,2026-08-30 18:04:00,True,Bhubaneswar
27.5,93,33.7,1.9,1.9,61,9.5,0.392,2026-08-30 12:00:00,37,68,3.35,9.7,9.8,8.0,13.7,329.0,76.0,2026-08-30 05:30:00,2026-08-30 18:04:00,True,Bhubaneswar
27.5,92,33.5,1.6,1.6,61,10.5,0.392,2026-08-30 13:00:00,35,66,2.3,10.5,10.6,7.2,13.8,324.0,83.0,2026-08-30 05:30:00,2026-08-30 18:04:00,True,Bhubaneswar
28.0,92,34.1,0.9,0.9,53,11.0,0.392,2026-08-30 14:00:00,35,65,1.3,10.0,10.0,7.0,13.7,325.0,87.0,2026-08-30 05:30:00,2026-08-30 18:04:00,True,Bhubaneswar
28.1,92,34.2,1.4,1.4,61,11.9,0.392,2026-08-30 15:00:00,34,64,0.55,10.1,10.2,7.9,13.2,337.0,84.0,2026-08-30 05:30:00,2026-08-30 18:04:00,True,Bhubaneswar
27.7,94,34.1,0.7,0.7,53,10.1,0.392,2026-08-30 16:00:00,32,63,0.3,10.4,10.5,9.3,12.4,356.0,77.0,2026-08-30 05:30:00,2026-08-30 18:04:00,True,Bhubaneswar
27.3,95,33.2,0.8,0.8,53,12.0,0.393,2026-08-30 17:00:00,33,62,0.0,15.3,16.1,8.6,9.5,370.0,83.0,2026-08-30 05:30:00,2026-08-30 18:04:00,True,Bhubaneswar
27.0,95,32.4,0.3,0.3,51,13.8,0.393,2026-08-30 18:00:00,32,61,0.0,15.8,16.4,9.5,10.1,379.0,80.0,2026-08-30 05:30:00,2026-08-30 18:04:00,True,Bhubaneswar
26.8,95,32.0,0.5,0.5,53,14.3,0.392,2026-08-30 19:00:00,30,61,0.0,16.3,16.8,10.6,11.0,383.0,76.0,2026-08-30 05:30:00,2026-08-30 18:04:00,False,Bhubaneswar
26.7,95,31.8,1.2,1.2,55,14.0,0.392,2026-08-30 20:00:00,29,60,0.0,16.4,17.1,11.4,11.6,379.0,72.0,2026-08-30 05:30:00,2026-08-30 18:04:00,False,Bhubaneswar
26.3,96,31.7,1.0,1.0,55,11.7,0.392,2026-08-30 21:00:00,28,60,0.0,16.9,17.8,11.4,11.7,360.0,70.0,2026-08-30 05:30:00,2026-08-30 18:04:00,False,Bhubaneswar
25.6,96,30.2,4.9,4.9,63,14.4,0.392,2026-08-30 22:00:00,28,59,0.0,16.2,17.1,11.1,11.5,331.0,68.0,2026-08-30 05:30:00,2026-08-30 18:04:00,False,Bhubaneswar
26.5,94,31.4,5.5,5.5,63,15.1,0.388,2026-08-30 23:00:00,27,59,0.0,14.4,15.3,10.7,11.3,305.0,67.0,2026-08-30 05:30:00,2026-08-30 18:04:00,False,Bhubaneswar
26.6,93,32.9,0.7,0.7,53,5.1,0.504,2026-08-25 00:00:00,20,52,0.0,6.9,7.5,9.6,1.2,276.0,33.0,2026-08-25 04:59:00,2026-08-25 17:49:00,False,Guwahati
26.5,95,33.0,0.8,0.8,53,3.3,0.502,2026-08-25 01:00:00,20,52,0.0,7.5,8.0,10.5,1.2,230.0,28.0,2026-08-25 04:59:00,2026-08-25 17:49:00,False,Guwahati
26.1,97,32.6,0.4,0.4,51,4.1,0.5,2026-08-25 02:00:00,20,52,0.0,8.5,9.0,10.9,1.3,200.0,25.0,2026-08-25 04:59:00,2026-08-25 17:49:00,False,Guwahati
25.7,97,31.7,1.0,1.0,55,6.0,0.499,2026-08-25 03:00:00,20,52,0.0,8.5,9.4,10.6,1.5,199.0,25.0,2026-08-25 04:59:00,2026-08-25 17:49:00,False,Guwahati
25.6,97,31.9,4.9,4.9,63,2.8,0.498,2026-08-25 04:00:00,20,52,0.0,10.0,11.0,9.8,1.9,215.0,27.0,2026-08-25 04:59:00,2026-08-25 17:49:00,False,Guwahati
26.2,98,32.6,2.7,2.7,63,6.3,0.496,2026-08-25 05:00:00,20,52,0.05,12.7,13.5,9.8,1.9,229.0,30.0,2026-08-25 04:59:00,2026-08-25 17:49:00,True,Guwahati
26.5,97,33.3,2.1,2.1,61,3.5,0.496,2026-08-25 06:00:00,20,52,0.45,9.9,10.6,8.3,1.9,237.0,38.0,2026-08-25 04:59:00,2026-08-25 17:49:00,True,Guwahati
27.0,96,33.8,0.6,0.6,53,4.9,0.495,2026-08-25 07:00:00,20,52,1.0,9.2,9.7,6.2,1.9,243.0,51.0,2026-08-25 04:59:00,2026-08-25 17:49:00,True,Guwahati
27.8,90,34.7,0.2,0.2,51,3.1,0.495,2026-08-25 08:00:00,25,52,3.0,9.3,9.9,4.3,1.9,244.0,62.0,2026-08-25 04:59:00,2026-08-25 17:49:00,True,Guwahati
28.6,85,35.4,0.2,0.2,51,2.5,0.494,2026-08-25 09:00:00,29,52,6.0,8.5,9.1,3.0,1.8,235.0,72.0,2026-08-25 04:59:00,2026-08-25 17:49:00,True,Guwahati
30.1,78,38.1,0.1,0.1,51,0.3,0.491,2026-08-25 10:00:00,33,51,6.95,6.9,7.3,2.0,1.7,221.0,82.0,2026-08-25 04:59:00,2026-08-25 17:49:00,True,Guwahati
30.3,74,38.9,0.1,0.1,51,0.4,0.485,2026-08-25 11:00:00,36,51,6.7,5.4,5.7,1.3,1.6,209.0,89.0,2026-08-25 04:59:00,2026-08-25 17:49:00,True,Guwahati
30.5,74,37.5,0.0,0.0,3,3.4,0.481,2026-08-25 12:00:00,37,51,6.15,5.1,5.4,0.9,1.5,199.0,92.0,2026-08-25 04:59:00,2026-08-25 17:49:00,True,Guwahati
30.3,76,37.1,0.0,0.0,3,1.5,0.478,2026-08-25 13:00:00,37,51,5.0,4.7,4.9,0.9,1.4,192.0,92.0,2026-08-25 04:59:00,2026-08-25 17:49:00,True,Guwahati
30.5,74,37.2,0.0,0.0,3,2.3,0.475,2026-08-25 14:00:00,36,50,3.45,4.3,4.5,1.4,1.3,196.0,89.0,2026-08-25 04:59:00,2026-08-25 17:49:00,True,Guwahati
29.8,78,36.4,0.1,0.1,51,3.1,0.474,2026-08-25 15:00:00,32,50,1.55,4.5,4.7,2.6,1.1,221.0,81.0,2026-08-25 04:59:00,2026-08-25 17:49:00,True,Guwahati
29.2,82,36.2,0.1,0.1,51,1.9,0.474,2026-08-25 16:00:00,28,49,0.3,6.1,6.3,4.4,1.0,258.0,70.0,2026-08-25 04:59:00,2026-08-25 17:49:00,True,Guwahati
29.0,82,35.1,0.0,0.0,3,6.9,0.462,2026-08-25 17:00:00,22,49,0.0,11.7,12.5,6.8,1.4,281.0,55.0,2026-08-25 04:59:00,2026-08-25 17:49:00,True,Guwahati
28.2,87,34.5,0.0,0.0,2,5.7,0.462,2026-08-25 18:00:00,20,49,0.0,15.3,15.9,8.0,1.6,278.0,49.0,2026-08-25 04:59:00,2026-08-25 17:49:00,False,Guwahati
27.8,89,34.7,0.0,0.0,3,2.5,0.462,2026-08-25 19:00:00,18,49,0.0,14.0,14.7,9.7,1.9,263.0,41.0,2026-08-25 04:59:00,2026-08-25 17:49:00,False,Guwahati
27.5,92,34.6,0.0,0.0,2,3.1,0.463,2026-08-25 20:00:00,18,49,0.0,13.9,14.4,10.7,2.0,251.0,35.0,2026-08-25 04:59:00,2026-08-25 17:49:00,False,Guwahati
27.2,95,34.5,0.5,0.5,53,2.8,0.468,2026-08-25 21:00:00,18,50,0.0,9.0,9.2,10.6,1.8,250.0,32.0,2026-08-25 04:59:00,2026-08-25 17:49:00,False,Guwahati
27.0,98,34.5,1.5,1.5,61,2.5,0.486,2026-08-25 22:00:00,18,49,0.0,7.7,8.0,9.9,1.5,252.0,31.0,2026-08-25 04:59:00,2026-08-25 17:49:00,False,Guwahati
27.7,100,35.9,1.8,1.8,61,2.0,0.506,2026-08-25 23:00:00,17,48,0.0,6.8,7.2,9.0,1.3,252.0,31.0,2026-08-25 04:59:00,2026-08-25 17:49:00,False,Guwahati
26.7,99,33.6,2.9,2.9,63,5.5,0.508,2026-08-26 00:00:00,17,48,0.0,5.3,5.8,8.0,1.2,246.0,33.0,2026-08-26 05:00:00,2026-08-26 17:48:00,False,Guwahati
26.3,98,33.1,2.8,2.8,63,4.1,0.504,2026-08-26 01:00:00,17,47,0.0,3.1,3.3,6.8,1.1,238.0,37.0,2026-08-26 05:00:00,2026-08-26 17:48:00,False,Guwahati
26.0,97,32.8,2.1,2.1,61,1.3,0.502,2026-08-26 02:00:00,17,46,0.0,3.5,3.9,6.0,1.1,229.0,39.0,2026-08-26 05:00:00,2026-08-26 17:48:00,False,Guwahati
25.4,99,31.8,5.2,5.2,63,3.2,0.5,2026-08-26 03:00:00,16,45,0.0,4.6,5.0,6.2,1.2,219.0,37.0,2026-08-26 05:00:00,2026-08-26 17:48:00,False,Guwahati
25.1,98,31.4,2.6,2.6,63,1.8,0.499,2026-08-26 04:00:00,16,44,0.0,6.5,7.0,6.8,1.3,209.0,35.0,2026-08-26 05:00:00,2026-08-26 17:48:00,False,Guwahati
26.4,97,33.1,2.7,2.7,63,3.6,0.492,2026-08-26 05:00:00,17,44,0.1,6.2,6.8,5.2,1.2,205.0,43.0,2026-08-26 05:00:00,2026-08-26 17:48:00,True,Guwahati
26.8,93,33.7,0.0,0.0,2,2.1,0.491,2026-08-26 06:00:00,22,42,0.75,7.1,7.9,4.3,1.4,213.0,55.0,2026-08-26 05:00:00,2026-08-26 17:48:00,True,Guwahati
27.4,93,34.6,0.2,0.2,51,1.7,0.491,2026-08-26 07:00:00,29,41,2.5,7.4,8.5,3.1,1.8,227.0,73.0,2026-08-26 05:00:00,2026-08-26 17:48:00,True,Guwahati
28.7,88,36.1,0.2,0.2,51,1.4,0.491,2026-08-26 08:00:00,34,41,5.0,7.9,9.2,2.1,2.0,236.0,86.0,2026-08-26 05:00:00,2026-08-26 17:48:00,True,Guwahati
30.1,82,38.4,0.2,0.2,51,2.2,0.488,2026-08-26 09:00:00,37,41,6.4,7.6,8.9,1.7,2.0,236.0,92.0,2026-08-26 05:00:00,2026-08-26 17:48:00,True,Guwahati
31.0,78,39.5,0.1,0.1,51,2.3,0.485,2026-08-26 10:00:00,38,40,7.05,8.0,9.2,1.5,2.0,231.0,95.0,2026-08-26 05:00:00,2026-08-26 17:48:00,True,Guwahati
31.8,68,40.1,0.1,0.1,51,1.5,0.471,2026-08-26 11:00:00,38,41,5.45,8.3,9.5,1.5,1.9,222.0,96.0,2026-08-26 05:00:00,2026-08-26 17:48:00,True,Guwahati
32.8,64,41.0,0.1,0.1,51,2.3,0.466,2026-08-26 12:00:00,38,41,5.9,8.4,9.5,1.3,1.8,204.0,96.0,2026-08-26 05:00:00,2026-08-26 17:48:00,True,Guwahati
32.7,65,39.7,0.1,0.1,51,4.5,0.463,2026-08-26 13:00:00,38,42,3.65,8.5,9.3,1.3,1.7,182.0,94.0,2026-08-26 05:00:00,2026-08-26 17:48:00,True,Guwahati
32.8,64,39.1,0.0,0.0,1,5.1,0.459,2026-08-26 14:00:00,36,43,2.25,7.2,7.8,1.7,1.6,176.0,90.0,2026-08-26 05:00:00,2026-08-26 17:48:00,True,Guwahati
32.7,65,38.6,0.1,0.1,51,6.1,0.456,2026-08-26 15:00:00,33,44,1.1,6.6,6.8,2.9,1.5,203.0,82.0,2026-08-26 05:00:00,2026-08-26 17:48:00,True,Guwahati
32.1,68,38.4,0.0,0.0,1,5.1,0.455,2026-08-26 16:00:00,28,44,0.35,7.0,7.2,4.5,1.4,245.0,70.0,2026-08-26 05:00:00,2026-08-26 17:48:00,True,Guwahati
31.3,77,38.5,0.0,0.0,3,4.8,0.453,2026-08-26 17:00:00,26,44,0.0,11.6,13.1,5.0,1.5,270.0,65.0,2026-08-26 05:00:00,2026-08-26 17:48:00,True,Guwahati
29.6,84,36.7,0.2,0.2,51,5.0,0.456,2026-08-26 18:00:00,22,44,0.0,13.3,14.4,6.5,1.7,259.0,56.0,2026-08-26 05:00:00,2026-08-26 17:48:00,False,Guwahati
29.1,86,36.2,0.0,0.0,3,4.0,0.456,2026-08-26 19:00:00,18,44,0.0,14.8,15.7,8.6,2.0,231.0,44.0,2026-08-26 05:00:00,2026-08-26 17:48:00,False,Guwahati
27.4,92,33.4,1.2,1.2,55,8.7,0.469,2026-08-26 20:00:00,16,44,0.0,14.8,15.5,10.3,2.2,206.0,34.0,2026-08-26 05:00:00,2026-08-26 17:48:00,False,Guwahati
26.6,96,32.6,2.3,2.3,61,8.8,0.498,2026-08-26 21:00:00,16,44,0.0,12.9,13.3,11.2,2.1,190.0,29.0,2026-08-26 05:00:00,2026-08-26 17:48:00,False,Guwahati
26.2,96,32.3,0.4,0.4,51,6.4,0.501,2026-08-26 22:00:00,16,45,0.0,14.0,14.4,11.6,2.0,177.0,26.0,2026-08-26 05:00:00,2026-08-26 17:48:00,False,Guwahati
27.0,97,33.7,0.3,0.3,51,6.4,0.506,2026-08-26 23:00:00,17,47,0.0,13.9,14.3,11.5,1.8,171.0,25.0,2026-08-26 05:00:00,2026-08-26 17:48:00,False,Guwahati
26.6,97,32.9,0.2,0.2,51,7.3,0.502,2026-08-27 00:00:00,17,48,0.0,12.2,12.6,10.6,1.6,174.0,26.0,2026-08-27 05:00:00,2026-08-27 17:47:00,False,Guwahati
26.3,95,32.3,0.1,0.1,51,7.3,0.5,2026-08-27 01:00:00,18,50,0.0,10.0,10.4,9.3,1.5,184.0,28.0,2026-08-27 05:00:00,2026-08-27 17:47:00,False,Guwahati
26.2,95,32.3,0.0,0.0,3,5.9,0.499,2026-08-27 02:00:00,19,50,0.0,9.3,9.7,8.6,1.4,196.0,29.0,2026-08-27 05:00:00,2026-08-27 17:47:00,False,Guwahati
26.3,95,32.6,0.0,0.0,3,4.2,0.497,2026-08-27 03:00:00,19,51,0.0,9.8,10.2,9.7,1.4,208.0,23.0,2026-08-27 05:00:00,2026-08-27 17:47:00,False,Guwahati
26.2,96,32.7,0.0,0.0,2,2.9,0.495,2026-08-27 04:00:00,19,51,0.0,10.8,11.2,11.5,1.6,223.0,16.0,2026-08-27 05:00:00,2026-08-27 17:47:00,False,Guwahati
27.7,95,35.0,0.0,0.0,3,4.6,0.475,2026-08-27 05:00:00,20,52,0.1,8.7,9.1,8.7,1.4,238.0,27.0,2026-08-27 05:00:00,2026-08-27 17:47:00,True,Guwahati
28.7,93,36.7,0.0,0.0,3,2.7,0.475,2026-08-27 06:00:00,20,52,0.75,9.5,10.0,6.8,1.7,259.0,46.0,2026-08-27 05:00:00,2026-08-27 17:47:00,True,Guwahati
28.8,86,35.7,0.7,0.7,53,4.1,0.482,2026-08-27 07:00:00,29,52,2.3,9.3,10.4,4.3,2.2,282.0,73.0,2026-08-27 05:00:00,2026-08-27 17:47:00,True,Guwahati
29.3,85,36.3,0.3,0.3,51,4.3,0.483,2026-08-27 08:00:00,38,52,4.2,10.0,11.4,2.3,2.5,290.0,94.0,2026-08-27 05:00:00,2026-08-27 17:47:00,True,Guwahati
30.6,80,38.5,0.3,0.3,51,2.4,0.482,2026-08-27 09:00:00,43,52,7.05,9.5,10.7,1.5,2.6,273.0,105.0,2026-08-27 05:00:00,2026-08-27 17:47:00,True,Guwahati
31.9,75,40.9,0.2,0.2,51,1.8,0.48,2026-08-27 10:00:00,47,53,8.2,9.1,9.8,1.2,2.7,242.0,111.0,2026-08-27 05:00:00,2026-08-27 17:47:00,True,Guwahati
32.4,69,40.9,0.1,0.1,51,3.9,0.477,2026-08-27 11:00:00,50,53,7.15,9.0,9.5,1.1,2.7,217.0,115.0,2026-08-27 05:00:00,2026-08-27 17:47:00,True,Guwahati
32.5,68,40.3,0.1,0.1,51,4.8,0.473,2026-08-27 12:00:00,51,53,5.25,9.3,9.8,1.0,2.7,203.0,117.0,2026-08-27 05:00:00,2026-08-27 17:47:00,True,Guwahati
32.6,68,39.8,0.0,0.0,2,4.6,0.469,2026-08-27 13:00:00,51,53,3.55,9.5,10.0,1.1,2.7,195.0,117.0,2026-08-27 05:00:00,2026-08-27 17:47:00,True,Guwahati
32.3,69,39.1,0.0,0.0,2,5.5,0.464,2026-08-27 14:00:00,48,53,1.8,9.5,9.9,1.6,2.6,198.0,112.0,2026-08-27 05:00:00,2026-08-27 17:47:00,True,Guwahati
31.8,71,38.4,0.1,0.1,51,5.3,0.463,2026-08-27 15:00:00,40,53,0.75,12.9,13.4,2.8,2.3,215.0,99.0,2026-08-27 05:00:00,2026-08-27 17:47:00,True,Guwahati
30.7,76,37.5,0.1,0.1,51,4.3,0.462,2026-08-27 16:00:00,32,54,0.2,9.0,9.3,4.5,1.9,243.0,81.0,2026-08-27 05:00:00,2026-08-27 17:47:00,True,Guwahati
29.7,87,37.6,0.0,0.0,3,3.1,0.477,2026-08-27 17:00:00,26,54,0.0,8.5,8.6,6.0,1.6,273.0,65.0,2026-08-27 05:00:00,2026-08-27 17:47:00,True,Guwahati
29.0,93,37.4,0.0,0.0,3,1.5,0.477,2026-08-27 18:00:00,22,53,0.0,10.3,10.4,7.2,1.6,308.0,54.0,2026-08-27 05:00:00,2026-08-27 17:47:00,False,Guwahati
28.7,95,37.0,0.0,0.0,3,2.3,0.477,2026-08-27 19:00:00,21,53,0.0,10.2,10.2,8.3,1.8,345.0,45.0,2026-08-27 05:00:00,2026-08-27 17:47:00,False,Guwahati
28.5,96,36.8,0.0,0.0,3,1.8,0.477,2026-08-27 20:00:00,21,53,0.0,9.5,9.6,9.3,1.9,364.0,38.0,2026-08-27 05:00:00,2026-08-27 17:47:00,False,Guwahati
28.3,96,36.5,0.0,0.0,3,2.0,0.476,2026-08-27 21:00:00,21,52,0.0,9.0,9.1,10.6,2.0,355.0,32.0,2026-08-27 05:00:00,2026-08-27 17:47:00,False,Guwahati
28.0,96,36.1,0.0,0.0,3,1.7,0.476,2026-08-27 22:00:00,20,52,0.0,11.2,11.3,11.8,2.1,328.0,27.0,2026-08-27 05:00:00,2026-08-27 17:47:00,False,Guwahati
26.7,97,33.6,0.5,0.5,53,4.1,0.474,2026-08-27 23:00:00,20,52,0.0,12.5,12.6,12.0,2.1,297.0,27.0,2026-08-27 05:00:00,2026-08-27 17:47:00,False,Guwahati
26.6,97,33.1,1.3,1.3,61,6.0,0.49,2026-08-28 00:00:00,20,52,0.0,11.2,11.5,10.3,1.9,261.0,33.0,2026-08-28 05:01:00,2026-08-28 17:46:00,False,Guwahati
26.5,96,33.4,0.7,0.7,53,2.1,0.497,2026-08-28 01:00:00,20,52,0.0,8.9,9.1,7.7,1.5,222.0,44.0,2026-08-28 05:01:00,2026-08-28 17:46:00,False,Guwahati
26.3,98,33.4,0.2,0.2,51,1.3,0.497,2026-08-28 02:00:00,21,52,0.0,7.9,8.0,5.7,1.3,197.0,52.0,2026-08-28 05:01:00,2026-08-28 17:46:00,False,Guwahati
26.2,100,33.4,0.0,0.0,3,1.4,0.495,2026-08-28 03:00:00,22,52,0.0,8.2,8.4,5.3,1.4,198.0,54.0,2026-08-28 05:01:00,2026-08-28 17:46:00,False,Guwahati
25.8,100,32.5,1.7,1.7,61,3.1,0.513,2026-08-28 04:00:00,21,51,0.0,8.3,8.5,5.6,1.6,214.0,53.0,2026-08-28 05:01:00,2026-08-28 17:46:00,False,Guwahati
27.6,95,34.9,1.4,1.4,61,3.9,0.494,2026-08-28 05:00:00,19,51,0.1,10.4,10.5,8.6,1.3,228.0,29.0,2026-08-28 05:01:00,2026-08-28 17:46:00,False,Guwahati
28.0,95,35.9,0.0,0.0,3,1.5,0.493,2026-08-28 06:00:00,19,51,0.8,9.4,9.7,6.6,1.5,238.0,46.0,2026-08-28 05:01:00,2026-08-28 17:46:00,True,Guwahati
26.6,95,32.4,4.2,4.2,63,9.3,0.497,2026-08-28 07:00:00,28,51,2.25,7.5,8.0,3.8,1.7,246.0,70.0,2026-08-28 05:01:00,2026-08-28 17:46:00,True,Guwahati
27.6,93,34.5,1.1,1.1,55,5.4,0.497,2026-08-28 08:00:00,36,51,4.5,7.8,8.4,1.7,1.9,247.0,89.0,2026-08-28 05:01:00,2026-08-28 17:46:00,True,Guwahati
29.9,79,36.8,0.1,0.1,51,5.0,0.494,2026-08-28 09:00:00,39,51,6.95,9.1,9.9,1.0,2.0,234.0,98.0,2026-08-28 05:01:00,2026-08-28 17:46:00,True,Guwahati
31.3,72,38.9,0.2,0.2,51,6.6,0.49,2026-08-28 10:00:00,41,51,7.95,9.2,9.9,1.1,2.1,215.0,101.0,2026-08-28 05:01:00,2026-08-28 17:46:00,True,Guwahati
32.8,64,40.3,0.1,0.1,51,7.7,0.485,2026-08-28 11:00:00,43,51,7.5,9.6,10.2,1.2,2.1,204.0,104.0,2026-08-28 05:01:00,2026-08-28 17:46:00,True,Guwahati
32.6,65,39.3,0.2,0.2,51,9.1,0.481,2026-08-28 12:00:00,45,51,7.45,9.7,10.3,1.0,2.1,210.0,108.0,2026-08-28 05:01:00,2026-08-28 17:46:00,True,Guwahati
32.4,66,38.9,0.6,0.6,53,8.1,0.481,2026-08-28 13:00:00,47,51,5.65,9.8,10.3,0.8,2.0,224.0,110.0,2026-08-28 05:01:00,2026-08-28 17:46:00,True,Guwahati
32.2,73,39.6,1.0,1.0,55,5.4,0.487,2026-08-28 14:00:00,45,51,3.3,9.8,10.3,1.2,1.9,238.0,108.0,2026-08-28 05:01:00,2026-08-28 17:46:00,True,Guwahati
32.3,71,39.3,0.1,0.1,51,3.7,0.484,2026-08-28 15:00:00,40,51,1.45,10.0,10.5,2.6,1.8,248.0,99.0,2026-08-28 05:01:00,2026-08-28 17:46:00,True,Guwahati
30.4,77,37.3,0.2,0.2,51,2.8,0.483,2026-08-28 16:00:00,35,51,0.35,10.4,10.8,4.7,1.8,257.0,87.0,2026-08-28 05:01:00,2026-08-28 17:46:00,True,Guwahati
29.5,87,36.9,1.2,1.2,55,5.4,0.469,2026-08-28 17:00:00,35,51,0.0,12.5,12.8,5.1,1.7,263.0,87.0,2026-08-28 05:01:00,2026-08-28 17:46:00,True,Guwahati
28.9,92,36.7,0.0,0.0,1,4.0,0.469,2026-08-28 18:00:00,28,51,0.0,13.9,14.0,7.5,2.0,267.0,71.0,2026-08-28 05:01:00,2026-08-28 17:46:00,False,Guwahati
28.7,94,36.8,0.0,0.0,2,3.5,0.469,2026-08-28 19:00:00,20,52,0.0,15.7,15.7,10.7,2.3,269.0,50.0,2026-08-28 05:01:00,2026-08-28 17:46:00,False,Guwahati
28.5,95,36.2,0.0,0.0,2,4.9,0.469,2026-08-28 20:00:00,20,52,0.0,17.5,17.6,12.7,2.5,266.0,35.0,2026-08-28 05:01:00,2026-08-28 17:46:00,False,Guwahati
28.2,95,36.0,0.0,0.0,2,3.1,0.469,2026-08-28 21:00:00,21,53,0.0,16.8,17.0,12.4,2.3,254.0,33.0,2026-08-28 05:01:00,2026-08-28 17:46:00,False,Guwahati
27.9,95,35.4,0.0,0.0,3,3.4,0.47,2026-08-28 22:00:00,21,53,0.0,16.8,17.0,10.8,1.9,236.0,39.0,2026-08-28 05:01:00,2026-08-28 17:46:00,False,Guwahati
28.1,94,35.8,0.0,0.0,3,3.0,0.475,2026-08-28 23:00:00,22,54,0.0,13.9,14.0,9.2,1.6,224.0,44.0,2026-08-28 05:01:00,2026-08-28 17:46:00,False,Guwahati
26.7,97,33.2,6.0,6.0,63,6.9,0.51,2026-08-29 00:00:00,22,54,0.0,12.7,12.8,7.9,1.4,222.0,48.0,2026-08-29 05:01:00,2026-08-29 17:45:00,False,Guwahati
26.6,98,33.5,1.2,1.2,55,4.4,0.506,2026-08-29 01:00:00,22,54,0.0,8.9,9.0,6.5,1.2,226.0,52.0,2026-08-29 05:01:00,2026-08-29 17:45:00,False,Guwahati
26.0,99,33.0,3.0,3.0,63,1.6,0.503,2026-08-29 02:00:00,22,54,0.0,4.3,4.3,5.5,1.1,229.0,55.0,2026-08-29 05:01:00,2026-08-29 17:45:00,False,Guwahati
25.7,98,32.0,3.9,3.9,63,4.3,0.501,2026-08-29 03:00:00,23,54,0.0,5.9,6.0,5.0,1.0,230.0,57.0,2026-08-29 05:01:00,2026-08-29 17:45:00,False,Guwahati
25.6,98,32.1,0.2,0.2,51,2.8,0.499,2026-08-29 04:00:00,24,53,0.0,6.4,6.4,4.9,1.1,230.0,59.0,2026-08-29 05:01:00,2026-08-29 17:45:00,False,Guwahati
27.0,98,34.3,0.0,0.0,3,3.4,0.485,2026-08-29 05:00:00,24,53,0.1,5.6,5.6,4.9,0.9,232.0,59.0,2026-08-29 05:01:00,2026-08-29 17:45:00,False,Guwahati
27.3,96,34.5,0.0,0.0,3,4.5,0.485,2026-08-29 06:00:00,26,53,0.6,6.5,6.6,4.3,1.1,239.0,65.0,2026-08-29 05:01:00,2026-08-29 17:45:00,True,Guwahati
28.4,88,34.8,0.0,0.0,3,8.1,0.484,2026-08-29 07:00:00,29,53,1.8,6.4,6.5,3.5,1.3,248.0,73.0,2026-08-29 05:01:00,2026-08-29 17:45:00,True,Guwahati
29.4,85,35.9,0.1,0.1,51,9.0,0.481,2026-08-29 08:00:00,32,53,3.5,6.6,6.7,2.8,1.5,251.0,80.0,2026-08-29 05:01:00,2026-08-29 17:45:00,True,Guwahati
31.1,77,37.9,0.0,0.0,3,10.4,0.477,2026-08-29 09:00:00,34,53,5.05,7.1,7.1,2.3,1.5,243.0,84.0,2026-08-29 05:01:00,2026-08-29 17:45:00,True,Guwahati
32.2,71,39.1,0.0,0.0,3,11.4,0.472,2026-08-29 10:00:00,35,52,6.25,7.3,7.4,1.9,1.5,228.0,87.0,2026-08-29 05:01:00,2026-08-29 17:45:00,True,Guwahati
33.4,64,40.7,0.0,0.0,3,11.0,0.47,2026-08-29 11:00:00,36,52,6.65,7.5,7.6,1.7,1.5,217.0,89.0,2026-08-29 05:01:00,2026-08-29 17:45:00,True,Guwahati
34.0,59,40.9,0.0,0.0,3,8.5,0.464,2026-08-29 12:00:00,37,52,6.05,8.1,8.1,1.5,1.5,211.0,92.0,2026-08-29 05:01:00,2026-08-29 17:45:00,True,Guwahati
34.0,61,41.0,0.3,0.3,51,8.6,0.462,2026-08-29 13:00:00,38,52,4.7,8.6,8.7,1.4,1.4,209.0,95.0,2026-08-29 05:01:00,2026-08-29 17:45:00,True,Guwahati
33.8,63,40.3,0.0,0.0,1,6.2,0.458,2026-08-29 14:00:00,37,52,2.8,9.1,9.2,1.9,1.4,211.0,93.0,2026-08-29 05:01:00,2026-08-29 17:45:00,True,Guwahati
33.4,65,40.3,0.3,0.3,51,2.8,0.458,2026-08-29 15:00:00,34,52,1.15,10.0,10.1,3.3,1.3,219.0,84.0,2026-08-29 05:01:00,2026-08-29 17:45:00,True,Guwahati
31.8,76,39.5,0.5,0.5,53,2.7,0.461,2026-08-29 16:00:00,29,52,0.3,10.8,10.9,5.2,1.3,232.0,72.0,2026-08-29 05:01:00,2026-08-29 17:45:00,True,Guwahati
30.4,85,38.1,0.1,0.1,51,5.1,0.488,2026-08-29 17:00:00,26,52,0.0,7.1,7.1,5.1,1.0,247.0,64.0,2026-08-29 05:01:00,2026-08-29 17:45:00,True,Guwahati
29.4,90,37.5,0.0,0.0,3,3.5,0.487,2026-08-29 18:00:00,22,51,0.0,7.8,7.9,7.0,1.3,266.0,54.0,2026-08-29 05:01:00,2026-08-29 17:45:00,False,Guwahati
29.1,92,37.3,0.0,0.0,2,2.9,0.487,2026-08-29 19:00:00,19,51,0.0,10.0,10.1,9.6,1.7,286.0,41.0,2026-08-29 05:01:00,2026-08-29 17:45:00,False,Guwahati
28.7,94,36.8,0.0,0.0,3,3.2,0.486,2026-08-29 20:00:00,18,50,0.0,12.8,12.9,11.4,2.0,302.0,30.0,2026-08-29 05:01:00,2026-08-29 17:45:00,False,Guwahati
28.4,95,36.5,0.0,0.0,3,2.8,0.485,2026-08-29 21:00:00,18,50,0.0,11.2,11.3,11.6,1.9,307.0,26.0,2026-08-29 05:01:00,2026-08-29 17:45:00,False,Guwahati
28.2,96,36.2,0.0,0.0,3,3.0,0.485,2026-08-29 22:00:00,18,49,0.0,8.1,8.1,11.0,1.7,307.0,24.0,2026-08-29 05:01:00,2026-08-29 17:45:00,False,Guwahati
29.2,95,38.1,0.0,0.0,2,0.8,0.479,2026-08-29 23:00:00,17,47,0.0,7.7,7.8,10.3,1.4,310.0,24.0,2026-08-29 05:01:00,2026-08-29 17:45:00,False,Guwahati
28.6,97,37.3,0.0,0.0,3,0.6,0.479,2026-08-30 00:00:00,16,45,0.0,6.7,6.7,9.7,1.2,321.0,24.0,2026-08-30 05:01:00,2026-08-30 17:44:00,False,Guwahati
27.6,99,35.0,0.0,0.0,3,7.7,0.479,2026-08-30 01:00:00,16,44,0.0,6.1,6.1,8.9,1.0,336.0,25.0,2026-08-30 05:01:00,2026-08-30 17:44:00,False,Guwahati
26.0,98,32.4,0.5,0.5,53,4.8,0.483,2026-08-30 02:00:00,16,43,0.0,6.6,6.6,8.3,0.9,347.0,27.0,2026-08-30 05:01:00,2026-08-30 17:44:00,False,Guwahati
26.1,99,32.7,0.1,0.1,51,4.5,0.483,2026-08-30 03:00:00,16,44,0.0,6.2,6.2,8.1,1.0,354.0,28.0,2026-08-30 05:01:00,2026-08-30 17:44:00,False,Guwahati
26.1,99,32.9,0.0,0.0,3,3.8,0.483,2026-08-30 04:00:00,16,44,0.0,5.9,6.0,8.0,1.1,358.0,29.0,2026-08-30 05:01:00,2026-08-30 17:44:00,False,Guwahati
28.3,97,36.7,0.0,0.0,3,1.6,0.462,2026-08-30 05:00:00,16,44,0.1,6.5,6.6,6.0,1.0,353.0,36.0,2026-08-30 05:01:00,2026-08-30 17:44:00,False,Guwahati
29.3,89,37.3,0.0,0.0,3,2.4,0.462,2026-08-30 06:00:00,19,44,0.65,6.5,6.5,5.0,1.3,337.0,47.0,2026-08-30 05:01:00,2026-08-30 17:44:00,True,Guwahati
30.0,85,37.1,0.0,0.0,3,7.0,0.461,2026-08-30 07:00:00,25,44,2.3,8.1,8.2,3.5,1.7,312.0,63.0,2026-08-30 05:01:00,2026-08-30 17:44:00,True,Guwahati
30.9,81,37.7,0.0,0.0,3,9.4,0.459,2026-08-30 08:00:00,31,45,4.65,8.6,8.8,2.4,2.0,285.0,77.0,2026-08-30 05:01:00,2026-08-30 17:44:00,True,Guwahati
32.0,74,38.9,0.0,0.0,3,10.4,0.455,2026-08-30 09:00:00,34,45,5.7,8.9,9.0,1.9,2.1,254.0,86.0,2026-08-30 05:01:00,2026-08-30 17:44:00,True,Guwahati
33.4,65,40.7,0.0,0.0,3,9.8,0.45,2026-08-30 10:00:00,38,45,5.55,8.8,8.8,1.6,2.0,220.0,94.0,2026-08-30 05:01:00,2026-08-30 17:44:00,True,Guwahati
34.0,60,41.2,0.0,0.0,3,9.1,0.444,2026-08-30 11:00:00,40,46,5.6,8.8,8.8,1.5,1.9,197.0,99.0,2026-08-30 05:01:00,2026-08-30 17:44:00,True,Guwahati
34.1,61,41.7,0.0,0.0,3,7.5,0.439,2026-08-30 12:00:00,43,46,4.6,8.7,8.8,1.4,1.8,192.0,104.0,2026-08-30 05:01:00,2026-08-30 17:44:00,True,Guwahati
34.3,61,41.6,0.0,0.0,2,8.3,0.435,2026-08-30 13:00:00,45,46,4.4,9.2,9.2,1.5,1.7,197.0,107.0,2026-08-30 05:01:00,2026-08-30 17:44:00,True,Guwahati
32.5,71,39.2,0.6,0.6,53,7.9,0.438,2026-08-30 14:00:00,43,46,1.8,8.9,9.0,1.8,1.6,206.0,105.0,2026-08-30 05:01:00,2026-08-30 17:44:00,True,Guwahati
31.8,77,39.1,0.3,0.3,51,6.5,0.439,2026-08-30 15:00:00,37,46,0.85,8.2,8.3,2.5,1.4,215.0,92.0,2026-08-30 05:01:00,2026-08-30 17:44:00,True,Guwahati
31.0,81,38.5,0.1,0.1,51,6.3,0.439,2026-08-30 16:00:00,30,46,0.25,7.6,7.7,3.5,1.2,226.0,74.0,2026-08-30 05:01:00,2026-08-30 17:44:00,True,Guwahati
30.5,89,39.1,0.1,0.1,51,3.8,0.457,2026-08-30 17:00:00,24,45,0.0,1.5,1.6,4.4,1.0,242.0,60.0,2026-08-30 05:01:00,2026-08-30 17:44:00,True,Guwahati
29.8,93,38.8,0.1,0.1,51,1.9,0.458,2026-08-30 18:00:00,22,44,0.0,5.0,5.1,5.5,1.3,269.0,54.0,2026-08-30 05:01:00,2026-08-30 17:44:00,False,Guwahati
29.2,92,37.0,0.0,0.0,3,6.0,0.459,2026-08-30 19:00:00,18,43,0.0,9.7,9.8,7.0,1.6,299.0,46.0,2026-08-30 05:01:00,2026-08-30 17:44:00,False,Guwahati
28.3,96,35.5,0.0,0.0,3,8.8,0.459,2026-08-30 20:00:00,16,43,0.0,7.5,7.5,8.2,1.9,315.0,39.0,2026-08-30 05:01:00,2026-08-30 17:44:00,False,Guwahati
27.5,97,33.8,0.0,0.0,3,11.2,0.459,2026-08-30 21:00:00,15,42,0.0,9.0,9.1,8.7,2.0,302.0,36.0,2026-08-30 05:01:00,2026-08-30 17:44:00,False,Guwahati
27.1,95,33.7,0.0,0.0,3,7.0,0.459,2026-08-30 22:00:00,15,41,0.0,9.9,10.0,8.9,2.0,273.0,34.0,2026-08-30 05:01:00,2026-08-30 17:44:00,False,Guwahati
26.7,99,32.9,0.6,0.6,53,9.9,0.458,2026-08-30 23:00:00,15,42,0.0,9.3,9.4,8.7,1.9,251.0,34.0,2026-08-30 05:01:00,2026-08-30 17:44:00,False,Guwahati
20.7,94,23.6,0.3,0.3,51,5.4,0.487,2026-08-25 00:00:00,22,31,0.0,3.3,3.5,4.8,1.9,156.0,55.0,2026-08-25 04:59:00,2026-08-25 17:48:00,False,Shillong
20.6,95,23.4,0.1,0.1,51,6.2,0.487,2026-08-25 01:00:00,22,31,0.0,2.6,2.8,4.2,1.9,152.0,54.0,2026-08-25 04:59:00,2026-08-25 17:48:00,False,Shillong
20.5,95,23.5,0.1,0.1,51,5.3,0.487,2026-08-25 02:00:00,21,31,0.0,2.3,2.4,3.9,1.9,150.0,53.0,2026-08-25 04:59:00,2026-08-25 17:48:00,False,Shillong
20.5,96,23.7,0.1,0.1,51,3.9,0.487,2026-08-25 03:00:00,20,30,0.0,1.4,1.6,3.9,2.0,151.0,50.0,2026-08-25 04:59:00,2026-08-25 17:48:00,False,Shillong
20.4,97,23.7,0.1,0.1,51,3.7,0.488,2026-08-25 04:00:00,18,30,0.0,1.1,1.1,4.1,2.1,155.0,46.0,2026-08-25 04:59:00,2026-08-25 17:48:00,False,Shillong
20.9,95,24.4,0.2,0.2,51,3.2,0.478,2026-08-25 05:00:00,20,30,0.05,1.6,1.8,4.2,2.0,157.0,49.0,2026-08-25 04:59:00,2026-08-25 17:48:00,True,Shillong
21.2,93,24.4,0.1,0.1,51,4.1,0.479,2026-08-25 06:00:00,20,30,0.4,1.8,2.0,4.5,2.0,157.0,51.0,2026-08-25 04:59:00,2026-08-25 17:48:00,True,Shillong
21.7,90,24.7,0.1,0.1,51,5.8,0.479,2026-08-25 07:00:00,21,29,0.8,2.9,3.0,4.9,2.1,156.0,53.0,2026-08-25 04:59:00,2026-08-25 17:48:00,True,Shillong
23.0,81,25.5,0.1,0.1,51,7.7,0.479,2026-08-25 08:00:00,23,29,1.4,2.5,2.6,4.8,2.1,154.0,57.0,2026-08-25 04:59:00,2026-08-25 17:48:00,True,Shillong
23.6,79,26.2,0.1,0.1,51,7.6,0.479,2026-08-25 09:00:00,25,29,4.5,2.8,3.0,3.9,2.0,149.0,63.0,2026-08-25 04:59:00,2026-08-25 17:48:00,True,Shillong
23.9,76,26.5,0.2,0.2,51,7.0,0.478,2026-08-25 10:00:00,28,29,4.2,2.6,2.9,2.6,1.8,143.0,71.0,2026-08-25 04:59:00,2026-08-25 17:48:00,True,Shillong
24.7,70,26.7,0.1,0.1,51,8.9,0.462,2026-08-25 11:00:00,30,29,3.6,2.5,2.8,1.7,1.6,139.0,76.0,2026-08-25 04:59:00,2026-08-25 17:48:00,True,Shillong
24.7,69,26.4,0.2,0.2,51,10.2,0.462,2026-08-25 12:00:00,31,28,3.15,2.8,3.2,1.4,1.5,137.0,78.0,2026-08-25 04:59:00,2026-08-25 17:48:00,True,Shillong
25.0,67,26.5,0.1,0.1,51,11.5,0.462,2026-08-25 13:00:00,32,29,2.55,2.6,3.0,1.6,1.4,137.0,79.0,2026-08-25 04:59:00,2026-08-25 17:48:00,True,Shillong
24.3,71,26.1,0.0,0.0,3,9.2,0.461,2026-08-25 14:00:00,31,31,2.1,3.0,3.4,2.4,1.4,142.0,77.0,2026-08-25 04:59:00,2026-08-25 17:48:00,True,Shillong
23.8,72,25.4,0.0,0.0,3,10.1,0.461,2026-08-25 15:00:00,29,32,1.2,3.8,4.2,4.4,1.5,155.0,72.0,2026-08-25 04:59:00,2026-08-25 17:48:00,True,Shillong
23.1,75,24.9,0.0,0.0,3,8.4,0.461,2026-08-25 16:00:00,26,33,0.35,4.6,5.1,7.1,1.6,174.0,65.0,2026-08-25 04:59:00,2026-08-25 17:48:00,True,Shillong
21.9,80,24.2,0.0,0.0,3,5.5,0.474,2026-08-25 17:00:00,27,34,0.0,6.8,8.0,5.3,1.8,193.0,68.0,2026-08-25 04:59:00,2026-08-25 17:48:00,True,Shillong
21.0,86,23.3,0.0,0.0,3,5.5,0.474,2026-08-25 18:00:00,26,34,0.0,6.7,7.5,6.0,2.0,217.0,64.0,2026-08-25 04:59:00,2026-08-25 17:48:00,False,Shillong
20.5,89,22.9,0.0,0.0,3,5.3,0.474,2026-08-25 19:00:00,24,34,0.0,7.3,8.1,7.0,2.4,241.0,60.0,2026-08-25 04:59:00,2026-08-25 17:48:00,False,Shillong
20.6,89,23.0,0.0,0.0,3,5.9,0.474,2026-08-25 20:00:00,22,33,0.0,7.0,8.0,7.5,2.6,249.0,56.0,2026-08-25 04:59:00,2026-08-25 17:48:00,False,Shillong
20.8,88,23.0,0.0,0.0,3,7.0,0.474,2026-08-25 21:00:00,22,31,0.0,5.9,7.0,7.2,2.7,228.0,55.0,2026-08-25 04:59:00,2026-08-25 17:48:00,False,Shillong
20.8,88,23.1,0.0,0.0,3,6.5,0.474,2026-08-25 22:00:00,22,30,0.0,5.0,5.9,6.6,2.7,190.0,55.0,2026-08-25 04:59:00,2026-08-25 17:48:00,False,Shillong
20.9,88,23.2,0.0,0.0,3,6.9,0.472,2026-08-25 23:00:00,22,29,0.0,4.6,5.6,5.9,2.6,160.0,55.0,2026-08-25 04:59:00,2026-08-25 17:48:00,False,Shillong
20.6,89,22.8,0.0,0.0,3,7.1,0.472,2026-08-26 00:00:00,22,28,0.0,3.8,4.5,5.4,2.5,145.0,54.0,2026-08-26 05:00:00,2026-08-26 17:47:00,False,Shillong
20.3,90,22.5,0.0,0.0,3,6.7,0.473,2026-08-26 01:00:00,21,27,0.0,2.8,3.3,4.8,2.4,137.0,52.0,2026-08-26 05:00:00,2026-08-26 17:47:00,False,Shillong
20.0,92,22.3,0.0,0.0,3,6.5,0.473,2026-08-26 02:00:00,20,26,0.0,2.0,2.4,4.4,2.3,135.0,51.0,2026-08-26 05:00:00,2026-08-26 17:47:00,False,Shillong
20.3,91,22.7,0.0,0.0,3,5.8,0.473,2026-08-26 03:00:00,20,25,0.0,1.6,1.8,4.1,2.2,143.0,51.0,2026-08-26 05:00:00,2026-08-26 17:47:00,False,Shillong
20.2,92,22.8,0.0,0.0,3,5.2,0.473,2026-08-26 04:00:00,20,25,0.0,1.8,2.1,4.0,2.2,156.0,51.0,2026-08-26 05:00:00,2026-08-26 17:47:00,False,Shillong
20.2,91,22.8,0.0,0.0,2,4.4,0.472,2026-08-26 05:00:00,21,25,0.1,2.7,3.0,4.0,2.4,166.0,52.0,2026-08-26 05:00:00,2026-08-26 17:47:00,True,Shillong
21.1,86,23.6,0.0,0.0,3,5.0,0.472,2026-08-26 06:00:00,24,24,0.75,2.9,3.3,3.4,2.3,166.0,59.0,2026-08-26 05:00:00,2026-08-26 17:47:00,True,Shillong
22.7,77,25.1,0.0,0.0,2,4.8,0.471,2026-08-26 07:00:00,28,25,2.25,3.5,4.1,2.6,2.2,163.0,69.0,2026-08-26 05:00:00,2026-08-26 17:47:00,True,Shillong
24.4,68,27.0,0.0,0.0,2,2.4,0.47,2026-08-26 08:00:00,31,25,4.1,4.0,4.9,2.0,2.1,158.0,77.0,2026-08-26 05:00:00,2026-08-26 17:47:00,True,Shillong
25.9,62,29.5,0.2,0.2,51,2.2,0.469,2026-08-26 09:00:00,32,27,3.3,4.0,5.0,1.7,1.9,152.0,79.0,2026-08-26 05:00:00,2026-08-26 17:47:00,True,Shillong
26.4,63,30.6,0.1,0.1,51,4.2,0.467,2026-08-26 10:00:00,32,28,3.85,4.1,4.9,1.6,1.7,146.0,79.0,2026-08-26 05:00:00,2026-08-26 17:47:00,True,Shillong
26.4,62,30.6,0.1,0.1,51,1.7,0.47,2026-08-26 11:00:00,32,30,3.2,4.0,4.6,1.6,1.6,144.0,79.0,2026-08-26 05:00:00,2026-08-26 17:47:00,True,Shillong
25.7,68,31.3,0.5,0.5,53,1.6,0.47,2026-08-26 12:00:00,32,32,2.4,3.4,3.9,1.6,1.6,148.0,80.0,2026-08-26 05:00:00,2026-08-26 17:47:00,True,Shillong
24.4,77,28.4,0.3,0.3,51,0.6,0.47,2026-08-26 13:00:00,32,33,2.3,3.5,3.8,1.7,1.6,155.0,81.0,2026-08-26 05:00:00,2026-08-26 17:47:00,True,Shillong
25.3,73,29.6,0.2,0.2,51,2.4,0.469,2026-08-26 14:00:00,32,35,1.55,3.7,3.9,2.3,1.7,166.0,80.0,2026-08-26 05:00:00,2026-08-26 17:47:00,True,Shillong
24.7,74,28.1,0.2,0.2,51,2.4,0.469,2026-08-26 15:00:00,30,36,1.0,3.6,3.7,4.0,1.8,180.0,76.0,2026-08-26 05:00:00,2026-08-26 17:47:00,True,Shillong
23.9,78,27.5,0.1,0.1,51,1.5,0.469,2026-08-26 16:00:00,28,37,0.35,4.2,4.4,6.2,1.9,197.0,69.0,2026-08-26 05:00:00,2026-08-26 17:47:00,True,Shillong
23.1,83,26.8,0.0,0.0,2,1.4,0.468,2026-08-26 17:00:00,27,36,0.0,8.3,9.3,6.5,1.8,213.0,68.0,2026-08-26 05:00:00,2026-08-26 17:47:00,True,Shillong
21.5,94,25.2,0.0,0.0,3,2.6,0.469,2026-08-26 18:00:00,24,35,0.0,7.5,7.9,8.4,2.0,230.0,59.0,2026-08-26 05:00:00,2026-08-26 17:47:00,False,Shillong
21.4,94,25.0,0.0,0.0,3,3.1,0.469,2026-08-26 19:00:00,19,34,0.0,9.3,9.7,11.0,2.2,247.0,48.0,2026-08-26 05:00:00,2026-08-26 17:47:00,False,Shillong
21.0,95,24.7,0.0,0.0,3,1.5,0.469,2026-08-26 20:00:00,16,33,0.0,10.2,10.7,12.5,2.4,255.0,40.0,2026-08-26 05:00:00,2026-08-26 17:47:00,False,Shillong
20.5,97,24.0,0.0,0.0,3,3.1,0.469,2026-08-26 21:00:00,16,30,0.0,8.9,9.3,12.1,2.6,247.0,40.0,2026-08-26 05:00:00,2026-08-26 17:47:00,False,Shillong
20.6,94,23.7,0.0,0.0,3,3.8,0.469,2026-08-26 22:00:00,18,28,0.0,9.1,9.6,10.5,2.8,230.0,45.0,2026-08-26 05:00:00,2026-08-26 17:47:00,False,Shillong
20.7,98,24.2,0.0,0.0,2,3.8,0.472,2026-08-26 23:00:00,20,26,0.0,8.1,8.7,8.9,2.9,213.0,50.0,2026-08-26 05:00:00,2026-08-26 17:47:00,False,Shillong
20.1,98,23.2,0.0,0.0,2,4.0,0.472,2026-08-27 00:00:00,22,27,0.0,5.1,5.7,7.2,2.8,196.0,54.0,2026-08-27 05:00:00,2026-08-27 17:46:00,False,Shillong
19.8,98,22.5,0.0,0.0,3,5.8,0.472,2026-08-27 01:00:00,24,27,0.0,4.0,4.4,5.5,2.5,178.0,59.0,2026-08-27 05:00:00,2026-08-27 17:46:00,False,Shillong
19.6,97,22.0,0.0,0.0,3,6.5,0.472,2026-08-27 02:00:00,24,28,0.0,2.7,2.8,4.2,2.3,169.0,61.0,2026-08-27 05:00:00,2026-08-27 17:46:00,False,Shillong
19.5,96,21.9,0.0,0.0,3,6.4,0.472,2026-08-27 03:00:00,23,28,0.0,2.8,2.9,3.9,2.3,175.0,58.0,2026-08-27 05:00:00,2026-08-27 17:46:00,False,Shillong
19.7,96,22.2,0.0,0.0,3,5.5,0.471,2026-08-27 04:00:00,21,28,0.0,2.9,3.1,4.1,2.3,190.0,53.0,2026-08-27 05:00:00,2026-08-27 17:46:00,False,Shillong
20.7,94,23.9,0.0,0.0,2,3.8,0.465,2026-08-27 05:00:00,22,28,0.1,4.0,4.2,4.2,2.3,198.0,55.0,2026-08-27 05:00:00,2026-08-27 17:46:00,True,Shillong
21.2,92,24.9,0.0,0.0,1,0.7,0.465,2026-08-27 06:00:00,26,29,0.8,4.1,4.4,3.5,2.2,192.0,66.0,2026-08-27 05:00:00,2026-08-27 17:46:00,True,Shillong
22.6,83,26.1,0.1,0.1,51,1.8,0.465,2026-08-27 07:00:00,33,29,2.4,4.3,4.7,2.6,2.1,180.0,82.0,2026-08-27 05:00:00,2026-08-27 17:46:00,True,Shillong
24.0,75,27.0,0.2,0.2,51,3.9,0.465,2026-08-27 08:00:00,38,29,4.8,5.0,5.6,1.8,2.0,170.0,94.0,2026-08-27 05:00:00,2026-08-27 17:46:00,True,Shillong
24.6,73,28.2,0.6,0.6,53,5.0,0.467,2026-08-27 09:00:00,39,31,7.75,4.9,5.4,1.4,1.9,164.0,98.0,2026-08-27 05:00:00,2026-08-27 17:46:00,True,Shillong
25.0,72,28.5,0.4,0.4,51,5.3,0.468,2026-08-27 10:00:00,40,33,5.15,5.0,5.4,1.1,1.7,160.0,99.0,2026-08-27 05:00:00,2026-08-27 17:46:00,True,Shillong
26.0,67,29.5,0.9,0.9,53,6.2,0.471,2026-08-27 11:00:00,40,35,3.85,5.2,5.6,1.1,1.6,159.0,99.0,2026-08-27 05:00:00,2026-08-27 17:46:00,True,Shillong
22.6,92,26.6,2.2,2.2,61,2.7,0.485,2026-08-27 12:00:00,40,37,3.9,5.8,6.2,1.1,1.6,162.0,100.0,2026-08-27 05:00:00,2026-08-27 17:46:00,True,Shillong
22.9,87,26.6,0.5,0.5,53,3.6,0.486,2026-08-27 13:00:00,41,40,2.25,6.0,6.3,1.3,1.7,168.0,101.0,2026-08-27 05:00:00,2026-08-27 17:46:00,True,Shillong
22.6,95,26.9,1.2,1.2,55,3.1,0.491,2026-08-27 14:00:00,39,43,2.3,5.7,6.0,2.2,1.8,181.0,98.0,2026-08-27 05:00:00,2026-08-27 17:46:00,True,Shillong
23.3,92,27.9,0.5,0.5,53,2.4,0.492,2026-08-27 15:00:00,36,45,0.9,4.9,5.1,4.3,1.7,202.0,89.0,2026-08-27 05:00:00,2026-08-27 17:46:00,True,Shillong
23.7,90,28.3,0.3,0.3,51,2.2,0.492,2026-08-27 16:00:00,30,45,0.25,4.8,4.9,7.1,1.7,228.0,76.0,2026-08-27 05:00:00,2026-08-27 17:46:00,True,Shillong
22.1,93,25.8,1.8,1.8,61,4.7,0.473,2026-08-27 17:00:00,26,44,0.0,3.6,3.6,9.2,1.7,258.0,66.0,2026-08-27 05:00:00,2026-08-27 17:46:00,True,Shillong
21.2,99,25.4,0.1,0.1,51,1.6,0.473,2026-08-27 18:00:00,24,42,0.0,5.7,5.8,10.0,2.0,297.0,60.0,2026-08-27 05:00:00,2026-08-27 17:46:00,False,Shillong
21.2,98,25.4,0.0,0.0,2,0.4,0.472,2026-08-27 19:00:00,22,40,0.0,7.3,7.4,10.0,2.5,338.0,56.0,2026-08-27 05:00:00,2026-08-27 17:46:00,False,Shillong
21.0,97,24.8,0.1,0.1,51,2.4,0.473,2026-08-27 20:00:00,22,37,0.0,7.9,8.0,9.7,2.8,362.0,54.0,2026-08-27 05:00:00,2026-08-27 17:46:00,False,Shillong
21.2,95,25.0,0.1,0.1,51,1.0,0.473,2026-08-27 21:00:00,22,35,0.0,7.3,7.4,9.2,3.0,357.0,54.0,2026-08-27 05:00:00,2026-08-27 17:46:00,False,Shillong
20.5,98,23.9,1.1,1.1,55,3.1,0.481,2026-08-27 22:00:00,22,32,0.0,5.7,5.7,8.3,3.0,333.0,56.0,2026-08-27 05:00:00,2026-08-27 17:46:00,False,Shillong
19.9,99,23.2,0.5,0.5,53,3.2,0.48,2026-08-27 23:00:00,24,30,0.0,5.4,5.4,7.3,2.9,307.0,59.0,2026-08-27 05:00:00,2026-08-27 17:46:00,False,Shillong
20.1,99,23.4,0.6,0.6,53,4.1,0.485,2026-08-28 00:00:00,25,28,0.0,5.4,5.4,6.0,2.6,277.0,63.0,2026-08-28 05:00:00,2026-08-28 17:45:00,False,Shillong
20.0,98,23.1,0.1,0.1,51,4.1,0.484,2026-08-28 01:00:00,27,28,0.0,3.7,3.8,4.5,2.1,244.0,68.0,2026-08-28 05:00:00,2026-08-28 17:45:00,False,Shillong
19.8,98,23.0,0.0,0.0,3,2.9,0.483,2026-08-28 02:00:00,29,28,0.0,2.1,2.1,3.5,1.8,222.0,72.0,2026-08-28 05:00:00,2026-08-28 17:45:00,False,Shillong
19.3,99,22.2,2.7,2.7,63,3.3,0.508,2026-08-28 03:00:00,29,28,0.0,2.0,2.1,3.2,1.8,224.0,73.0,2026-08-28 05:00:00,2026-08-28 17:45:00,False,Shillong
19.6,98,22.6,0.7,0.7,53,3.1,0.507,2026-08-28 04:00:00,29,29,0.0,1.2,1.2,3.4,1.9,238.0,73.0,2026-08-28 05:00:00,2026-08-28 17:45:00,False,Shillong
20.5,98,24.3,0.0,0.0,3,1.0,0.496,2026-08-28 05:00:00,22,30,0.1,6.7,6.9,4.9,2.7,243.0,56.0,2026-08-28 05:00:00,2026-08-28 17:45:00,True,Shillong
20.7,97,24.4,0.1,0.1,51,2.3,0.495,2026-08-28 06:00:00,27,30,0.75,7.4,7.6,4.0,2.4,228.0,67.0,2026-08-28 05:00:00,2026-08-28 17:45:00,True,Shillong
21.8,91,25.2,0.1,0.1,51,4.0,0.494,2026-08-28 07:00:00,33,31,2.15,7.2,7.4,2.8,2.1,203.0,83.0,2026-08-28 05:00:00,2026-08-28 17:45:00,True,Shillong
22.7,88,25.9,0.3,0.3,51,6.2,0.494,2026-08-28 08:00:00,38,32,2.75,6.0,6.2,1.9,1.8,183.0,94.0,2026-08-28 05:00:00,2026-08-28 17:45:00,True,Shillong
23.7,84,27.2,0.1,0.1,51,5.6,0.492,2026-08-28 09:00:00,39,34,4.4,5.7,5.9,1.5,1.6,171.0,97.0,2026-08-28 05:00:00,2026-08-28 17:45:00,True,Shillong
25.1,77,28.9,0.1,0.1,51,7.6,0.49,2026-08-28 10:00:00,39,36,4.55,5.8,6.0,1.4,1.6,164.0,97.0,2026-08-28 05:00:00,2026-08-28 17:45:00,True,Shillong
24.5,74,27.1,0.1,0.1,51,8.0,0.49,2026-08-28 11:00:00,38,37,3.65,5.7,5.9,1.4,1.5,160.0,96.0,2026-08-28 05:00:00,2026-08-28 17:45:00,True,Shillong
23.4,85,27.0,1.0,1.0,55,4.5,0.493,2026-08-28 12:00:00,39,38,4.35,6.0,6.2,1.3,1.4,159.0,98.0,2026-08-28 05:00:00,2026-08-28 17:45:00,True,Shillong
26.1,72,30.6,0.1,0.1,51,5.9,0.49,2026-08-28 13:00:00,40,40,3.4,5.4,5.5,1.2,1.4,162.0,100.0,2026-08-28 05:00:00,2026-08-28 17:45:00,True,Shillong
24.0,80,27.1,0.4,0.4,51,6.4,0.49,2026-08-28 14:00:00,40,42,1.95,5.4,5.5,1.8,1.4,172.0,99.0,2026-08-28 05:00:00,2026-08-28 17:45:00,True,Shillong
21.8,96,26.1,2.0,2.0,61,1.1,0.5,2026-08-28 15:00:00,37,44,0.85,6.1,6.2,3.6,1.4,190.0,92.0,2026-08-28 05:00:00,2026-08-28 17:45:00,True,Shillong
21.9,95,26.3,0.2,0.2,51,0.6,0.499,2026-08-28 16:00:00,32,45,0.25,5.9,6.0,6.1,1.5,213.0,81.0,2026-08-28 05:00:00,2026-08-28 17:45:00,True,Shillong
21.9,97,26.2,0.0,0.0,2,2.3,0.494,2026-08-28 17:00:00,30,44,0.0,6.0,6.1,6.2,1.4,242.0,74.0,2026-08-28 05:00:00,2026-08-28 17:45:00,True,Shillong
21.4,99,25.6,0.0,0.0,2,2.6,0.493,2026-08-28 18:00:00,27,43,0.0,5.7,5.8,7.4,1.7,283.0,67.0,2026-08-28 05:00:00,2026-08-28 17:45:00,False,Shillong
21.3,98,25.3,0.0,0.0,2,2.7,0.492,2026-08-28 19:00:00,23,41,0.0,6.8,6.9,9.1,2.0,329.0,58.0,2026-08-28 05:00:00,2026-08-28 17:45:00,False,Shillong
21.1,97,25.1,0.1,0.1,51,1.9,0.491,2026-08-28 20:00:00,20,39,0.0,7.6,7.7,10.3,2.3,353.0,50.0,2026-08-28 05:00:00,2026-08-28 17:45:00,False,Shillong
21.1,96,24.9,0.0,0.0,1,1.3,0.49,2026-08-28 21:00:00,18,36,0.0,8.5,8.6,10.7,2.5,340.0,46.0,2026-08-28 05:00:00,2026-08-28 17:45:00,False,Shillong
20.8,95,24.5,0.0,0.0,2,1.2,0.489,2026-08-28 22:00:00,17,33,0.0,8.6,8.6,10.6,2.6,306.0,43.0,2026-08-28 05:00:00,2026-08-28 17:45:00,False,Shillong
20.5,98,23.9,0.0,0.0,3,4.3,0.488,2026-08-28 23:00:00,18,32,0.0,7.5,7.6,9.9,2.7,274.0,44.0,2026-08-28 05:00:00,2026-08-28 17:45:00,False,Shillong
20.4,99,23.8,0.3,0.3,51,3.5,0.49,2026-08-29 00:00:00,20,32,0.0,7.3,7.3,8.3,2.6,250.0,50.0,2026-08-29 05:01:00,2026-08-29 17:44:00,False,Shillong
20.4,98,23.9,0.3,0.3,51,3.5,0.492,2026-08-29 01:00:00,24,32,0.0,4.8,4.8,6.1,2.4,228.0,60.0,2026-08-29 05:01:00,2026-08-29 17:44:00,False,Shillong
20.0,98,23.3,0.3,0.3,51,3.0,0.493,2026-08-29 02:00:00,27,33,0.0,3.5,3.5,4.5,2.3,217.0,67.0,2026-08-29 05:01:00,2026-08-29 17:44:00,False,Shillong
20.1,98,23.6,0.7,0.7,53,1.9,0.499,2026-08-29 03:00:00,27,33,0.0,2.9,2.9,4.0,2.3,228.0,68.0,2026-08-29 05:01:00,2026-08-29 17:44:00,False,Shillong
20.3,96,23.8,0.2,0.2,51,1.7,0.499,2026-08-29 04:00:00,26,33,0.0,2.8,2.8,4.1,2.5,250.0,66.0,2026-08-29 05:01:00,2026-08-29 17:44:00,False,Shillong
20.4,100,23.7,0.0,0.0,3,4.9,0.491,2026-08-29 05:00:00,27,34,0.1,2.4,2.4,4.0,2.1,259.0,68.0,2026-08-29 05:01:00,2026-08-29 17:44:00,False,Shillong
20.5,99,23.7,0.1,0.1,51,5.8,0.491,2026-08-29 06:00:00,28,33,0.75,3.7,3.7,3.6,1.9,242.0,71.0,2026-08-29 05:01:00,2026-08-29 17:44:00,True,Shillong
21.5,92,24.4,0.2,0.2,51,6.8,0.491,2026-08-29 07:00:00,30,32,2.05,3.9,3.9,3.0,1.6,212.0,76.0,2026-08-29 05:01:00,2026-08-29 17:44:00,True,Shillong
22.9,84,25.5,0.1,0.1,51,9.4,0.49,2026-08-29 08:00:00,32,31,3.6,3.7,3.7,2.5,1.4,187.0,79.0,2026-08-29 05:01:00,2026-08-29 17:44:00,True,Shillong
24.9,72,27.5,0.0,0.0,3,10.4,0.488,2026-08-29 09:00:00,32,32,5.1,3.9,4.0,2.0,1.2,173.0,79.0,2026-08-29 05:01:00,2026-08-29 17:44:00,True,Shillong
26.2,68,29.6,0.1,0.1,51,11.1,0.485,2026-08-29 10:00:00,31,33,7.05,4.0,4.0,1.4,1.1,164.0,78.0,2026-08-29 05:01:00,2026-08-29 17:44:00,True,Shillong
25.9,70,29.7,0.2,0.2,51,9.9,0.484,2026-08-29 11:00:00,30,34,6.8,4.4,4.5,1.1,1.0,158.0,76.0,2026-08-29 05:01:00,2026-08-29 17:44:00,True,Shillong
24.4,80,27.7,0.5,0.5,53,6.7,0.484,2026-08-29 12:00:00,30,34,4.9,4.6,4.7,0.9,1.0,154.0,75.0,2026-08-29 05:01:00,2026-08-29 17:44:00,True,Shillong
26.1,74,30.1,0.3,0.3,51,6.5,0.483,2026-08-29 13:00:00,30,35,2.95,4.9,5.0,0.8,1.0,153.0,75.0,2026-08-29 05:01:00,2026-08-29 17:44:00,True,Shillong
25.6,73,29.3,0.3,0.3,51,3.2,0.483,2026-08-29 14:00:00,29,35,1.85,5.9,6.1,1.5,1.0,161.0,72.0,2026-08-29 05:01:00,2026-08-29 17:44:00,True,Shillong
22.4,95,26.5,2.2,2.2,61,4.2,0.496,2026-08-29 15:00:00,26,35,0.95,5.8,5.9,3.4,1.1,175.0,66.0,2026-08-29 05:01:00,2026-08-29 17:44:00,True,Shillong
22.8,94,27.1,0.3,0.3,51,3.2,0.496,2026-08-29 16:00:00,23,35,0.25,6.3,6.4,6.1,1.2,197.0,58.0,2026-08-29 05:01:00,2026-08-29 17:44:00,True,Shillong
22.8,92,27.0,0.2,0.2,51,2.6,0.479,2026-08-29 17:00:00,24,34,0.0,5.2,5.2,6.7,1.2,238.0,60.0,2026-08-29 05:01:00,2026-08-29 17:44:00,True,Shillong
21.5,99,25.7,0.0,0.0,3,2.7,0.479,2026-08-29 18:00:00,23,32,0.0,4.7,4.7,7.3,1.3,324.0,57.0,2026-08-29 05:01:00,2026-08-29 17:44:00,False,Shillong
21.3,98,25.3,0.0,0.0,3,2.7,0.479,2026-08-29 19:00:00,21,31,0.0,5.8,5.8,8.1,1.5,429.0,52.0,2026-08-29 05:01:00,2026-08-29 17:44:00,False,Shillong
21.1,98,24.8,0.0,0.0,3,3.6,0.478,2026-08-29 20:00:00,19,30,0.0,4.7,4.7,8.7,1.7,489.0,48.0,2026-08-29 05:01:00,2026-08-29 17:44:00,False,Shillong
20.9,96,24.3,0.0,0.0,3,4.5,0.478,2026-08-29 21:00:00,19,28,0.0,4.7,4.8,8.7,1.8,468.0,47.0,2026-08-29 05:01:00,2026-08-29 17:44:00,False,Shillong
20.7,96,23.8,0.0,0.0,3,4.7,0.478,2026-08-29 22:00:00,18,27,0.0,5.2,5.2,8.5,1.8,403.0,46.0,2026-08-29 05:01:00,2026-08-29 17:44:00,False,Shillong
21.0,97,24.6,0.0,0.0,2,4.3,0.477,2026-08-29 23:00:00,18,26,0.0,5.1,5.1,8.2,1.8,338.0,45.0,2026-08-29 05:01:00,2026-08-29 17:44:00,False,Shillong
20.2,97,22.9,0.1,0.1,51,7.1,0.477,2026-08-30 00:00:00,17,26,0.0,3.3,3.3,8.0,1.8,281.0,42.0,2026-08-30 05:01:00,2026-08-30 17:43:00,False,Shillong
19.8,98,22.4,0.2,0.2,51,7.2,0.478,2026-08-30 01:00:00,15,25,0.0,3.5,3.5,7.8,1.7,225.0,38.0,2026-08-30 05:01:00,2026-08-30 17:43:00,False,Shillong
19.6,97,22.2,0.0,0.0,3,6.2,0.478,2026-08-30 02:00:00,14,24,0.0,3.6,3.6,7.7,1.6,187.0,35.0,2026-08-30 05:01:00,2026-08-30 17:43:00,False,Shillong
19.5,97,21.9,0.0,0.0,3,6.7,0.477,2026-08-30 03:00:00,12,24,0.0,3.5,3.5,8.1,1.5,182.0,31.0,2026-08-30 05:01:00,2026-08-30 17:43:00,False,Shillong
19.7,97,22.1,0.0,0.0,3,6.8,0.477,2026-08-30 04:00:00,11,24,0.0,3.9,3.9,8.6,1.5,195.0,27.0,2026-08-30 05:01:00,2026-08-30 17:43:00,False,Shillong
20.0,98,23.0,0.0,0.0,3,5.6,0.473,2026-08-30 05:00:00,13,25,0.1,3.2,3.2,5.9,0.9,203.0,33.0,2026-08-30 05:01:00,2026-08-30 17:43:00,False,Shillong
21.7,90,24.9,0.0,0.0,3,5.0,0.473,2026-08-30 06:00:00,18,25,0.75,4.0,4.0,4.6,1.1,194.0,44.0,2026-08-30 05:01:00,2026-08-30 17:43:00,True,Shillong
23.0,81,25.4,0.0,0.0,3,8.5,0.472,2026-08-30 07:00:00,24,25,2.6,5.3,5.4,2.8,1.4,179.0,59.0,2026-08-30 05:01:00,2026-08-30 17:43:00,True,Shillong
24.6,71,26.3,0.0,0.0,3,11.4,0.471,2026-08-30 08:00:00,28,25,5.35,5.2,5.3,1.4,1.5,166.0,71.0,2026-08-30 05:01:00,2026-08-30 17:43:00,True,Shillong
25.5,68,28.0,0.2,0.2,51,11.3,0.47,2026-08-30 09:00:00,30,26,7.05,4.2,4.4,0.8,1.4,158.0,76.0,2026-08-30 05:01:00,2026-08-30 17:43:00,True,Shillong
26.7,67,30.2,0.1,0.1,51,11.6,0.468,2026-08-30 10:00:00,31,26,4.45,3.5,3.6,0.7,1.2,153.0,77.0,2026-08-30 05:01:00,2026-08-30 17:43:00,True,Shillong
25.0,72,29.0,0.0,0.0,3,11.9,0.459,2026-08-30 11:00:00,31,26,3.4,3.6,3.7,0.7,1.1,152.0,78.0,2026-08-30 05:01:00,2026-08-30 17:43:00,True,Shillong
26.4,64,30.3,0.0,0.0,2,9.5,0.457,2026-08-30 12:00:00,32,27,2.5,3.9,4.0,0.7,1.2,155.0,79.0,2026-08-30 05:01:00,2026-08-30 17:43:00,True,Shillong
27.2,61,30.6,0.1,0.1,51,9.8,0.455,2026-08-30 13:00:00,32,30,2.35,4.6,4.6,0.9,1.4,161.0,80.0,2026-08-30 05:01:00,2026-08-30 17:43:00,True,Shillong
25.7,68,28.6,0.6,0.6,53,9.8,0.457,2026-08-30 14:00:00,32,33,1.8,5.2,5.2,1.4,1.5,170.0,79.0,2026-08-30 05:01:00,2026-08-30 17:43:00,True,Shillong
24.0,83,27.3,1.5,1.5,61,7.0,0.465,2026-08-30 15:00:00,30,35,0.9,5.2,5.2,2.4,1.5,183.0,75.0,2026-08-30 05:01:00,2026-08-30 17:43:00,True,Shillong
23.2,86,26.5,0.3,0.3,51,7.0,0.467,2026-08-30 16:00:00,27,36,0.2,5.5,5.6,3.6,1.5,200.0,68.0,2026-08-30 05:01:00,2026-08-30 17:43:00,True,Shillong
21.9,96,25.3,0.0,0.0,2,7.0,0.458,2026-08-30 17:00:00,26,35,0.0,2.4,2.6,4.4,1.5,215.0,65.0,2026-08-30 05:01:00,2026-08-30 17:43:00,True,Shillong
21.0,97,24.2,0.0,0.0,3,6.9,0.458,2026-08-30 18:00:00,25,35,0.0,2.7,2.8,4.8,1.7,231.0,63.0,2026-08-30 05:01:00,2026-08-30 17:43:00,False,Shillong
20.7,97,23.5,0.0,0.0,2,8.1,0.458,2026-08-30 19:00:00,24,34,0.0,3.3,3.4,5.4,2.0,245.0,61.0,2026-08-30 05:01:00,2026-08-30 17:43:00,False,Shillong
20.5,97,23.1,0.0,0.0,3,8.6,0.458,2026-08-30 20:00:00,24,33,0.0,3.5,3.6,5.7,2.2,247.0,59.0,2026-08-30 05:01:00,2026-08-30 17:43:00,False,Shillong
20.5,96,23.0,0.1,0.1,51,9.1,0.459,2026-08-30 21:00:00,23,32,0.0,3.5,3.5,5.6,2.2,229.0,58.0,2026-08-30 05:01:00,2026-08-30 17:43:00,False,Shillong
20.1,96,22.0,0.1,0.1,51,11.3,0.46,2026-08-30 22:00:00,22,31,0.0,3.0,3.1,5.3,2.1,199.0,56.0,2026-08-30 05:01:00,2026-08-30 17:43:00,False,Shillong
20.1,96,22.2,0.0,0.0,3,10.2,0.457,2026-08-30 23:00:00,22,29,0.0,2.8,2.9,5.0,1.9,173.0,55.0,2026-08-30 05:01:00,2026-08-30 17:43:00,False,Shillong
26.5,96,32.2,7.2,7.2,63,10.9,0.39,2026-08-25 00:00:00,71,107,0.0,42.1,42.5,16.9,10.4,332.0,69.0,2026-08-25 05:35:00,2026-08-25 18:24:00,False,Varanasi
26.5,97,31.8,14.6,14.6,65,13.7,0.39,2026-08-25 01:00:00,70,105,0.0,37.1,37.5,15.4,9.1,309.0,66.0,2026-08-25 05:35:00,2026-08-25 18:24:00,False,Varanasi
26.3,97,31.4,6.2,6.2,63,14.1,0.389,2026-08-25 02:00:00,69,102,0.0,34.5,34.9,14.1,8.3,297.0,64.0,2026-08-25 05:35:00,2026-08-25 18:24:00,False,Varanasi
26.0,97,31.2,1.9,1.9,61,12.1,0.389,2026-08-25 03:00:00,68,100,0.0,30.7,31.2,13.6,8.4,293.0,61.0,2026-08-25 05:35:00,2026-08-25 18:24:00,False,Varanasi
25.9,97,31.2,5.9,5.9,63,10.9,0.389,2026-08-25 04:00:00,67,98,0.0,27.4,27.9,13.3,9.1,299.0,58.0,2026-08-25 05:35:00,2026-08-25 18:24:00,False,Varanasi
26.4,96,31.6,1.3,1.3,61,14.0,0.382,2026-08-25 05:00:00,67,96,0.0,15.7,15.9,10.5,7.5,315.0,62.0,2026-08-25 05:35:00,2026-08-25 18:24:00,False,Varanasi
26.7,96,31.9,0.6,0.6,53,14.8,0.381,2026-08-25 06:00:00,66,94,0.15,17.7,17.9,10.1,8.1,350.0,64.0,2026-08-25 05:35:00,2026-08-25 18:24:00,True,Varanasi
26.8,97,32.2,1.9,1.9,61,14.0,0.381,2026-08-25 07:00:00,65,92,0.6,15.0,15.2,9.5,8.9,395.0,67.0,2026-08-25 05:35:00,2026-08-25 18:24:00,True,Varanasi
27.0,96,32.7,2.3,2.3,61,12.1,0.381,2026-08-25 08:00:00,64,91,2.0,14.4,14.5,8.6,9.8,420.0,73.0,2026-08-25 05:35:00,2026-08-25 18:24:00,True,Varanasi
28.5,89,34.7,0.3,0.3,51,11.0,0.381,2026-08-25 09:00:00,64,89,4.0,13.5,13.6,6.9,10.9,404.0,86.0,2026-08-25 05:35:00,2026-08-25 18:24:00,True,Varanasi
30.6,80,37.5,0.0,0.0,3,10.6,0.377,2026-08-25 10:00:00,64,89,3.2,12.5,12.6,4.9,12.2,369.0,101.0,2026-08-25 05:35:00,2026-08-25 18:24:00,True,Varanasi
31.6,75,38.9,0.0,0.0,1,9.6,0.375,2026-08-25 11:00:00,63,88,3.6,13.1,13.1,3.6,13.1,352.0,113.0,2026-08-25 05:35:00,2026-08-25 18:24:00,True,Varanasi
32.1,73,40.3,0.1,0.1,51,8.6,0.369,2026-08-25 12:00:00,63,87,3.55,14.4,14.4,3.5,13.5,352.0,117.0,2026-08-25 05:35:00,2026-08-25 18:24:00,True,Varanasi
32.5,72,40.6,0.1,0.1,51,8.1,0.364,2026-08-25 13:00:00,63,86,2.9,15.6,15.7,4.1,13.7,369.0,117.0,2026-08-25 05:35:00,2026-08-25 18:24:00,True,Varanasi
32.0,74,39.4,0.3,0.3,51,10.0,0.361,2026-08-25 14:00:00,62,85,1.8,16.7,16.8,5.1,13.5,445.0,114.0,2026-08-25 05:35:00,2026-08-25 18:24:00,True,Varanasi
31.4,80,39.0,1.6,1.6,61,6.5,0.374,2026-08-25 15:00:00,62,85,1.3,17.8,17.8,6.3,12.9,654.0,110.0,2026-08-25 05:35:00,2026-08-25 18:24:00,True,Varanasi
29.2,86,35.7,4.8,4.8,63,9.2,0.391,2026-08-25 16:00:00,61,84,0.45,18.3,18.4,7.9,12.0,921.0,103.0,2026-08-25 05:35:00,2026-08-25 18:24:00,True,Varanasi
29.1,86,35.9,1.1,1.1,55,6.4,0.392,2026-08-25 17:00:00,61,83,0.1,25.0,25.1,11.0,10.4,1060.0,97.0,2026-08-25 05:35:00,2026-08-25 18:24:00,True,Varanasi
28.3,89,35.2,0.0,0.0,2,4.9,0.391,2026-08-25 18:00:00,61,82,0.0,23.6,23.6,11.1,10.2,950.0,97.0,2026-08-25 05:35:00,2026-08-25 18:24:00,True,Varanasi
28.2,89,34.8,0.0,0.0,2,6.7,0.389,2026-08-25 19:00:00,60,81,0.0,23.8,23.9,11.1,10.0,711.0,97.0,2026-08-25 05:35:00,2026-08-25 18:24:00,False,Varanasi
28.0,92,35.3,0.0,0.0,2,3.0,0.388,2026-08-25 20:00:00,60,80,0.0,22.7,22.7,11.1,9.7,523.0,97.0,2026-08-25 05:35:00,2026-08-25 18:24:00,False,Varanasi
27.6,93,34.4,0.8,0.8,53,5.6,0.39,2026-08-25 21:00:00,57,79,0.0,22.9,23.0,10.8,9.3,457.0,98.0,2026-08-25 05:35:00,2026-08-25 18:24:00,False,Varanasi
27.1,95,33.7,1.1,1.1,55,6.4,0.39,2026-08-25 22:00:00,54,77,0.0,23.0,23.1,10.4,8.9,441.0,98.0,2026-08-25 05:35:00,2026-08-25 18:24:00,False,Varanasi
28.3,93,35.6,1.2,1.2,55,5.5,0.389,2026-08-25 23:00:00,50,76,0.0,22.2,22.3,10.5,8.7,434.0,96.0,2026-08-25 05:35:00,2026-08-25 18:24:00,False,Varanasi
27.2,96,33.5,0.4,0.4,51,9.4,0.389,2026-08-26 00:00:00,47,74,0.0,22.2,22.2,11.3,8.9,421.0,90.0,2026-08-26 05:36:00,2026-08-26 18:23:00,False,Varanasi
27.0,96,34.2,0.9,0.9,53,2.4,0.389,2026-08-26 01:00:00,43,72,0.0,23.7,23.8,12.5,9.2,418.0,81.0,2026-08-26 05:36:00,2026-08-26 18:23:00,False,Varanasi
26.8,97,33.6,0.6,0.6,53,4.8,0.388,2026-08-26 02:00:00,41,71,0.0,25.2,25.3,13.8,9.7,426.0,73.0,2026-08-26 05:36:00,2026-08-26 18:23:00,False,Varanasi
26.6,97,33.3,0.2,0.2,51,5.1,0.388,2026-08-26 03:00:00,40,71,0.0,27.3,27.4,15.5,10.1,446.0,64.0,2026-08-26 05:36:00,2026-08-26 18:23:00,False,Varanasi
26.5,97,32.7,0.0,0.0,3,7.8,0.387,2026-08-26 04:00:00,39,70,0.0,29.6,29.6,17.2,10.6,478.0,55.0,2026-08-26 05:36:00,2026-08-26 18:23:00,False,Varanasi
26.7,98,33.7,0.0,0.0,3,4.8,0.386,2026-08-26 05:00:00,40,70,0.0,17.8,17.9,12.8,10.4,525.0,67.0,2026-08-26 05:36:00,2026-08-26 18:23:00,False,Varanasi
27.0,97,34.1,0.1,0.1,51,4.9,0.386,2026-08-26 06:00:00,40,71,0.15,19.7,19.7,13.0,13.7,605.0,66.0,2026-08-26 05:36:00,2026-08-26 18:23:00,True,Varanasi
28.1,93,35.6,0.0,0.0,3,3.0,0.385,2026-08-26 07:00:00,40,71,0.85,15.0,15.0,13.2,18.1,700.0,64.0,2026-08-26 05:36:00,2026-08-26 18:23:00,True,Varanasi
28.9,90,36.8,0.1,0.1,51,1.7,0.385,2026-08-26 08:00:00,40,71,2.35,14.1,14.1,12.5,20.9,760.0,69.0,2026-08-26 05:36:00,2026-08-26 18:23:00,True,Varanasi
30.1,84,37.6,0.3,0.3,51,4.4,0.385,2026-08-26 09:00:00,40,71,4.05,14.3,14.4,10.3,20.5,757.0,85.0,2026-08-26 05:36:00,2026-08-26 18:23:00,True,Varanasi
30.8,80,38.4,0.2,0.2,51,3.6,0.383,2026-08-26 10:00:00,45,71,5.35,13.0,13.0,7.2,18.6,718.0,107.0,2026-08-26 05:36:00,2026-08-26 18:23:00,True,Varanasi
31.6,74,38.8,0.3,0.3,51,2.4,0.388,2026-08-26 11:00:00,57,71,5.7,13.4,13.5,4.9,16.9,674.0,125.0,2026-08-26 05:36:00,2026-08-26 18:23:00,True,Varanasi
31.8,73,40.1,0.1,0.1,51,0.6,0.383,2026-08-26 12:00:00,61,71,5.35,14.0,14.0,3.8,16.4,609.0,138.0,2026-08-26 05:36:00,2026-08-26 18:23:00,True,Varanasi
31.7,73,39.0,0.3,0.3,51,2.4,0.381,2026-08-26 13:00:00,63,71,5.2,15.3,15.3,3.4,16.2,538.0,147.0,2026-08-26 05:36:00,2026-08-26 18:23:00,True,Varanasi
31.7,72,38.8,0.0,0.0,3,1.9,0.377,2026-08-26 14:00:00,64,71,3.8,16.6,16.6,3.8,15.8,538.0,150.0,2026-08-26 05:36:00,2026-08-26 18:23:00,True,Varanasi
31.9,71,38.5,0.0,0.0,3,5.2,0.373,2026-08-26 15:00:00,62,71,2.2,17.7,17.8,4.9,14.8,684.0,143.0,2026-08-26 05:36:00,2026-08-26 18:23:00,True,Varanasi
31.5,73,37.9,0.0,0.0,3,6.4,0.371,2026-08-26 16:00:00,59,72,0.75,18.1,18.1,6.8,13.7,901.0,128.0,2026-08-26 05:36:00,2026-08-26 18:23:00,True,Varanasi
30.7,77,37.3,0.0,0.0,3,6.6,0.371,2026-08-26 17:00:00,40,84,0.15,21.7,21.7,10.7,11.6,1043.0,94.0,2026-08-26 05:36:00,2026-08-26 18:23:00,True,Varanasi
29.6,83,36.3,0.0,0.0,3,7.3,0.37,2026-08-26 18:00:00,40,86,0.0,25.0,25.0,13.3,12.4,1035.0,84.0,2026-08-26 05:36:00,2026-08-26 18:23:00,True,Varanasi
28.9,87,35.4,0.0,0.0,3,8.7,0.37,2026-08-26 19:00:00,40,81,0.0,28.4,28.4,16.9,13.7,952.0,70.0,2026-08-26 05:36:00,2026-08-26 18:23:00,False,Varanasi
28.6,90,35.5,0.0,0.0,3,7.1,0.369,2026-08-26 20:00:00,40,71,0.0,28.8,28.8,20.1,16.0,878.0,59.0,2026-08-26 05:36:00,2026-08-26 18:23:00,False,Varanasi
28.5,92,35.4,0.1,0.1,51,8.0,0.37,2026-08-26 21:00:00,42,71,0.0,27.4,27.4,22.4,20.3,845.0,53.0,2026-08-26 05:36:00,2026-08-26 18:23:00,False,Varanasi
28.2,93,35.2,0.1,0.1,51,7.2,0.37,2026-08-26 22:00:00,42,72,0.0,27.1,27.1,24.2,25.6,821.0,48.0,2026-08-26 05:36:00,2026-08-26 18:23:00,False,Varanasi
28.4,91,35.3,0.0,0.0,3,7.2,0.366,2026-08-26 23:00:00,43,72,0.0,27.4,27.4,26.0,29.6,792.0,44.0,2026-08-26 05:36:00,2026-08-26 18:23:00,False,Varanasi
28.1,93,35.5,0.0,0.0,3,4.4,0.366,2026-08-27 00:00:00,44,73,0.0,27.8,27.9,27.9,31.3,736.0,38.0,2026-08-27 05:36:00,2026-08-27 18:22:00,False,Varanasi
27.9,95,35.1,0.3,0.3,51,6.0,0.369,2026-08-27 01:00:00,45,73,0.0,28.3,28.5,29.8,31.8,675.0,31.0,2026-08-27 05:36:00,2026-08-27 18:22:00,False,Varanasi
27.7,96,34.9,0.1,0.1,51,6.3,0.369,2026-08-27 02:00:00,46,73,0.0,29.5,29.6,30.9,31.7,661.0,27.0,2026-08-27 05:36:00,2026-08-27 18:22:00,False,Varanasi
27.6,97,35.0,0.0,0.0,3,5.2,0.369,2026-08-27 03:00:00,46,74,0.0,28.5,28.8,31.6,31.4,728.0,24.0,2026-08-27 05:36:00,2026-08-27 18:22:00,False,Varanasi
27.4,98,34.6,0.0,0.0,3,6.6,0.369,2026-08-27 04:00:00,46,74,0.0,28.1,28.3,31.6,30.7,843.0,24.0,2026-08-27 05:36:00,2026-08-27 18:22:00,False,Varanasi
27.3,96,34.6,0.1,0.1,51,3.6,0.361,2026-08-27 05:00:00,46,74,0.0,29.0,29.2,28.9,28.3,953.0,21.0,2026-08-27 05:36:00,2026-08-27 18:22:00,False,Varanasi
27.7,97,34.9,0.0,0.0,1,6.8,0.361,2026-08-27 06:00:00,48,75,0.25,29.3,29.5,24.0,26.2,1072.0,36.0,2026-08-27 05:36:00,2026-08-27 18:22:00,True,Varanasi
29.0,86,36.0,0.2,0.2,51,4.4,0.363,2026-08-27 07:00:00,50,75,0.9,22.4,22.8,17.3,23.1,1187.0,57.0,2026-08-27 05:36:00,2026-08-27 18:22:00,True,Varanasi
30.1,81,37.4,0.1,0.1,51,3.0,0.363,2026-08-27 08:00:00,51,76,2.8,19.8,20.2,11.4,19.5,1211.0,78.0,2026-08-27 05:36:00,2026-08-27 18:22:00,True,Varanasi
31.2,76,38.4,0.2,0.2,51,3.5,0.361,2026-08-27 09:00:00,52,76,5.35,18.2,18.4,7.4,15.0,1067.0,100.0,2026-08-27 05:36:00,2026-08-27 18:22:00,True,Varanasi
32.1,72,40.0,0.3,0.3,51,4.9,0.359,2026-08-27 10:00:00,55,77,7.3,16.1,16.2,4.4,10.1,832.0,122.0,2026-08-27 05:36:00,2026-08-27 18:22:00,True,Varanasi
31.8,71,39.8,0.1,0.1,51,4.1,0.363,2026-08-27 11:00:00,61,77,6.7,13.7,13.8,2.4,6.4,649.0,137.0,2026-08-27 05:36:00,2026-08-27 18:22:00,True,Varanasi
32.2,72,40.9,0.8,0.8,53,4.7,0.365,2026-08-27 12:00:00,62,77,4.9,12.3,12.3,1.6,4.7,565.0,140.0,2026-08-27 05:36:00,2026-08-27 18:22:00,True,Varanasi
32.5,70,40.7,0.3,0.3,51,3.5,0.362,2026-08-27 13:00:00,61,77,4.1,10.8,10.8,1.9,4.3,534.0,135.0,2026-08-27 05:36:00,2026-08-27 18:22:00,True,Varanasi
32.3,72,40.1,0.3,0.3,51,3.6,0.36,2026-08-27 14:00:00,58,76,2.75,10.3,10.3,2.9,4.4,556.0,127.0,2026-08-27 05:36:00,2026-08-27 18:22:00,True,Varanasi
28.7,87,34.8,3.7,3.7,63,10.0,0.402,2026-08-27 15:00:00,52,76,1.45,10.7,10.7,4.8,5.1,670.0,118.0,2026-08-27 05:36:00,2026-08-27 18:22:00,True,Varanasi
27.9,94,34.8,1.8,1.8,61,6.7,0.417,2026-08-27 16:00:00,50,75,0.45,11.8,11.8,7.6,6.4,837.0,107.0,2026-08-27 05:36:00,2026-08-27 18:22:00,True,Varanasi
29.7,85,36.8,0.3,0.3,51,5.9,0.351,2026-08-27 17:00:00,49,76,0.1,15.1,15.1,10.4,7.6,948.0,95.0,2026-08-27 05:36:00,2026-08-27 18:22:00,True,Varanasi
29.1,90,36.8,0.2,0.2,51,3.9,0.352,2026-08-27 18:00:00,48,75,0.0,22.0,22.1,13.3,8.3,940.0,83.0,2026-08-27 05:36:00,2026-08-27 18:22:00,True,Varanasi
28.7,93,36.2,0.0,0.0,3,6.2,0.352,2026-08-27 19:00:00,47,74,0.0,27.4,27.5,16.4,8.9,876.0,71.0,2026-08-27 05:36:00,2026-08-27 18:22:00,False,Varanasi
28.3,93,35.5,0.0,0.0,3,6.7,0.352,2026-08-27 20:00:00,47,74,0.0,24.2,24.3,18.9,9.9,833.0,61.0,2026-08-27 05:36:00,2026-08-27 18:22:00,False,Varanasi
27.9,95,35.2,0.0,0.0,3,4.5,0.352,2026-08-27 21:00:00,46,74,0.0,23.7,23.7,20.4,11.9,845.0,54.0,2026-08-27 05:36:00,2026-08-27 18:22:00,False,Varanasi
27.6,95,34.7,0.0,0.0,3,5.6,0.352,2026-08-27 22:00:00,46,73,0.0,26.4,26.5,21.4,14.3,878.0,50.0,2026-08-27 05:36:00,2026-08-27 18:22:00,False,Varanasi
27.2,92,33.6,0.1,0.1,51,5.3,0.347,2026-08-27 23:00:00,45,73,0.0,26.3,26.4,22.4,16.2,904.0,46.0,2026-08-27 05:36:00,2026-08-27 18:22:00,False,Varanasi
27.0,93,33.7,0.0,0.0,3,3.8,0.347,2026-08-28 00:00:00,45,73,0.0,26.0,26.1,23.7,17.1,919.0,42.0,2026-08-28 05:36:00,2026-08-28 18:21:00,False,Varanasi
26.9,94,33.6,0.0,0.0,3,3.9,0.347,2026-08-28 01:00:00,45,73,0.0,30.3,30.4,25.0,17.4,927.0,38.0,2026-08-28 05:36:00,2026-08-28 18:21:00,False,Varanasi
26.9,95,33.5,0.0,0.0,3,4.5,0.347,2026-08-28 02:00:00,45,73,0.0,32.5,32.6,25.8,17.8,912.0,35.0,2026-08-28 05:36:00,2026-08-28 18:21:00,False,Varanasi
26.6,96,33.5,0.0,0.0,3,3.1,0.348,2026-08-28 03:00:00,46,73,0.0,32.1,32.2,26.1,18.3,861.0,30.0,2026-08-28 05:36:00,2026-08-28 18:21:00,False,Varanasi
26.5,96,33.1,0.1,0.1,51,4.7,0.349,2026-08-28 04:00:00,46,74,0.0,33.3,33.4,25.9,18.9,788.0,26.0,2026-08-28 05:36:00,2026-08-28 18:21:00,False,Varanasi
27.2,96,34.0,0.4,0.4,51,6.0,0.382,2026-08-28 05:00:00,47,74,0.0,28.3,28.3,20.2,11.6,717.0,43.0,2026-08-28 05:36:00,2026-08-28 18:21:00,False,Varanasi
27.6,94,34.5,0.0,0.0,3,5.3,0.381,2026-08-28 06:00:00,47,74,0.25,31.1,31.1,17.5,13.3,653.0,59.0,2026-08-28 05:36:00,2026-08-28 18:21:00,True,Varanasi
28.3,91,35.5,0.0,0.0,3,4.8,0.38,2026-08-28 07:00:00,47,74,1.15,29.1,29.2,13.8,15.5,590.0,83.0,2026-08-28 05:36:00,2026-08-28 18:21:00,True,Varanasi
29.2,88,37.1,0.1,0.1,51,0.6,0.379,2026-08-28 08:00:00,49,75,2.7,25.1,25.3,10.3,16.5,538.0,105.0,2026-08-28 05:36:00,2026-08-28 18:21:00,True,Varanasi
30.4,83,38.4,0.2,0.2,51,1.5,0.377,2026-08-28 09:00:00,57,75,4.35,21.5,21.6,7.4,15.0,483.0,125.0,2026-08-28 05:36:00,2026-08-28 18:21:00,True,Varanasi
31.5,78,40.5,0.1,0.1,51,1.1,0.374,2026-08-28 10:00:00,63,75,6.0,20.3,20.5,4.7,12.3,439.0,144.0,2026-08-28 05:36:00,2026-08-28 18:21:00,True,Varanasi
31.9,73,40.5,0.2,0.2,51,3.2,0.372,2026-08-28 11:00:00,65,76,6.75,20.8,21.0,2.9,10.1,456.0,158.0,2026-08-28 05:36:00,2026-08-28 18:21:00,True,Varanasi
32.3,73,41.6,0.1,0.1,51,2.9,0.366,2026-08-28 12:00:00,66,76,5.85,20.6,20.8,2.3,9.2,584.0,164.0,2026-08-28 05:36:00,2026-08-28 18:21:00,True,Varanasi
32.4,73,41.1,0.2,0.2,51,4.2,0.361,2026-08-28 13:00:00,66,77,4.35,19.7,19.9,2.5,8.9,772.0,164.0,2026-08-28 05:36:00,2026-08-28 18:21:00,True,Varanasi
32.2,75,39.9,0.1,0.1,51,4.0,0.358,2026-08-28 14:00:00,65,80,3.25,18.6,18.7,3.5,8.7,924.0,160.0,2026-08-28 05:36:00,2026-08-28 18:21:00,True,Varanasi
30.9,83,38.2,1.1,1.1,55,8.5,0.366,2026-08-28 15:00:00,64,101,2.0,18.2,18.3,5.4,8.3,1022.0,150.0,2026-08-28 05:36:00,2026-08-28 18:21:00,True,Varanasi
29.8,85,36.7,1.1,1.1,55,8.3,0.376,2026-08-28 16:00:00,61,115,0.8,19.3,19.4,8.1,7.9,1083.0,135.0,2026-08-28 05:36:00,2026-08-28 18:21:00,True,Varanasi
30.4,81,37.1,0.3,0.3,51,7.9,0.36,2026-08-28 17:00:00,59,122,0.1,17.1,17.2,8.6,5.9,1061.0,93.0,2026-08-28 05:36:00,2026-08-28 18:21:00,True,Varanasi
29.5,86,36.5,0.0,0.0,2,7.6,0.359,2026-08-28 18:00:00,59,115,0.0,20.8,21.0,12.1,7.7,882.0,83.0,2026-08-28 05:36:00,2026-08-28 18:21:00,True,Varanasi
28.8,89,35.7,0.0,0.0,3,7.7,0.358,2026-08-28 19:00:00,59,102,0.0,26.2,26.3,16.9,10.1,620.0,70.0,2026-08-28 05:36:00,2026-08-28 18:21:00,False,Varanasi
28.4,90,35.1,0.0,0.0,3,7.2,0.358,2026-08-28 20:00:00,59,83,0.0,31.7,31.8,20.3,12.0,447.0,60.0,2026-08-28 05:36:00,2026-08-28 18:21:00,False,Varanasi
28.2,92,35.0,0.0,0.0,3,6.8,0.357,2026-08-28 21:00:00,60,80,0.0,36.7,36.8,21.2,12.7,457.0,57.0,2026-08-28 05:36:00,2026-08-28 18:21:00,False,Varanasi
28.0,93,35.1,0.0,0.0,3,5.9,0.357,2026-08-28 22:00:00,60,81,0.0,39.0,39.0,20.8,12.9,556.0,57.0,2026-08-28 05:36:00,2026-08-28 18:21:00,False,Varanasi
28.5,91,35.4,0.0,0.0,3,8.1,0.346,2026-08-28 23:00:00,61,82,0.0,35.0,35.0,19.9,12.7,630.0,57.0,2026-08-28 05:36:00,2026-08-28 18:21:00,False,Varanasi
27.9,92,34.6,0.0,0.0,3,7.3,0.346,2026-08-29 00:00:00,61,83,0.0,31.1,31.2,18.8,12.1,636.0,57.0,2026-08-29 05:37:00,2026-08-29 18:20:00,False,Varanasi
27.5,94,34.0,0.0,0.0,3,7.3,0.346,2026-08-29 01:00:00,61,83,0.0,29.2,29.5,17.2,11.1,618.0,57.0,2026-08-29 05:37:00,2026-08-29 18:20:00,False,Varanasi
27.2,94,33.8,0.0,0.0,3,6.5,0.346,2026-08-29 02:00:00,61,83,0.0,27.5,27.9,15.7,10.4,596.0,58.0,2026-08-29 05:37:00,2026-08-29 18:20:00,False,Varanasi
27.1,95,33.8,0.0,0.0,3,5.4,0.346,2026-08-29 03:00:00,61,83,0.0,25.1,25.7,14.5,10.3,574.0,61.0,2026-08-29 05:37:00,2026-08-29 18:20:00,False,Varanasi
27.0,95,33.9,0.0,0.0,3,4.6,0.346,2026-08-29 04:00:00,61,82,0.0,21.4,22.1,13.4,10.5,548.0,65.0,2026-08-29 05:37:00,2026-08-29 18:20:00,False,Varanasi
26.8,98,33.1,0.0,0.0,3,8.7,0.372,2026-08-29 05:00:00,60,81,0.0,13.2,14.1,11.7,8.2,523.0,73.0,2026-08-29 05:37:00,2026-08-29 18:20:00,False,Varanasi
26.7,97,33.0,0.1,0.1,51,8.5,0.373,2026-08-29 06:00:00,60,80,0.2,12.6,13.4,11.1,8.4,500.0,76.0,2026-08-29 05:37:00,2026-08-29 18:20:00,True,Varanasi
27.3,93,33.5,0.0,0.0,3,8.3,0.373,2026-08-29 07:00:00,57,79,0.6,11.2,11.9,10.1,8.5,479.0,81.0,2026-08-29 05:37:00,2026-08-29 18:20:00,True,Varanasi
28.0,90,34.2,0.1,0.1,51,9.2,0.372,2026-08-29 08:00:00,54,77,1.7,11.0,11.5,8.9,8.6,458.0,88.0,2026-08-29 05:37:00,2026-08-29 18:20:00,True,Varanasi
28.9,86,35.5,0.1,0.1,51,6.9,0.37,2026-08-29 09:00:00,51,76,3.2,10.0,10.4,7.1,8.4,437.0,100.0,2026-08-29 05:37:00,2026-08-29 18:20:00,True,Varanasi
29.8,83,36.8,0.0,0.0,3,4.4,0.368,2026-08-29 10:00:00,50,75,4.7,10.2,10.4,5.0,8.0,417.0,115.0,2026-08-29 05:37:00,2026-08-29 18:20:00,True,Varanasi
31.5,75,38.8,0.0,0.0,3,5.1,0.37,2026-08-29 11:00:00,58,74,5.2,10.5,10.7,3.5,7.7,401.0,127.0,2026-08-29 05:37:00,2026-08-29 18:20:00,True,Varanasi
31.7,74,39.2,0.2,0.2,51,5.9,0.366,2026-08-29 12:00:00,61,74,3.9,10.7,10.9,2.9,7.6,383.0,134.0,2026-08-29 05:37:00,2026-08-29 18:20:00,True,Varanasi
31.5,75,38.3,0.2,0.2,51,6.0,0.365,2026-08-29 13:00:00,61,73,3.3,11.8,11.9,2.9,7.5,369.0,137.0,2026-08-29 05:37:00,2026-08-29 18:20:00,True,Varanasi
32.1,73,39.3,0.1,0.1,51,3.9,0.363,2026-08-29 14:00:00,61,72,1.75,12.2,12.3,3.6,7.4,378.0,135.0,2026-08-29 05:37:00,2026-08-29 18:20:00,True,Varanasi
29.5,85,36.8,1.5,1.5,61,3.8,0.376,2026-08-29 15:00:00,57,72,1.05,12.4,12.4,4.9,6.9,432.0,126.0,2026-08-29 05:37:00,2026-08-29 18:20:00,True,Varanasi
29.2,88,36.2,0.9,0.9,53,7.5,0.385,2026-08-29 16:00:00,49,71,0.35,15.1,15.1,6.9,6.3,510.0,113.0,2026-08-29 05:37:00,2026-08-29 18:20:00,True,Varanasi
30.0,81,36.4,0.2,0.2,51,7.7,0.387,2026-08-29 17:00:00,40,76,0.1,9.3,9.3,9.2,7.3,564.0,96.0,2026-08-29 05:37:00,2026-08-29 18:20:00,True,Varanasi
29.2,86,36.7,0.0,0.0,3,2.7,0.386,2026-08-29 18:00:00,39,76,0.0,15.1,15.1,11.3,7.6,570.0,88.0,2026-08-29 05:37:00,2026-08-29 18:20:00,True,Varanasi
27.8,91,34.2,0.6,0.6,53,7.3,0.39,2026-08-29 19:00:00,39,70,0.0,16.2,16.4,14.3,8.0,552.0,77.0,2026-08-29 05:37:00,2026-08-29 18:20:00,False,Varanasi
27.6,94,34.9,1.3,1.3,61,3.5,0.403,2026-08-29 20:00:00,38,69,0.0,18.0,18.3,16.6,8.4,542.0,68.0,2026-08-29 05:37:00,2026-08-29 18:20:00,False,Varanasi
27.4,96,34.5,0.1,0.1,51,4.3,0.401,2026-08-29 21:00:00,37,68,0.0,18.7,19.3,18.0,8.8,558.0,63.0,2026-08-29 05:37:00,2026-08-29 18:20:00,False,Varanasi
27.2,93,33.5,0.0,0.0,3,7.6,0.399,2026-08-29 22:00:00,36,67,0.0,20.4,21.0,18.7,9.2,581.0,59.0,2026-08-29 05:37:00,2026-08-29 18:20:00,False,Varanasi
27.6,94,34.3,0.8,0.8,53,7.4,0.4,2026-08-29 23:00:00,34,65,0.0,20.8,21.4,18.4,9.1,589.0,59.0,2026-08-29 05:37:00,2026-08-29 18:20:00,False,Varanasi
27.3,95,34.1,0.0,0.0,3,6.2,0.398,2026-08-30 00:00:00,33,64,0.0,17.6,18.3,16.1,8.1,565.0,65.0,2026-08-30 05:37:00,2026-08-30 18:19:00,False,Varanasi
26.9,93,33.8,1.1,1.1,55,1.9,0.403,2026-08-30 01:00:00,32,63,0.0,16.5,17.3,12.7,6.5,526.0,73.0,2026-08-30 05:37:00,2026-08-30 18:19:00,False,Varanasi
26.6,95,33.1,2.1,2.1,61,4.7,0.401,2026-08-30 02:00:00,32,62,0.0,14.4,15.0,10.3,5.5,495.0,79.0,2026-08-30 05:37:00,2026-08-30 18:19:00,False,Varanasi
26.4,97,33.2,0.8,0.8,53,3.8,0.399,2026-08-30 03:00:00,31,61,0.0,12.3,12.5,10.3,5.4,482.0,77.0,2026-08-30 05:37:00,2026-08-30 18:19:00,False,Varanasi
26.6,96,33.2,0.3,0.3,51,4.6,0.398,2026-08-30 04:00:00,28,60,0.0,11.0,11.0,11.3,5.9,478.0,71.0,2026-08-30 05:37:00,2026-08-30 18:19:00,False,Varanasi
26.7,96,33.9,0.2,0.2,51,0.6,0.386,2026-08-30 05:00:00,34,59,0.0,11.6,15.5,9.1,8.6,477.0,85.0,2026-08-30 05:37:00,2026-08-30 18:19:00,False,Varanasi
26.7,97,33.5,0.3,0.3,51,4.4,0.389,2026-08-30 06:00:00,35,59,0.1,12.8,16.5,8.5,8.7,482.0,88.0,2026-08-30 05:37:00,2026-08-30 18:19:00,True,Varanasi
27.5,92,34.0,0.0,0.0,3,6.0,0.388,2026-08-30 07:00:00,37,59,0.45,10.9,15.3,7.6,8.8,490.0,92.0,2026-08-30 05:37:00,2026-08-30 18:19:00,True,Varanasi
28.3,88,34.7,0.0,0.0,3,7.5,0.385,2026-08-30 08:00:00,40,59,1.55,8.8,13.0,6.6,8.8,486.0,99.0,2026-08-30 05:37:00,2026-08-30 18:19:00,True,Varanasi
29.7,82,36.6,0.0,0.0,3,4.4,0.382,2026-08-30 09:00:00,46,59,3.5,9.9,14.5,5.4,8.5,458.0,109.0,2026-08-30 05:37:00,2026-08-30 18:19:00,True,Varanasi
30.8,77,38.3,0.1,0.1,51,3.8,0.377,2026-08-30 10:00:00,53,59,5.1,11.1,16.4,4.1,8.0,418.0,120.0,2026-08-30 05:37:00,2026-08-30 18:19:00,True,Varanasi
31.4,75,38.9,0.1,0.1,51,3.9,0.375,2026-08-30 11:00:00,60,59,5.75,11.7,17.5,3.1,7.7,389.0,131.0,2026-08-30 05:37:00,2026-08-30 18:19:00,True,Varanasi
31.3,76,38.3,0.0,0.0,3,4.7,0.371,2026-08-30 12:00:00,62,59,6.8,13.2,20.1,2.3,7.9,381.0,142.0,2026-08-30 05:37:00,2026-08-30 18:19:00,True,Varanasi
32.2,74,40.8,0.1,0.1,51,5.9,0.366,2026-08-30 13:00:00,64,59,6.35,15.2,25.4,1.8,8.3,383.0,152.0,2026-08-30 05:37:00,2026-08-30 18:19:00,True,Varanasi
31.4,77,38.9,0.0,0.0,3,7.2,0.361,2026-08-30 14:00:00,64,65,3.95,18.4,32.9,2.3,8.6,388.0,154.0,2026-08-30 05:37:00,2026-08-30 18:19:00,True,Varanasi
29.1,87,35.3,0.7,0.7,53,11.6,0.365,2026-08-30 15:00:00,62,79,1.7,21.2,38.9,4.5,8.6,393.0,141.0,2026-08-30 05:37:00,2026-08-30 18:19:00,True,Varanasi
29.1,87,35.9,0.2,0.2,51,7.9,0.365,2026-08-30 16:00:00,53,89,0.45,22.9,37.6,7.6,8.4,400.0,120.0,2026-08-30 05:37:00,2026-08-30 18:19:00,True,Varanasi
29.7,85,36.4,0.0,0.0,3,8.6,0.392,2026-08-30 17:00:00,48,94,0.05,29.7,43.1,7.0,7.1,415.0,112.0,2026-08-30 05:37:00,2026-08-30 18:19:00,True,Varanasi
28.9,90,35.8,0.0,0.0,3,8.5,0.39,2026-08-30 18:00:00,42,95,0.0,34.9,46.3,9.5,8.6,448.0,103.0,2026-08-30 05:37:00,2026-08-30 18:19:00,True,Varanasi
28.6,91,35.7,0.0,0.0,3,7.0,0.389,2026-08-30 19:00:00,36,91,0.0,38.9,49.7,13.0,10.7,488.0,90.0,2026-08-30 05:37:00,2026-08-30 18:19:00,False,Varanasi
28.5,91,35.3,0.0,0.0,3,7.9,0.388,2026-08-30 20:00:00,35,82,0.0,41.0,52.4,15.6,12.2,506.0,79.0,2026-08-30 05:37:00,2026-08-30 18:19:00,False,Varanasi
28.0,92,34.3,0.0,0.0,3,10.2,0.386,2026-08-30 21:00:00,37,69,0.0,43.3,55.4,16.6,12.6,485.0,73.0,2026-08-30 05:37:00,2026-08-30 18:19:00,False,Varanasi
27.4,93,33.9,0.0,0.0,3,5.9,0.385,2026-08-30 22:00:00,39,70,0.0,42.7,54.0,16.7,12.4,442.0,70.0,2026-08-30 05:37:00,2026-08-30 18:19:00,False,Varanasi
26.0,96,31.4,1.1,1.1,55,10.4,0.393,2026-08-30 23:00:00,42,72,0.0,42.4,52.9,16.2,11.9,401.0,69.0,2026-08-30 05:37:00,2026-08-30 18:19:00,False,Varanasi
27.4,95,34.6,0.0,0.0,3,3.9,0.371,2026-08-25 00:00:00,65,91,0.0,47.0,58.4,42.0,15.3,580.0,26.0,2026-08-25 05:53:00,2026-08-25 18:46:00,False,Agra
27.2,96,34.3,0.0,0.0,3,4.5,0.37,2026-08-25 01:00:00,64,90,0.0,51.3,64.5,45.5,16.9,498.0,23.0,2026-08-25 05:53:00,2026-08-25 18:46:00,False,Agra
26.9,98,34.3,0.0,0.0,3,1.9,0.369,2026-08-25 02:00:00,64,91,0.0,54.1,68.5,46.9,18.0,431.0,21.0,2026-08-25 05:53:00,2026-08-25 18:46:00,False,Agra
26.8,98,34.3,0.0,0.0,3,1.8,0.368,2026-08-25 03:00:00,65,92,0.0,57.2,71.5,45.1,18.3,397.0,20.0,2026-08-25 05:53:00,2026-08-25 18:46:00,False,Agra
26.7,99,34.2,0.0,0.0,3,0.9,0.367,2026-08-25 04:00:00,65,93,0.0,59.0,72.2,41.2,18.1,378.0,21.0,2026-08-25 05:53:00,2026-08-25 18:46:00,False,Agra
26.5,99,33.1,0.0,0.0,3,5.9,0.384,2026-08-25 05:00:00,66,95,0.0,45.8,55.5,31.4,14.7,362.0,35.0,2026-08-25 05:53:00,2026-08-25 18:46:00,False,Agra
25.6,98,30.9,0.2,0.2,51,10.4,0.385,2026-08-25 06:00:00,67,97,0.05,44.7,53.8,28.0,14.7,344.0,45.0,2026-08-25 05:53:00,2026-08-25 18:46:00,True,Agra
25.7,96,30.9,0.0,0.0,3,11.1,0.383,2026-08-25 07:00:00,68,98,0.3,38.0,46.7,23.2,14.8,330.0,60.0,2026-08-25 05:53:00,2026-08-25 18:46:00,True,Agra
26.9,90,32.6,0.0,0.0,3,6.6,0.381,2026-08-25 08:00:00,68,99,1.1,38.4,46.3,18.4,15.1,323.0,80.0,2026-08-25 05:53:00,2026-08-25 18:46:00,True,Agra
28.6,82,34.5,0.0,0.0,3,6.3,0.377,2026-08-25 09:00:00,69,101,2.6,39.3,45.3,13.6,15.9,327.0,108.0,2026-08-25 05:53:00,2026-08-25 18:46:00,True,Agra
29.9,78,36.2,0.2,0.2,51,6.1,0.374,2026-08-25 10:00:00,69,102,4.55,34.6,38.4,8.8,16.8,339.0,141.0,2026-08-25 05:53:00,2026-08-25 18:46:00,True,Agra
30.8,74,38.5,0.1,0.1,51,3.0,0.37,2026-08-25 11:00:00,69,103,6.25,31.8,33.8,5.2,17.0,349.0,166.0,2026-08-25 05:53:00,2026-08-25 18:46:00,True,Agra
31.8,71,40.6,0.0,0.0,2,2.0,0.364,2026-08-25 12:00:00,69,103,6.65,30.5,31.7,3.1,15.8,352.0,179.0,2026-08-25 05:53:00,2026-08-25 18:46:00,True,Agra
32.4,69,41.3,0.0,0.0,3,2.6,0.357,2026-08-25 13:00:00,70,104,5.9,29.3,29.9,2.3,14.0,352.0,184.0,2026-08-25 05:53:00,2026-08-25 18:46:00,True,Agra
32.7,67,40.6,0.0,0.0,3,4.1,0.351,2026-08-25 14:00:00,70,105,4.2,28.5,29.0,3.1,12.5,358.0,182.0,2026-08-25 05:53:00,2026-08-25 18:46:00,True,Agra
32.2,69,38.7,0.0,0.0,3,6.8,0.346,2026-08-25 15:00:00,70,105,2.25,28.2,28.6,4.9,11.3,368.0,170.0,2026-08-25 05:53:00,2026-08-25 18:46:00,True,Agra
28.8,87,36.3,3.4,3.4,63,1.5,0.384,2026-08-25 16:00:00,70,124,1.0,27.0,27.3,8.3,10.5,384.0,151.0,2026-08-25 05:53:00,2026-08-25 18:46:00,True,Agra
30.6,76,36.9,0.6,0.6,53,7.0,0.379,2026-08-25 17:00:00,70,139,0.1,38.2,38.3,14.8,7.1,410.0,107.0,2026-08-25 05:53:00,2026-08-25 18:46:00,True,Agra
29.8,81,36.5,0.0,0.0,3,5.2,0.377,2026-08-25 18:00:00,71,139,0.0,40.5,40.5,18.9,8.6,453.0,95.0,2026-08-25 05:53:00,2026-08-25 18:46:00,True,Agra
28.9,85,35.5,0.0,0.0,3,5.8,0.375,2026-08-25 19:00:00,71,129,0.0,45.2,45.3,24.7,10.7,507.0,78.0,2026-08-25 05:53:00,2026-08-25 18:46:00,False,Agra
28.3,88,35.3,0.0,0.0,3,2.9,0.374,2026-08-25 20:00:00,72,110,0.0,48.3,48.4,29.6,12.4,562.0,63.0,2026-08-25 05:53:00,2026-08-25 18:46:00,False,Agra
28.4,87,35.6,0.0,0.0,3,1.9,0.372,2026-08-25 21:00:00,72,112,0.0,51.1,51.2,33.1,13.4,622.0,52.0,2026-08-25 05:53:00,2026-08-25 18:46:00,False,Agra
28.2,89,35.4,0.0,0.0,3,2.4,0.371,2026-08-25 22:00:00,73,114,0.0,54.8,55.1,35.7,14.0,683.0,43.0,2026-08-25 05:53:00,2026-08-25 18:46:00,False,Agra
28.3,89,35.6,0.0,0.0,3,2.6,0.374,2026-08-25 23:00:00,74,116,0.0,58.4,58.7,36.5,14.2,725.0,38.0,2026-08-25 05:53:00,2026-08-25 18:46:00,False,Agra
28.2,87,35.3,0.0,0.0,3,1.0,0.373,2026-08-26 00:00:00,74,118,0.0,55.9,56.1,34.1,13.9,737.0,38.0,2026-08-26 05:54:00,2026-08-26 18:45:00,False,Agra
27.7,90,34.3,0.0,0.0,3,5.1,0.372,2026-08-26 01:00:00,74,119,0.0,53.7,53.9,29.8,13.3,729.0,42.0,2026-08-26 05:54:00,2026-08-26 18:45:00,False,Agra
27.7,89,33.9,0.0,0.0,3,6.1,0.371,2026-08-26 02:00:00,74,119,0.0,54.8,55.1,26.6,13.0,720.0,44.0,2026-08-26 05:54:00,2026-08-26 18:45:00,False,Agra
27.5,90,34.0,0.0,0.0,3,5.2,0.369,2026-08-26 03:00:00,74,119,0.0,57.0,57.2,26.0,13.1,725.0,41.0,2026-08-26 05:54:00,2026-08-26 18:45:00,False,Agra
27.4,93,34.1,0.0,0.0,3,5.1,0.368,2026-08-26 04:00:00,74,119,0.0,58.9,59.0,26.4,13.5,728.0,37.0,2026-08-26 05:54:00,2026-08-26 18:45:00,False,Agra
27.3,94,34.2,0.0,0.0,3,4.4,0.365,2026-08-26 05:00:00,74,119,0.0,49.1,49.1,23.5,15.5,695.0,44.0,2026-08-26 05:54:00,2026-08-26 18:45:00,False,Agra
26.0,97,31.6,4.9,4.9,63,9.4,0.427,2026-08-26 06:00:00,75,119,0.05,54.4,54.4,24.4,16.5,589.0,44.0,2026-08-26 05:54:00,2026-08-26 18:45:00,True,Agra
26.0,98,32.1,2.0,2.0,61,7.0,0.431,2026-08-26 07:00:00,75,120,0.45,56.2,56.2,25.5,17.8,446.0,46.0,2026-08-26 05:54:00,2026-08-26 18:45:00,True,Agra
26.5,96,32.7,1.1,1.1,55,7.2,0.428,2026-08-26 08:00:00,75,122,1.45,55.2,55.2,24.5,18.8,346.0,58.0,2026-08-26 05:54:00,2026-08-26 18:45:00,True,Agra
27.1,93,33.5,3.7,3.7,63,6.0,0.434,2026-08-26 09:00:00,76,124,2.5,50.3,50.3,19.6,19.4,329.0,90.0,2026-08-26 05:54:00,2026-08-26 18:45:00,True,Agra
27.3,93,33.5,1.0,1.0,55,8.5,0.427,2026-08-26 10:00:00,76,125,4.9,48.5,48.7,12.6,19.6,354.0,132.0,2026-08-26 05:54:00,2026-08-26 18:45:00,True,Agra
29.7,79,35.9,0.4,0.4,51,6.9,0.418,2026-08-26 11:00:00,77,126,6.35,47.6,47.8,7.1,19.0,377.0,163.0,2026-08-26 05:54:00,2026-08-26 18:45:00,True,Agra
30.4,77,37.1,0.0,0.0,3,4.6,0.41,2026-08-26 12:00:00,77,128,6.1,44.6,44.8,4.3,16.9,380.0,175.0,2026-08-26 05:54:00,2026-08-26 18:45:00,True,Agra
31.4,73,38.2,0.0,0.0,3,5.4,0.403,2026-08-26 13:00:00,78,130,5.7,38.8,39.2,3.1,13.9,381.0,176.0,2026-08-26 05:54:00,2026-08-26 18:45:00,True,Agra
31.4,72,37.8,0.0,0.0,3,4.7,0.397,2026-08-26 14:00:00,78,131,4.15,36.1,36.4,3.4,11.5,387.0,173.0,2026-08-26 05:54:00,2026-08-26 18:45:00,True,Agra
30.9,70,36.5,0.0,0.0,3,6.7,0.394,2026-08-26 15:00:00,78,131,2.4,36.3,36.6,5.0,10.2,396.0,169.0,2026-08-26 05:54:00,2026-08-26 18:45:00,True,Agra
29.8,80,36.4,0.0,0.0,3,5.1,0.392,2026-08-26 16:00:00,79,132,0.9,36.9,37.1,8.1,9.6,411.0,160.0,2026-08-26 05:54:00,2026-08-26 18:45:00,True,Agra
30.7,75,37.1,0.1,0.1,51,5.6,0.38,2026-08-26 17:00:00,79,133,0.25,38.9,39.3,15.1,9.9,448.0,109.0,2026-08-26 05:54:00,2026-08-26 18:45:00,True,Agra
29.3,85,36.4,0.1,0.1,51,4.4,0.379,2026-08-26 18:00:00,79,134,0.0,46.7,47.1,19.0,10.9,533.0,100.0,2026-08-26 05:54:00,2026-08-26 18:45:00,True,Agra
28.8,88,35.7,0.1,0.1,51,6.9,0.379,2026-08-26 19:00:00,79,134,0.0,56.0,56.7,24.2,12.3,640.0,88.0,2026-08-26 05:54:00,2026-08-26 18:45:00,False,Agra
28.5,89,35.2,0.0,0.0,3,6.6,0.377,2026-08-26 20:00:00,80,135,0.0,48.2,49.6,26.9,12.9,709.0,80.0,2026-08-26 05:54:00,2026-08-26 18:45:00,False,Agra
27.6,93,34.4,1.7,1.7,61,6.0,0.396,2026-08-26 21:00:00,80,135,0.0,46.4,48.9,24.6,11.9,701.0,81.0,2026-08-26 05:54:00,2026-08-26 18:45:00,False,Agra
26.9,93,32.5,1.9,1.9,61,11.0,0.417,2026-08-26 22:00:00,79,135,0.0,44.4,47.4,19.8,10.1,654.0,85.0,2026-08-26 05:54:00,2026-08-26 18:45:00,False,Agra
28.4,83,34.3,4.9,4.9,63,6.8,0.433,2026-08-26 23:00:00,79,133,0.0,41.2,44.5,16.4,8.6,623.0,86.0,2026-08-26 05:54:00,2026-08-26 18:45:00,False,Agra
27.8,85,33.6,0.0,0.0,3,6.9,0.419,2026-08-27 00:00:00,79,132,0.0,38.6,42.3,16.1,7.7,642.0,79.0,2026-08-27 05:54:00,2026-08-27 18:44:00,False,Agra
27.4,85,32.6,0.0,0.0,3,8.5,0.412,2026-08-27 01:00:00,78,130,0.0,36.7,40.3,17.1,7.2,677.0,68.0,2026-08-27 05:54:00,2026-08-27 18:44:00,False,Agra
27.0,83,31.7,0.0,0.0,3,8.1,0.407,2026-08-27 02:00:00,77,128,0.0,35.9,39.3,17.8,6.7,677.0,60.0,2026-08-27 05:54:00,2026-08-27 18:44:00,False,Agra
26.8,81,31.3,0.0,0.0,3,7.4,0.403,2026-08-27 03:00:00,77,126,0.0,32.9,39.2,17.1,6.2,608.0,58.0,2026-08-27 05:54:00,2026-08-27 18:44:00,False,Agra
26.5,81,30.6,0.0,0.0,3,9.2,0.399,2026-08-27 04:00:00,76,124,0.0,31.1,37.4,16.1,5.8,504.0,60.0,2026-08-27 05:54:00,2026-08-27 18:44:00,False,Agra
26.5,92,31.8,0.0,0.0,3,9.7,0.384,2026-08-27 05:00:00,75,121,0.0,33.9,44.6,17.4,7.6,421.0,59.0,2026-08-27 05:54:00,2026-08-27 18:44:00,False,Agra
26.2,94,31.3,1.2,1.2,55,11.5,0.398,2026-08-27 06:00:00,75,119,0.1,33.5,43.7,17.7,7.8,382.0,59.0,2026-08-27 05:54:00,2026-08-27 18:44:00,True,Agra
26.0,94,30.8,0.6,0.6,53,12.5,0.401,2026-08-27 07:00:00,74,117,0.5,34.0,44.7,18.1,8.0,363.0,60.0,2026-08-27 05:54:00,2026-08-27 18:44:00,True,Agra
26.4,93,32.9,4.8,4.8,63,1.5,0.433,2026-08-27 08:00:00,73,115,1.6,32.9,46.9,17.8,8.5,353.0,65.0,2026-08-27 05:54:00,2026-08-27 18:44:00,True,Agra
26.5,93,32.8,3.6,3.6,63,4.3,0.436,2026-08-27 09:00:00,72,112,1.55,33.3,51.5,16.4,9.4,351.0,79.0,2026-08-27 05:54:00,2026-08-27 18:44:00,True,Agra
26.6,95,33.0,2.4,2.4,61,4.8,0.432,2026-08-27 10:00:00,72,111,1.65,36.4,54.0,14.4,10.5,358.0,97.0,2026-08-27 05:54:00,2026-08-27 18:44:00,True,Agra
28.7,84,35.0,0.8,0.8,53,6.0,0.431,2026-08-27 11:00:00,71,109,1.85,37.1,56.1,12.5,11.2,356.0,113.0,2026-08-27 05:54:00,2026-08-27 18:44:00,True,Agra
28.8,83,35.0,0.0,0.0,3,6.1,0.421,2026-08-27 12:00:00,71,108,1.9,35.6,54.2,10.6,11.2,334.0,126.0,2026-08-27 05:54:00,2026-08-27 18:44:00,True,Agra
29.5,78,35.8,0.0,0.0,3,4.6,0.414,2026-08-27 13:00:00,71,107,3.95,34.8,52.0,8.7,10.7,304.0,136.0,2026-08-27 05:54:00,2026-08-27 18:44:00,True,Agra
29.3,79,35.9,0.0,0.0,3,2.0,0.41,2026-08-27 14:00:00,71,107,3.2,35.5,53.2,7.6,10.2,285.0,143.0,2026-08-27 05:54:00,2026-08-27 18:44:00,True,Agra
28.8,84,35.5,0.4,0.4,51,3.4,0.41,2026-08-27 15:00:00,71,107,2.15,37.5,58.6,6.8,9.4,272.0,146.0,2026-08-27 05:54:00,2026-08-27 18:44:00,True,Agra
29.7,75,35.6,0.1,0.1,51,4.5,0.407,2026-08-27 16:00:00,71,107,1.05,39.3,65.7,6.8,8.5,270.0,145.0,2026-08-27 05:54:00,2026-08-27 18:44:00,True,Agra
29.7,83,36.7,0.0,0.0,3,4.2,0.406,2026-08-27 17:00:00,71,107,0.25,41.7,73.3,10.3,8.6,318.0,135.0,2026-08-27 05:54:00,2026-08-27 18:44:00,True,Agra
28.8,88,35.6,0.0,0.0,3,6.6,0.403,2026-08-27 18:00:00,71,107,0.0,46.2,75.2,20.4,10.5,472.0,110.0,2026-08-27 05:54:00,2026-08-27 18:44:00,True,Agra
28.1,89,34.4,0.0,0.0,3,7.6,0.401,2026-08-27 19:00:00,71,107,0.0,55.9,91.0,34.0,13.4,677.0,77.0,2026-08-27 05:54:00,2026-08-27 18:44:00,False,Agra
28.0,87,34.0,0.0,0.0,2,7.3,0.399,2026-08-27 20:00:00,71,107,0.0,67.3,109.0,44.3,15.4,801.0,50.0,2026-08-27 05:54:00,2026-08-27 18:44:00,False,Agra
27.8,87,33.6,0.0,0.0,2,8.2,0.397,2026-08-27 21:00:00,71,109,0.0,75.0,123.4,48.9,15.8,778.0,36.0,2026-08-27 05:54:00,2026-08-27 18:44:00,False,Agra
27.3,89,33.0,0.3,0.3,51,8.6,0.398,2026-08-27 22:00:00,72,112,0.0,76.8,130.4,50.3,15.4,675.0,27.0,2026-08-27 05:54:00,2026-08-27 18:44:00,False,Agra
27.6,89,33.3,4.2,4.2,63,9.7,0.423,2026-08-27 23:00:00,73,116,0.0,76.1,133.2,49.1,14.4,563.0,23.0,2026-08-27 05:54:00,2026-08-27 18:44:00,False,Agra
27.3,89,32.7,0.0,0.0,3,10.2,0.417,2026-08-28 00:00:00,75,119,0.0,71.9,129.9,44.1,12.6,452.0,23.0,2026-08-28 05:55:00,2026-08-28 18:42:00,False,Agra
27.1,88,32.2,0.0,0.0,3,10.7,0.413,2026-08-28 01:00:00,76,123,0.0,63.1,111.5,36.4,10.4,334.0,26.0,2026-08-28 05:55:00,2026-08-28 18:42:00,False,Agra
27.0,86,31.8,0.0,0.0,3,10.7,0.409,2026-08-28 02:00:00,77,126,0.0,53.1,88.5,30.4,8.7,250.0,28.0,2026-08-28 05:55:00,2026-08-28 18:42:00,False,Agra
27.0,86,32.0,0.0,0.0,2,9.3,0.406,2026-08-28 03:00:00,77,127,0.0,44.7,70.5,27.9,8.1,225.0,26.0,2026-08-28 05:55:00,2026-08-28 18:42:00,False,Agra
26.9,86,31.7,0.0,0.0,1,10.7,0.404,2026-08-28 04:00:00,78,129,0.0,41.4,63.1,27.1,8.1,235.0,23.0,2026-08-28 05:55:00,2026-08-28 18:42:00,False,Agra
27.4,90,33.1,0.0,0.0,2,9.0,0.394,2026-08-28 05:00:00,78,130,0.0,32.7,47.3,20.6,7.5,255.0,33.0,2026-08-28 05:55:00,2026-08-28 18:42:00,False,Agra
27.7,86,32.8,0.0,0.0,3,11.4,0.393,2026-08-28 06:00:00,78,130,0.1,30.3,41.6,21.1,7.9,287.0,37.0,2026-08-28 05:55:00,2026-08-28 18:42:00,True,Agra
28.0,87,34.1,0.7,0.7,53,7.0,0.399,2026-08-28 07:00:00,78,129,0.55,32.2,46.2,21.5,8.5,329.0,43.0,2026-08-28 05:55:00,2026-08-28 18:42:00,True,Agra
28.8,87,35.8,0.3,0.3,51,4.1,0.399,2026-08-28 08:00:00,78,129,1.7,36.7,53.6,20.1,8.7,352.0,57.0,2026-08-28 05:55:00,2026-08-28 18:42:00,True,Agra
30.0,80,36.2,0.2,0.2,51,9.1,0.397,2026-08-28 09:00:00,78,129,3.7,44.6,87.5,15.2,8.2,342.0,85.0,2026-08-28 05:55:00,2026-08-28 18:42:00,True,Agra
29.8,80,36.2,0.4,0.4,51,8.7,0.397,2026-08-28 10:00:00,78,131,5.05,47.6,101.5,8.5,7.2,314.0,121.0,2026-08-28 05:55:00,2026-08-28 18:42:00,True,Agra
32.8,64,38.5,0.1,0.1,51,11.9,0.401,2026-08-28 11:00:00,79,132,7.25,46.4,101.7,3.5,6.4,281.0,146.0,2026-08-28 05:55:00,2026-08-28 18:42:00,True,Agra
33.5,60,39.5,0.0,0.0,1,12.9,0.393,2026-08-28 12:00:00,79,133,7.55,47.0,107.3,1.6,5.7,239.0,151.0,2026-08-28 05:55:00,2026-08-28 18:42:00,True,Agra
33.8,58,40.0,0.0,0.0,1,12.4,0.385,2026-08-28 13:00:00,79,134,6.35,49.1,122.0,1.5,5.2,192.0,145.0,2026-08-28 05:55:00,2026-08-28 18:42:00,True,Agra
33.8,55,38.8,0.1,0.1,51,12.5,0.378,2026-08-28 14:00:00,80,135,4.9,52.4,145.3,2.4,4.8,168.0,137.0,2026-08-28 05:55:00,2026-08-28 18:42:00,True,Agra
33.9,56,38.5,0.0,0.0,2,11.5,0.372,2026-08-28 15:00:00,80,137,2.7,55.1,167.2,3.9,4.6,165.0,129.0,2026-08-28 05:55:00,2026-08-28 18:42:00,True,Agra
33.5,59,38.3,0.0,0.0,3,10.2,0.367,2026-08-28 16:00:00,81,139,1.15,57.4,176.5,6.4,4.7,184.0,119.0,2026-08-28 05:55:00,2026-08-28 18:42:00,True,Agra
33.0,64,38.9,0.0,0.0,3,7.5,0.344,2026-08-28 17:00:00,81,141,0.3,63.6,195.1,10.0,5.8,256.0,109.0,2026-08-28 05:55:00,2026-08-28 18:42:00,True,Agra
31.5,74,38.5,0.0,0.0,3,3.8,0.344,2026-08-28 18:00:00,82,143,0.0,67.3,190.5,23.2,8.8,445.0,84.0,2026-08-28 05:55:00,2026-08-28 18:42:00,True,Agra
31.0,75,37.9,0.0,0.0,3,3.1,0.344,2026-08-28 19:00:00,84,145,0.0,76.1,208.6,41.0,12.8,685.0,51.0,2026-08-28 05:55:00,2026-08-28 18:42:00,False,Agra
30.6,76,37.7,0.0,0.0,3,1.4,0.345,2026-08-28 20:00:00,86,147,0.0,83.4,204.0,51.8,15.1,813.0,27.0,2026-08-28 05:55:00,2026-08-28 18:42:00,False,Agra
29.5,81,35.5,0.0,0.0,3,8.2,0.345,2026-08-28 21:00:00,87,149,0.0,73.8,155.1,49.3,14.0,724.0,23.0,2026-08-28 05:55:00,2026-08-28 18:42:00,False,Agra
29.1,77,34.5,0.0,0.0,3,7.3,0.345,2026-08-28 22:00:00,88,149,0.0,57.7,101.3,39.8,11.2,523.0,29.0,2026-08-28 05:55:00,2026-08-28 18:42:00,False,Agra
28.9,78,34.3,0.0,0.0,3,7.7,0.348,2026-08-28 23:00:00,87,147,0.0,42.3,59.8,31.0,8.7,354.0,35.0,2026-08-28 05:55:00,2026-08-28 18:42:00,False,Agra
28.6,77,33.4,0.0,0.0,1,9.4,0.348,2026-08-29 00:00:00,86,144,0.0,33.3,45.5,25.1,7.2,272.0,40.0,2026-08-29 05:55:00,2026-08-29 18:41:00,False,Agra
28.3,78,32.9,0.0,0.0,1,10.1,0.348,2026-08-29 01:00:00,85,140,0.0,29.1,40.4,19.9,6.0,222.0,45.0,2026-08-29 05:55:00,2026-08-29 18:41:00,False,Agra
28.4,78,32.8,0.0,0.0,2,11.4,0.347,2026-08-29 02:00:00,84,136,0.0,27.7,41.4,16.2,5.3,193.0,48.0,2026-08-29 05:55:00,2026-08-29 18:41:00,False,Agra
28.4,77,32.5,0.0,0.0,3,13.2,0.347,2026-08-29 03:00:00,83,133,0.0,27.6,42.1,14.9,5.3,187.0,46.0,2026-08-29 05:55:00,2026-08-29 18:41:00,False,Agra
28.1,78,32.2,0.0,0.0,3,13.2,0.347,2026-08-29 04:00:00,82,132,0.0,27.4,40.7,15.2,5.9,201.0,43.0,2026-08-29 05:55:00,2026-08-29 18:41:00,False,Agra
28.2,80,32.9,0.0,0.0,3,11.7,0.34,2026-08-29 05:00:00,82,130,0.0,26.7,40.4,13.3,5.9,212.0,48.0,2026-08-29 05:55:00,2026-08-29 18:41:00,False,Agra
28.2,81,33.0,0.0,0.0,2,11.7,0.34,2026-08-29 06:00:00,82,129,0.15,26.5,41.7,12.3,5.8,214.0,54.0,2026-08-29 05:55:00,2026-08-29 18:41:00,True,Agra
28.8,80,34.0,0.0,0.0,1,10.6,0.339,2026-08-29 07:00:00,82,129,0.85,27.2,44.0,10.8,5.8,214.0,62.0,2026-08-29 05:55:00,2026-08-29 18:41:00,True,Agra
29.8,75,34.7,0.0,0.0,1,12.1,0.337,2026-08-29 08:00:00,82,129,2.35,27.8,50.4,9.1,5.6,210.0,74.0,2026-08-29 05:55:00,2026-08-29 18:41:00,True,Agra
30.8,71,35.6,0.0,0.0,1,12.0,0.333,2026-08-29 09:00:00,82,128,4.5,28.4,53.8,6.9,5.4,199.0,93.0,2026-08-29 05:55:00,2026-08-29 18:41:00,True,Agra
31.9,67,37.5,0.0,0.0,1,11.8,0.328,2026-08-29 10:00:00,81,126,6.7,29.0,57.7,4.5,5.0,184.0,116.0,2026-08-29 05:55:00,2026-08-29 18:41:00,True,Agra
33.1,60,39.3,0.0,0.0,1,11.1,0.322,2026-08-29 11:00:00,81,124,8.45,30.5,66.8,2.8,4.7,171.0,131.0,2026-08-29 05:55:00,2026-08-29 18:41:00,True,Agra
33.7,56,39.6,0.0,0.0,0,10.8,0.316,2026-08-29 12:00:00,80,122,8.05,32.8,79.2,1.8,4.3,160.0,135.0,2026-08-29 05:55:00,2026-08-29 18:41:00,True,Agra
34.1,54,40.0,0.0,0.0,2,10.2,0.309,2026-08-29 13:00:00,79,121,6.6,33.5,81.7,1.5,3.8,152.0,131.0,2026-08-29 05:55:00,2026-08-29 18:41:00,True,Agra
34.0,54,39.3,0.0,0.0,3,11.4,0.303,2026-08-29 14:00:00,79,119,4.6,32.8,78.9,2.4,3.6,154.0,125.0,2026-08-29 05:55:00,2026-08-29 18:41:00,True,Agra
33.6,56,37.8,0.0,0.0,3,12.4,0.298,2026-08-29 15:00:00,78,117,2.65,31.4,71.9,5.2,3.8,171.0,117.0,2026-08-29 05:55:00,2026-08-29 18:41:00,True,Agra
33.1,60,37.8,0.0,0.0,3,10.4,0.295,2026-08-29 16:00:00,76,115,1.15,30.4,63.6,9.3,4.2,199.0,107.0,2026-08-29 05:55:00,2026-08-29 18:41:00,True,Agra
32.1,65,37.3,0.0,0.0,3,8.7,0.292,2026-08-29 17:00:00,74,112,0.35,27.1,57.6,8.8,4.1,231.0,105.0,2026-08-29 05:55:00,2026-08-29 18:41:00,True,Agra
30.8,74,37.3,0.0,0.0,3,3.8,0.292,2026-08-29 18:00:00,72,108,0.0,31.3,55.5,14.3,5.5,273.0,89.0,2026-08-29 05:55:00,2026-08-29 18:41:00,True,Agra
29.9,76,35.9,0.0,0.0,3,5.8,0.293,2026-08-29 19:00:00,70,104,0.0,35.7,58.6,21.6,7.3,319.0,67.0,2026-08-29 05:55:00,2026-08-29 18:41:00,False,Agra
29.6,73,34.5,0.0,0.0,3,9.1,0.293,2026-08-29 20:00:00,68,100,0.0,34.1,53.4,25.7,8.3,341.0,52.0,2026-08-29 05:55:00,2026-08-29 18:41:00,False,Agra
29.2,72,33.7,0.0,0.0,3,8.8,0.293,2026-08-29 21:00:00,67,96,0.0,30.3,48.4,23.3,7.6,319.0,50.0,2026-08-29 05:55:00,2026-08-29 18:41:00,False,Agra
28.7,75,33.3,0.0,0.0,3,9.2,0.293,2026-08-29 22:00:00,65,93,0.0,26.5,44.7,17.6,6.2,272.0,55.0,2026-08-29 05:55:00,2026-08-29 18:41:00,False,Agra
28.8,75,33.2,0.0,0.0,3,10.9,0.296,2026-08-29 23:00:00,64,90,0.0,23.5,41.1,13.2,5.0,231.0,58.0,2026-08-29 05:55:00,2026-08-29 18:41:00,False,Agra
28.5,74,32.7,0.0,0.0,3,11.0,0.296,2026-08-30 00:00:00,64,89,0.0,21.5,37.4,11.8,4.6,203.0,57.0,2026-08-30 05:56:00,2026-08-30 18:40:00,False,Agra
28.4,73,32.2,0.0,0.0,3,12.0,0.296,2026-08-30 01:00:00,63,88,0.0,20.5,34.6,11.7,4.5,180.0,54.0,2026-08-30 05:56:00,2026-08-30 18:40:00,False,Agra
28.2,74,31.9,0.0,0.0,2,12.4,0.296,2026-08-30 02:00:00,63,87,0.0,20.1,32.6,12.0,4.6,167.0,51.0,2026-08-30 05:56:00,2026-08-30 18:40:00,False,Agra
27.8,76,31.8,0.0,0.0,2,10.7,0.296,2026-08-30 03:00:00,63,87,0.0,20.3,31.9,12.9,4.9,168.0,46.0,2026-08-30 05:56:00,2026-08-30 18:40:00,False,Agra
27.4,78,31.6,0.0,0.0,3,9.9,0.296,2026-08-30 04:00:00,63,86,0.0,20.8,32.2,14.3,5.3,180.0,41.0,2026-08-30 05:56:00,2026-08-30 18:40:00,False,Agra
28.1,76,32.2,0.0,0.0,3,11.1,0.295,2026-08-30 05:00:00,62,86,0.0,20.5,28.0,11.9,5.2,194.0,50.0,2026-08-30 05:56:00,2026-08-30 18:40:00,False,Agra
27.8,77,32.0,0.1,0.1,51,10.6,0.297,2026-08-30 06:00:00,62,85,0.05,22.2,34.7,12.0,5.6,214.0,51.0,2026-08-30 05:56:00,2026-08-30 18:40:00,True,Agra
27.7,78,31.8,0.0,0.0,3,11.1,0.297,2026-08-30 07:00:00,62,85,0.55,24.5,39.7,12.0,6.0,236.0,53.0,2026-08-30 05:56:00,2026-08-30 18:40:00,True,Agra
27.8,78,32.0,0.0,0.0,3,11.3,0.296,2026-08-30 08:00:00,62,85,1.4,26.5,45.2,11.3,6.3,246.0,58.0,2026-08-30 05:56:00,2026-08-30 18:40:00,True,Agra
27.9,78,32.4,0.0,0.0,3,9.3,0.296,2026-08-30 09:00:00,62,84,1.9,27.6,51.1,9.4,6.2,233.0,70.0,2026-08-30 05:56:00,2026-08-30 18:40:00,True,Agra
29.2,73,33.7,0.0,0.0,3,10.5,0.294,2026-08-30 10:00:00,62,84,1.9,27.9,55.8,6.9,5.9,208.0,85.0,2026-08-30 05:56:00,2026-08-30 18:40:00,True,Agra
31.2,67,35.9,0.0,0.0,3,10.7,0.291,2026-08-30 11:00:00,62,84,3.9,29.0,56.6,4.8,5.5,188.0,98.0,2026-08-30 05:56:00,2026-08-30 18:40:00,True,Agra
30.7,69,35.5,0.0,0.0,3,9.6,0.288,2026-08-30 12:00:00,62,84,4.55,30.7,61.7,3.3,5.1,177.0,110.0,2026-08-30 05:56:00,2026-08-30 18:40:00,True,Agra
30.6,69,35.5,0.0,0.0,3,9.0,0.286,2026-08-30 13:00:00,62,84,6.25,31.8,65.7,2.2,4.7,171.0,120.0,2026-08-30 05:56:00,2026-08-30 18:40:00,True,Agra
30.5,70,35.6,0.0,0.0,3,8.3,0.284,2026-08-30 14:00:00,62,84,3.95,32.4,70.5,2.4,4.5,170.0,123.0,2026-08-30 05:56:00,2026-08-30 18:40:00,True,Agra
31.2,67,36.3,0.0,0.0,3,8.6,0.282,2026-08-30 15:00:00,62,84,2.5,31.0,66.1,4.4,4.4,171.0,115.0,2026-08-30 05:56:00,2026-08-30 18:40:00,True,Agra
31.7,65,36.7,0.0,0.0,3,8.2,0.279,2026-08-30 16:00:00,62,84,0.85,29.5,60.5,7.7,4.5,177.0,99.0,2026-08-30 05:56:00,2026-08-30 18:40:00,True,Agra
31.6,66,37.0,0.0,0.0,3,7.4,0.266,2026-08-30 17:00:00,62,84,0.25,32.0,69.4,7.8,4.9,197.0,98.0,2026-08-30 05:56:00,2026-08-30 18:40:00,True,Agra
30.3,74,36.5,0.0,0.0,3,3.7,0.266,2026-08-30 18:00:00,62,84,0.0,37.6,71.9,14.0,6.6,247.0,82.0,2026-08-30 05:56:00,2026-08-30 18:40:00,True,Agra
29.7,77,35.9,0.0,0.0,3,4.2,0.267,2026-08-30 19:00:00,62,85,0.0,40.5,70.1,22.4,8.8,311.0,59.0,2026-08-30 05:56:00,2026-08-30 18:40:00,False,Agra
29.2,79,35.2,0.0,0.0,3,5.1,0.268,2026-08-30 20:00:00,62,85,0.0,42.1,68.0,27.6,10.0,347.0,42.0,2026-08-30 05:56:00,2026-08-30 18:40:00,False,Agra
28.7,80,34.8,0.0,0.0,3,4.2,0.268,2026-08-30 21:00:00,62,86,0.0,39.6,59.3,26.6,9.3,330.0,37.0,2026-08-30 05:56:00,2026-08-30 18:40:00,False,Agra
28.5,79,33.6,0.0,0.0,3,8.3,0.269,2026-08-30 22:00:00,63,86,0.0,33.8,49.4,22.4,7.6,285.0,37.0,2026-08-30 05:56:00,2026-08-30 18:40:00,False,Agra
28.5,74,32.7,0.0,0.0,3,10.6,0.27,2026-08-30 23:00:00,63,87,0.0,29.3,44.4,18.5,6.1,242.0,39.0,2026-08-30 05:56:00,2026-08-30 18:40:00,False,Agra
27.4,94,34.5,0.0,0.0,3,3.2,0.37,2026-08-25 00:00:00,64,89,0.0,34.8,35.5,12.0,6.8,531.0,85.0,2026-08-25 05:45:00,2026-08-25 18:36:00,False,Kanpur
27.1,95,34.5,0.0,0.0,3,1.7,0.369,2026-08-25 01:00:00,64,89,0.0,34.9,35.5,11.9,6.6,573.0,82.0,2026-08-25 05:45:00,2026-08-25 18:36:00,False,Kanpur
27.0,96,34.4,0.0,0.0,3,1.0,0.369,2026-08-25 02:00:00,63,88,0.0,34.1,34.5,12.0,6.5,591.0,79.0,2026-08-25 05:45:00,2026-08-25 18:36:00,False,Kanpur
27.0,97,34.4,0.0,0.0,3,1.1,0.368,2026-08-25 03:00:00,63,88,0.0,32.7,33.1,12.5,6.5,557.0,75.0,2026-08-25 05:45:00,2026-08-25 18:36:00,False,Kanpur
26.9,97,34.3,0.0,0.0,3,2.2,0.368,2026-08-25 04:00:00,63,87,0.0,31.9,32.1,13.2,6.6,499.0,71.0,2026-08-25 05:45:00,2026-08-25 18:36:00,False,Kanpur
26.3,95,32.0,0.2,0.2,51,8.6,0.374,2026-08-25 05:00:00,63,86,0.0,29.8,30.0,11.8,5.8,451.0,74.0,2026-08-25 05:45:00,2026-08-25 18:36:00,False,Kanpur
26.4,95,32.5,1.1,1.1,55,6.8,0.387,2026-08-25 06:00:00,63,86,0.15,31.7,31.9,11.9,6.6,424.0,75.0,2026-08-25 05:45:00,2026-08-25 18:36:00,True,Kanpur
26.9,94,33.8,0.3,0.3,51,2.3,0.389,2026-08-25 07:00:00,63,87,0.75,29.9,30.0,12.1,7.7,406.0,78.0,2026-08-25 05:45:00,2026-08-25 18:36:00,True,Kanpur
27.5,92,34.6,0.1,0.1,51,1.6,0.389,2026-08-25 08:00:00,63,87,1.75,29.7,29.9,11.7,8.4,402.0,82.0,2026-08-25 05:45:00,2026-08-25 18:36:00,True,Kanpur
28.8,87,35.8,0.4,0.4,51,5.1,0.39,2026-08-25 09:00:00,63,87,2.6,30.2,30.4,10.4,8.2,425.0,90.0,2026-08-25 05:45:00,2026-08-25 18:36:00,True,Kanpur
27.9,90,34.2,2.4,2.4,61,8.0,0.41,2026-08-25 10:00:00,63,88,3.4,28.1,28.3,8.6,7.5,462.0,100.0,2026-08-25 05:45:00,2026-08-25 18:36:00,True,Kanpur
27.5,92,34.2,5.4,5.4,63,5.4,0.406,2026-08-25 11:00:00,64,89,3.5,24.8,25.1,7.2,6.8,472.0,107.0,2026-08-25 05:45:00,2026-08-25 18:36:00,True,Kanpur
27.1,91,32.8,2.7,2.7,63,9.3,0.395,2026-08-25 12:00:00,64,89,4.15,23.2,23.5,6.5,6.2,426.0,111.0,2026-08-25 05:45:00,2026-08-25 18:36:00,True,Kanpur
27.8,88,33.5,2.1,2.1,61,9.4,0.394,2026-08-25 13:00:00,64,89,2.85,21.3,21.7,6.2,5.6,354.0,112.0,2026-08-25 05:45:00,2026-08-25 18:36:00,True,Kanpur
28.9,86,35.1,0.4,0.4,51,9.2,0.392,2026-08-25 14:00:00,64,89,2.1,21.7,22.0,6.4,5.2,308.0,111.0,2026-08-25 05:45:00,2026-08-25 18:36:00,True,Kanpur
29.7,82,35.7,0.1,0.1,51,10.8,0.387,2026-08-25 15:00:00,64,89,0.55,20.6,20.8,7.6,5.1,313.0,105.0,2026-08-25 05:45:00,2026-08-25 18:36:00,True,Kanpur
27.7,89,33.3,1.7,1.7,61,11.4,0.393,2026-08-25 16:00:00,64,89,0.5,19.3,19.4,9.3,5.1,344.0,97.0,2026-08-25 05:45:00,2026-08-25 18:36:00,True,Kanpur
27.3,93,33.2,1.1,1.1,55,10.6,0.401,2026-08-25 17:00:00,63,88,0.05,34.8,35.0,11.5,6.2,373.0,95.0,2026-08-25 05:45:00,2026-08-25 18:36:00,True,Kanpur
26.9,94,31.7,1.0,1.0,55,16.8,0.395,2026-08-25 18:00:00,64,89,0.0,33.5,33.6,11.0,6.2,388.0,96.0,2026-08-25 05:45:00,2026-08-25 18:36:00,True,Kanpur
26.4,95,31.7,1.7,1.7,61,11.8,0.394,2026-08-25 19:00:00,64,89,0.0,30.6,30.7,10.4,6.2,401.0,97.0,2026-08-25 05:45:00,2026-08-25 18:36:00,False,Kanpur
26.6,95,32.1,2.0,2.0,61,11.5,0.393,2026-08-25 20:00:00,64,89,0.0,28.1,28.2,9.7,6.1,421.0,98.0,2026-08-25 05:45:00,2026-08-25 18:36:00,False,Kanpur
25.9,96,31.3,5.7,5.7,63,9.9,0.392,2026-08-25 21:00:00,64,89,0.0,24.8,24.9,9.0,5.8,465.0,99.0,2026-08-25 05:45:00,2026-08-25 18:36:00,False,Kanpur
26.1,97,31.7,2.5,2.5,63,9.8,0.391,2026-08-25 22:00:00,63,88,0.0,22.7,22.8,8.3,5.5,516.0,100.0,2026-08-25 05:45:00,2026-08-25 18:36:00,False,Kanpur
26.4,96,32.6,9.5,9.5,65,6.8,0.39,2026-08-25 23:00:00,63,87,0.0,20.5,20.5,7.7,5.2,529.0,100.0,2026-08-25 05:45:00,2026-08-25 18:36:00,False,Kanpur
26.1,98,32.2,1.9,1.9,61,7.0,0.39,2026-08-26 00:00:00,62,86,0.0,19.5,19.6,7.2,5.0,469.0,99.0,2026-08-26 05:45:00,2026-08-26 18:35:00,False,Kanpur
25.7,98,32.0,7.4,7.4,63,5.0,0.39,2026-08-26 01:00:00,62,85,0.0,17.0,17.1,6.8,4.8,372.0,97.0,2026-08-26 05:45:00,2026-08-26 18:35:00,False,Kanpur
25.5,99,31.2,5.8,5.8,63,7.7,0.389,2026-08-26 02:00:00,61,83,0.0,14.3,14.4,6.7,4.7,301.0,94.0,2026-08-26 05:45:00,2026-08-26 18:35:00,False,Kanpur
25.3,98,30.4,4.3,4.3,63,10.8,0.389,2026-08-26 03:00:00,61,82,0.0,13.0,13.1,7.0,4.8,287.0,90.0,2026-08-26 05:45:00,2026-08-26 18:35:00,False,Kanpur
25.3,99,30.6,5.0,5.0,63,9.6,0.388,2026-08-26 04:00:00,60,80,0.0,12.8,12.8,7.5,4.9,299.0,86.0,2026-08-26 05:45:00,2026-08-26 18:35:00,False,Kanpur
26.1,98,31.5,4.0,4.0,63,12.1,0.389,2026-08-26 05:00:00,57,79,0.0,13.6,13.6,7.6,3.7,311.0,81.0,2026-08-26 05:45:00,2026-08-26 18:35:00,False,Kanpur
26.5,96,32.1,1.7,1.7,61,11.1,0.39,2026-08-26 06:00:00,54,77,0.1,14.8,14.9,8.1,4.5,313.0,78.0,2026-08-26 05:45:00,2026-08-26 18:35:00,True,Kanpur
26.9,96,32.5,0.9,0.9,53,13.3,0.39,2026-08-26 07:00:00,51,76,0.5,15.5,15.6,8.7,5.6,314.0,74.0,2026-08-26 05:45:00,2026-08-26 18:35:00,True,Kanpur
27.0,93,32.7,4.4,4.4,63,11.0,0.389,2026-08-26 08:00:00,49,75,1.35,13.5,13.5,8.8,6.6,314.0,75.0,2026-08-26 05:45:00,2026-08-26 18:35:00,True,Kanpur
27.8,93,34.5,2.9,2.9,63,8.0,0.389,2026-08-26 09:00:00,46,74,2.95,13.2,13.3,7.7,7.3,312.0,85.0,2026-08-26 05:45:00,2026-08-26 18:35:00,True,Kanpur
28.8,86,35.0,0.7,0.7,53,9.7,0.388,2026-08-26 10:00:00,44,72,4.55,13.6,13.7,6.0,8.0,309.0,99.0,2026-08-26 05:45:00,2026-08-26 18:35:00,True,Kanpur
28.1,87,34.0,5.0,5.0,63,9.1,0.388,2026-08-26 11:00:00,47,71,4.4,14.1,14.2,4.8,8.4,311.0,111.0,2026-08-26 05:45:00,2026-08-26 18:35:00,True,Kanpur
28.8,85,35.3,0.7,0.7,53,6.4,0.389,2026-08-26 12:00:00,53,70,3.45,15.3,15.4,4.4,8.7,322.0,120.0,2026-08-26 05:45:00,2026-08-26 18:35:00,True,Kanpur
30.0,82,37.0,0.2,0.2,51,5.3,0.386,2026-08-26 13:00:00,57,70,2.4,17.1,17.2,4.4,8.9,337.0,126.0,2026-08-26 05:45:00,2026-08-26 18:35:00,True,Kanpur
30.6,80,37.4,0.3,0.3,51,7.7,0.384,2026-08-26 14:00:00,59,69,1.7,18.9,19.0,4.9,8.7,351.0,128.0,2026-08-26 05:45:00,2026-08-26 18:35:00,True,Kanpur
29.2,86,35.7,1.3,1.3,61,8.4,0.389,2026-08-26 15:00:00,55,69,0.95,19.8,20.0,6.2,7.8,359.0,122.0,2026-08-26 05:45:00,2026-08-26 18:35:00,True,Kanpur
28.5,91,35.7,0.8,0.8,53,5.8,0.389,2026-08-26 16:00:00,48,69,0.4,21.0,21.1,8.0,6.6,365.0,112.0,2026-08-26 05:45:00,2026-08-26 18:35:00,True,Kanpur
29.2,88,36.0,0.6,0.6,53,8.1,0.384,2026-08-26 17:00:00,45,69,0.1,31.1,31.5,9.6,7.5,373.0,108.0,2026-08-26 05:45:00,2026-08-26 18:35:00,True,Kanpur
28.6,91,35.6,0.1,0.1,51,7.3,0.383,2026-08-26 18:00:00,40,69,0.0,31.3,31.5,11.6,7.7,387.0,100.0,2026-08-26 05:45:00,2026-08-26 18:35:00,True,Kanpur
27.9,95,34.8,0.1,0.1,51,7.8,0.383,2026-08-26 19:00:00,38,69,0.0,31.8,32.0,14.4,7.9,403.0,90.0,2026-08-26 05:45:00,2026-08-26 18:35:00,False,Kanpur
27.6,93,33.9,0.5,0.5,53,9.0,0.386,2026-08-26 20:00:00,38,69,0.0,31.2,31.4,16.1,8.1,412.0,82.0,2026-08-26 05:45:00,2026-08-26 18:35:00,False,Kanpur
26.3,97,31.9,6.0,6.0,63,11.2,0.385,2026-08-26 21:00:00,38,69,0.0,29.2,29.4,15.8,8.1,407.0,81.0,2026-08-26 05:45:00,2026-08-26 18:35:00,False,Kanpur
25.9,97,31.3,8.1,8.1,65,10.2,0.385,2026-08-26 22:00:00,39,70,0.0,29.8,30.0,14.4,7.9,395.0,82.0,2026-08-26 05:45:00,2026-08-26 18:35:00,False,Kanpur
27.0,96,33.9,2.5,2.5,63,4.8,0.385,2026-08-26 23:00:00,39,70,0.0,26.8,26.9,13.2,7.8,383.0,83.0,2026-08-26 05:45:00,2026-08-26 18:35:00,False,Kanpur
26.2,97,32.5,7.9,7.9,65,5.9,0.385,2026-08-27 00:00:00,40,71,0.0,25.9,26.0,12.5,7.7,376.0,82.0,2026-08-27 05:46:00,2026-08-27 18:34:00,False,Kanpur
25.9,98,32.3,4.1,4.1,63,5.0,0.385,2026-08-27 01:00:00,41,71,0.0,25.5,25.6,12.0,7.7,371.0,81.0,2026-08-27 05:46:00,2026-08-27 18:34:00,False,Kanpur
25.5,99,32.0,5.2,5.2,63,2.2,0.385,2026-08-27 02:00:00,42,72,0.0,25.0,25.1,11.6,7.8,362.0,79.0,2026-08-27 05:46:00,2026-08-27 18:34:00,False,Kanpur
25.5,99,31.6,1.7,1.7,61,5.9,0.384,2026-08-27 03:00:00,44,73,0.0,24.7,24.8,11.5,8.0,343.0,76.0,2026-08-27 05:46:00,2026-08-27 18:34:00,False,Kanpur
25.3,99,31.1,2.7,2.7,63,7.0,0.384,2026-08-27 04:00:00,46,74,0.0,24.5,24.6,11.6,8.3,321.0,73.0,2026-08-27 05:46:00,2026-08-27 18:34:00,False,Kanpur
26.3,97,32.7,6.4,6.4,63,6.4,0.372,2026-08-27 05:00:00,48,74,0.0,23.4,23.5,12.1,6.7,314.0,68.0,2026-08-27 05:46:00,2026-08-27 18:34:00,False,Kanpur
26.1,97,31.7,4.1,4.1,63,9.6,0.398,2026-08-27 06:00:00,50,75,0.15,24.8,24.9,11.6,7.2,338.0,72.0,2026-08-27 05:46:00,2026-08-27 18:34:00,True,Kanpur
26.9,94,33.1,0.9,0.9,53,8.0,0.397,2026-08-27 07:00:00,51,76,0.6,24.2,24.2,10.8,8.0,378.0,79.0,2026-08-27 05:46:00,2026-08-27 18:34:00,True,Kanpur
27.4,93,33.9,0.6,0.6,53,6.2,0.395,2026-08-27 08:00:00,53,77,1.8,25.4,25.5,9.6,8.8,403.0,89.0,2026-08-27 05:46:00,2026-08-27 18:34:00,True,Kanpur
29.3,85,36.0,0.4,0.4,51,6.3,0.393,2026-08-27 09:00:00,55,78,3.15,26.2,26.3,7.7,9.7,398.0,107.0,2026-08-27 05:46:00,2026-08-27 18:34:00,True,Kanpur
29.7,83,36.7,0.3,0.3,51,4.8,0.391,2026-08-27 10:00:00,59,79,3.6,26.7,26.7,5.5,10.7,379.0,128.0,2026-08-27 05:46:00,2026-08-27 18:34:00,True,Kanpur
30.8,76,38.3,0.4,0.4,51,6.3,0.39,2026-08-27 11:00:00,62,80,3.6,26.2,26.2,4.0,11.1,363.0,143.0,2026-08-27 05:46:00,2026-08-27 18:34:00,True,Kanpur
30.8,76,37.6,0.4,0.4,51,5.0,0.388,2026-08-27 12:00:00,63,81,3.25,26.0,26.0,3.4,10.6,354.0,148.0,2026-08-27 05:46:00,2026-08-27 18:34:00,True,Kanpur
30.8,76,37.1,0.7,0.7,53,8.1,0.39,2026-08-27 13:00:00,63,81,2.6,26.1,26.2,3.5,9.5,348.0,146.0,2026-08-27 05:46:00,2026-08-27 18:34:00,True,Kanpur
28.4,88,35.1,5.0,5.0,63,5.8,0.392,2026-08-27 14:00:00,62,82,1.9,23.5,23.6,4.3,8.4,348.0,141.0,2026-08-27 05:46:00,2026-08-27 18:34:00,True,Kanpur
29.6,85,36.6,0.9,0.9,53,5.7,0.391,2026-08-27 15:00:00,61,83,1.25,24.9,25.0,5.6,7.3,354.0,131.0,2026-08-27 05:46:00,2026-08-27 18:34:00,True,Kanpur
29.7,83,36.1,0.2,0.2,51,8.7,0.39,2026-08-27 16:00:00,61,86,0.4,21.0,21.0,7.6,6.1,365.0,117.0,2026-08-27 05:46:00,2026-08-27 18:34:00,True,Kanpur
29.0,83,34.6,0.4,0.4,51,10.8,0.383,2026-08-27 17:00:00,61,92,0.1,19.4,19.5,10.6,5.8,383.0,102.0,2026-08-27 05:46:00,2026-08-27 18:34:00,True,Kanpur
28.4,86,34.4,0.0,0.0,3,7.8,0.381,2026-08-27 18:00:00,61,91,0.0,20.4,20.4,16.1,7.1,414.0,86.0,2026-08-27 05:46:00,2026-08-27 18:34:00,True,Kanpur
27.9,89,34.2,0.0,0.0,3,6.5,0.38,2026-08-27 19:00:00,60,82,0.0,24.7,24.8,22.7,9.1,451.0,69.0,2026-08-27 05:46:00,2026-08-27 18:34:00,False,Kanpur
27.7,90,33.9,0.0,0.0,3,7.5,0.379,2026-08-27 20:00:00,60,81,0.0,30.2,30.2,26.5,10.2,472.0,58.0,2026-08-27 05:46:00,2026-08-27 18:34:00,False,Kanpur
27.6,90,34.1,0.0,0.0,3,5.7,0.378,2026-08-27 21:00:00,60,81,0.0,32.8,32.9,25.3,9.4,465.0,58.0,2026-08-27 05:46:00,2026-08-27 18:34:00,False,Kanpur
27.4,92,34.1,0.0,0.0,2,4.0,0.377,2026-08-27 22:00:00,60,81,0.0,30.9,30.9,21.3,7.7,443.0,63.0,2026-08-27 05:46:00,2026-08-27 18:34:00,False,Kanpur
28.0,91,34.6,0.0,0.0,3,7.3,0.377,2026-08-27 23:00:00,60,81,0.0,26.8,27.0,17.8,6.4,421.0,69.0,2026-08-27 05:46:00,2026-08-27 18:34:00,False,Kanpur
27.2,94,33.8,0.4,0.4,51,6.0,0.38,2026-08-28 00:00:00,60,81,0.0,21.5,21.7,15.9,6.0,401.0,72.0,2026-08-28 05:46:00,2026-08-28 18:33:00,False,Kanpur
26.2,97,31.9,4.2,4.2,63,9.8,0.385,2026-08-28 01:00:00,60,81,0.0,20.1,20.3,14.4,6.0,382.0,75.0,2026-08-28 05:46:00,2026-08-28 18:33:00,False,Kanpur
25.8,96,31.4,8.8,8.8,65,7.9,0.384,2026-08-28 02:00:00,60,80,0.0,19.7,20.0,13.1,6.2,371.0,78.0,2026-08-28 05:46:00,2026-08-28 18:33:00,False,Kanpur
26.0,97,32.3,1.7,1.7,61,5.3,0.384,2026-08-28 03:00:00,59,80,0.0,20.2,20.5,12.1,6.5,377.0,79.0,2026-08-28 05:46:00,2026-08-28 18:33:00,False,Kanpur
26.2,97,32.6,0.7,0.7,53,5.1,0.384,2026-08-28 04:00:00,58,79,0.0,17.8,18.1,11.4,6.9,392.0,80.0,2026-08-28 05:46:00,2026-08-28 18:33:00,False,Kanpur
26.0,97,32.6,1.5,1.5,61,3.2,0.383,2026-08-28 05:00:00,57,79,0.0,40.4,43.2,16.7,11.5,398.0,55.0,2026-08-28 05:46:00,2026-08-28 18:33:00,False,Kanpur
26.0,97,32.6,2.0,2.0,61,3.1,0.383,2026-08-28 06:00:00,60,80,0.15,43.2,46.3,15.5,12.2,386.0,62.0,2026-08-28 05:46:00,2026-08-28 18:33:00,True,Kanpur
26.5,96,32.6,0.4,0.4,51,6.9,0.382,2026-08-28 07:00:00,61,82,0.6,39.6,43.7,13.9,13.2,366.0,73.0,2026-08-28 05:46:00,2026-08-28 18:33:00,True,Kanpur
27.7,88,34.1,0.2,0.2,51,4.3,0.382,2026-08-28 08:00:00,61,83,1.85,38.1,43.7,11.8,14.1,352.0,87.0,2026-08-28 05:46:00,2026-08-28 18:33:00,True,Kanpur
28.1,87,34.4,0.7,0.7,53,5.5,0.382,2026-08-28 09:00:00,62,84,3.35,35.4,42.3,9.1,14.7,354.0,108.0,2026-08-28 05:46:00,2026-08-28 18:33:00,True,Kanpur
29.8,80,36.9,0.4,0.4,51,3.6,0.38,2026-08-28 10:00:00,62,85,4.65,31.5,38.4,6.0,15.2,362.0,133.0,2026-08-28 05:46:00,2026-08-28 18:33:00,True,Kanpur
30.5,77,37.8,0.0,0.0,3,8.9,0.373,2026-08-28 11:00:00,64,85,5.1,30.2,37.3,3.7,15.2,366.0,152.0,2026-08-28 05:46:00,2026-08-28 18:33:00,True,Kanpur
29.7,82,36.1,1.0,1.0,55,9.3,0.378,2026-08-28 12:00:00,66,85,3.95,30.9,39.1,2.7,14.4,362.0,161.0,2026-08-28 05:46:00,2026-08-28 18:33:00,True,Kanpur
30.9,78,38.0,0.5,0.5,53,7.9,0.377,2026-08-28 13:00:00,66,86,4.0,34.2,44.2,2.4,13.1,354.0,164.0,2026-08-28 05:46:00,2026-08-28 18:33:00,True,Kanpur
31.1,79,38.4,0.5,0.5,53,5.9,0.378,2026-08-28 14:00:00,66,86,2.9,37.5,50.9,3.1,12.0,344.0,162.0,2026-08-28 05:46:00,2026-08-28 18:33:00,True,Kanpur
31.2,78,38.2,0.3,0.3,51,6.4,0.376,2026-08-28 15:00:00,64,88,1.95,39.5,54.2,4.9,11.3,328.0,154.0,2026-08-28 05:46:00,2026-08-28 18:33:00,True,Kanpur
30.9,78,37.6,0.1,0.1,51,7.3,0.373,2026-08-28 16:00:00,64,105,0.8,43.8,60.1,7.6,10.8,310.0,141.0,2026-08-28 05:46:00,2026-08-28 18:33:00,True,Kanpur
29.1,91,37.0,3.7,3.7,63,3.1,0.387,2026-08-28 17:00:00,64,116,0.15,36.2,44.8,10.6,10.1,303.0,116.0,2026-08-28 05:46:00,2026-08-28 18:33:00,True,Kanpur
28.4,95,36.0,2.6,2.6,63,5.5,0.386,2026-08-28 18:00:00,65,118,0.0,34.0,40.5,14.6,10.4,314.0,101.0,2026-08-28 05:46:00,2026-08-28 18:33:00,True,Kanpur
27.8,96,34.8,0.2,0.2,51,7.6,0.386,2026-08-28 19:00:00,65,111,0.0,34.0,38.9,20.2,10.9,337.0,81.0,2026-08-28 05:46:00,2026-08-28 18:33:00,False,Kanpur
27.5,96,34.5,0.0,0.0,3,6.2,0.385,2026-08-28 20:00:00,66,96,0.0,39.7,44.9,24.2,11.2,360.0,66.0,2026-08-28 05:46:00,2026-08-28 18:33:00,False,Kanpur
26.7,97,32.9,1.8,1.8,61,9.0,0.385,2026-08-28 21:00:00,66,94,0.0,45.4,51.0,25.4,11.3,387.0,61.0,2026-08-28 05:46:00,2026-08-28 18:33:00,False,Kanpur
26.3,97,32.8,2.9,2.9,63,5.0,0.385,2026-08-28 22:00:00,66,95,0.0,46.1,52.2,25.0,11.2,415.0,61.0,2026-08-28 05:46:00,2026-08-28 18:33:00,False,Kanpur
27.0,96,34.0,0.9,0.9,53,4.1,0.384,2026-08-28 23:00:00,67,96,0.0,41.8,46.8,24.1,10.9,424.0,61.0,2026-08-28 05:46:00,2026-08-28 18:33:00,False,Kanpur
26.9,98,33.5,1.9,1.9,61,8.1,0.384,2026-08-29 00:00:00,67,98,0.0,38.4,43.1,22.7,10.2,400.0,59.0,2026-08-29 05:47:00,2026-08-29 18:32:00,False,Kanpur
27.2,96,33.6,0.2,0.2,51,8.8,0.384,2026-08-29 01:00:00,68,99,0.0,38.6,43.8,20.7,9.3,356.0,57.0,2026-08-29 05:47:00,2026-08-29 18:32:00,False,Kanpur
27.5,94,33.6,0.1,0.1,51,10.5,0.383,2026-08-29 02:00:00,69,100,0.0,39.1,45.3,19.3,8.6,321.0,55.0,2026-08-29 05:47:00,2026-08-29 18:32:00,False,Kanpur
27.4,92,33.2,0.0,0.0,3,10.2,0.382,2026-08-29 03:00:00,69,102,0.0,40.2,47.8,19.4,8.4,302.0,51.0,2026-08-29 05:47:00,2026-08-29 18:32:00,False,Kanpur
26.9,92,32.3,0.2,0.2,51,11.2,0.383,2026-08-29 04:00:00,70,105,0.0,40.4,49.4,20.0,8.5,290.0,48.0,2026-08-29 05:47:00,2026-08-29 18:32:00,False,Kanpur
27.4,90,33.6,0.3,0.3,51,6.0,0.381,2026-08-29 05:00:00,71,107,0.0,32.0,49.9,14.1,5.9,286.0,65.0,2026-08-29 05:47:00,2026-08-29 18:32:00,False,Kanpur
26.8,93,33.3,3.1,3.1,63,4.4,0.382,2026-08-29 06:00:00,70,106,0.1,33.3,54.7,12.9,6.0,295.0,69.0,2026-08-29 05:47:00,2026-08-29 18:32:00,True,Kanpur
27.5,90,34.1,0.8,0.8,53,3.8,0.382,2026-08-29 07:00:00,70,105,0.45,31.5,63.8,11.2,6.2,312.0,75.0,2026-08-29 05:47:00,2026-08-29 18:32:00,True,Kanpur
28.2,87,35.2,0.4,0.4,51,2.0,0.382,2026-08-29 08:00:00,70,104,1.55,32.2,70.8,9.4,6.6,319.0,83.0,2026-08-29 05:47:00,2026-08-29 18:32:00,True,Kanpur
29.5,81,36.2,0.1,0.1,51,4.6,0.38,2026-08-29 09:00:00,70,104,3.15,36.2,87.1,7.5,7.4,304.0,95.0,2026-08-29 05:47:00,2026-08-29 18:32:00,True,Kanpur
30.9,75,37.4,0.0,0.0,3,6.7,0.375,2026-08-29 10:00:00,70,104,4.05,39.5,102.4,5.6,8.5,278.0,110.0,2026-08-29 05:47:00,2026-08-29 18:32:00,True,Kanpur
32.7,68,39.0,0.0,0.0,3,10.7,0.377,2026-08-29 11:00:00,70,104,4.65,42.6,119.2,4.2,9.3,258.0,123.0,2026-08-29 05:47:00,2026-08-29 18:32:00,True,Kanpur
33.3,67,41.0,0.0,0.0,3,10.1,0.369,2026-08-29 12:00:00,70,106,4.7,45.4,129.9,3.4,9.9,249.0,133.0,2026-08-29 05:47:00,2026-08-29 18:32:00,True,Kanpur
33.3,68,41.0,0.0,0.0,3,9.2,0.361,2026-08-29 13:00:00,71,107,4.1,47.8,136.4,3.2,10.2,247.0,142.0,2026-08-29 05:47:00,2026-08-29 18:32:00,True,Kanpur
30.0,80,36.1,0.4,0.4,51,14.0,0.358,2026-08-29 14:00:00,71,109,3.05,49.7,137.4,3.6,10.3,248.0,145.0,2026-08-29 05:47:00,2026-08-29 18:32:00,True,Kanpur
28.2,89,34.7,6.1,6.1,63,7.2,0.386,2026-08-29 15:00:00,72,110,1.7,51.0,136.0,4.7,9.8,251.0,141.0,2026-08-29 05:47:00,2026-08-29 18:32:00,True,Kanpur
28.4,89,35.4,0.4,0.4,51,4.8,0.385,2026-08-29 16:00:00,72,111,0.65,51.3,131.8,6.5,9.1,259.0,132.0,2026-08-29 05:47:00,2026-08-29 18:32:00,True,Kanpur
30.0,81,37.1,0.0,0.0,3,3.6,0.399,2026-08-29 17:00:00,72,112,0.15,60.3,156.0,10.4,10.3,277.0,116.0,2026-08-29 05:47:00,2026-08-29 18:32:00,True,Kanpur
29.2,88,36.8,0.0,0.0,3,3.6,0.384,2026-08-29 18:00:00,73,114,0.0,60.5,143.4,13.7,10.7,319.0,103.0,2026-08-29 05:47:00,2026-08-29 18:32:00,True,Kanpur
28.9,90,36.5,0.0,0.0,3,3.5,0.383,2026-08-29 19:00:00,74,117,0.0,60.3,130.4,18.4,11.2,372.0,84.0,2026-08-29 05:47:00,2026-08-29 18:32:00,False,Kanpur
28.6,92,36.4,0.0,0.0,3,3.1,0.381,2026-08-29 20:00:00,75,120,0.0,57.2,114.1,22.0,11.4,404.0,69.0,2026-08-29 05:47:00,2026-08-29 18:32:00,False,Kanpur
28.4,93,36.1,0.0,0.0,3,4.1,0.38,2026-08-29 21:00:00,76,122,0.0,53.6,101.3,23.6,11.3,398.0,60.0,2026-08-29 05:47:00,2026-08-29 18:32:00,False,Kanpur
28.3,92,35.5,0.0,0.0,3,5.2,0.379,2026-08-29 22:00:00,77,123,0.0,49.9,91.0,24.2,10.9,371.0,55.0,2026-08-29 05:47:00,2026-08-29 18:32:00,False,Kanpur
28.8,90,35.9,0.1,0.1,51,7.2,0.382,2026-08-29 23:00:00,77,123,0.0,45.9,81.3,24.6,10.3,343.0,49.0,2026-08-29 05:47:00,2026-08-29 18:32:00,False,Kanpur
28.3,91,35.1,0.1,0.1,51,7.0,0.382,2026-08-30 00:00:00,78,123,0.0,42.5,70.5,25.0,9.3,318.0,42.0,2026-08-30 05:47:00,2026-08-30 18:31:00,False,Kanpur
28.1,90,34.8,0.0,0.0,3,6.1,0.381,2026-08-30 01:00:00,78,124,0.0,40.3,63.3,25.3,8.2,293.0,34.0,2026-08-30 05:47:00,2026-08-30 18:31:00,False,Kanpur
28.0,88,34.4,0.0,0.0,3,5.5,0.38,2026-08-30 02:00:00,79,124,0.0,38.2,56.3,25.7,7.3,274.0,28.0,2026-08-30 05:47:00,2026-08-30 18:31:00,False,Kanpur
27.7,86,33.5,0.0,0.0,3,7.4,0.379,2026-08-30 03:00:00,79,124,0.0,36.0,50.2,27.0,7.0,267.0,22.0,2026-08-30 05:47:00,2026-08-30 18:31:00,False,Kanpur
27.4,84,32.6,0.0,0.0,3,7.6,0.377,2026-08-30 04:00:00,79,123,0.0,34.6,47.1,28.5,7.0,266.0,18.0,2026-08-30 05:47:00,2026-08-30 18:31:00,False,Kanpur
28.2,80,33.1,0.0,0.0,3,9.3,0.381,2026-08-30 05:00:00,79,123,0.0,28.2,46.4,18.2,5.9,262.0,34.0,2026-08-30 05:47:00,2026-08-30 18:31:00,False,Kanpur
27.9,81,32.9,0.0,0.0,3,9.0,0.379,2026-08-30 06:00:00,79,123,0.2,31.2,57.2,15.5,6.0,252.0,44.0,2026-08-30 05:47:00,2026-08-30 18:31:00,True,Kanpur
28.4,81,34.0,0.0,0.0,3,6.9,0.377,2026-08-30 07:00:00,79,122,0.9,33.6,65.9,11.7,6.2,238.0,57.0,2026-08-30 05:47:00,2026-08-30 18:31:00,True,Kanpur
29.1,79,35.6,0.0,0.0,3,2.3,0.375,2026-08-30 08:00:00,79,123,2.15,36.9,105.5,8.5,6.4,226.0,71.0,2026-08-30 05:47:00,2026-08-30 18:31:00,True,Kanpur
30.3,75,36.8,0.0,0.0,3,3.4,0.371,2026-08-30 09:00:00,79,123,2.9,38.1,111.1,6.3,6.5,215.0,85.0,2026-08-30 05:47:00,2026-08-30 18:31:00,True,Kanpur
30.8,73,37.2,0.0,0.0,3,4.4,0.366,2026-08-30 10:00:00,80,123,3.4,39.2,105.5,4.7,6.6,205.0,100.0,2026-08-30 05:47:00,2026-08-30 18:31:00,True,Kanpur
31.9,68,37.9,0.0,0.0,3,5.5,0.373,2026-08-30 11:00:00,80,123,4.35,38.0,96.9,3.6,6.7,197.0,110.0,2026-08-30 05:47:00,2026-08-30 18:31:00,True,Kanpur
31.9,68,38.1,0.0,0.0,3,4.8,0.367,2026-08-30 12:00:00,79,123,4.55,35.3,87.1,3.0,6.9,190.0,115.0,2026-08-30 05:47:00,2026-08-30 18:31:00,True,Kanpur
32.5,67,39.8,0.0,0.0,3,4.2,0.36,2026-08-30 13:00:00,79,122,3.95,32.4,80.1,2.8,7.0,186.0,115.0,2026-08-30 05:47:00,2026-08-30 18:31:00,True,Kanpur
32.5,65,38.6,0.0,0.0,3,4.5,0.354,2026-08-30 14:00:00,78,120,2.7,30.7,77.8,3.3,7.2,188.0,113.0,2026-08-30 05:47:00,2026-08-30 18:31:00,True,Kanpur
32.7,62,38.4,0.0,0.0,3,5.0,0.349,2026-08-30 15:00:00,77,118,1.45,29.0,71.7,4.6,7.3,198.0,107.0,2026-08-30 05:47:00,2026-08-30 18:31:00,True,Kanpur
29.7,75,34.2,0.5,0.5,53,13.7,0.35,2026-08-30 16:00:00,76,116,0.5,27.7,61.9,6.5,7.4,215.0,97.0,2026-08-30 05:47:00,2026-08-30 18:31:00,True,Kanpur
28.3,90,34.8,3.9,3.9,63,8.1,0.39,2026-08-30 17:00:00,75,113,0.15,44.4,106.6,6.5,7.8,242.0,106.0,2026-08-30 05:47:00,2026-08-30 18:31:00,True,Kanpur
27.3,95,33.9,1.4,1.4,61,6.4,0.39,2026-08-30 18:00:00,74,112,0.0,46.6,102.4,10.1,8.8,283.0,94.0,2026-08-30 05:47:00,2026-08-30 18:31:00,True,Kanpur
27.4,95,34.5,0.6,0.6,53,4.3,0.389,2026-08-30 19:00:00,73,110,0.0,52.5,114.8,15.2,10.2,333.0,78.0,2026-08-30 05:47:00,2026-08-30 18:31:00,False,Kanpur
27.4,96,34.5,0.1,0.1,51,4.9,0.387,2026-08-30 20:00:00,73,109,0.0,56.2,120.6,20.1,11.6,383.0,63.0,2026-08-30 05:47:00,2026-08-30 18:31:00,False,Kanpur
27.4,96,34.6,0.0,0.0,3,4.7,0.386,2026-08-30 21:00:00,73,109,0.0,59.1,125.7,25.1,13.1,441.0,53.0,2026-08-30 05:47:00,2026-08-30 18:31:00,False,Kanpur
27.4,96,34.5,0.0,0.0,3,5.0,0.385,2026-08-30 22:00:00,73,110,0.0,63.6,136.0,30.0,14.6,499.0,45.0,2026-08-30 05:47:00,2026-08-30 18:31:00,False,Kanpur
28.4,94,36.1,0.0,0.0,3,4.3,0.386,2026-08-30 23:00:00,74,111,0.0,67.8,144.4,32.3,15.0,515.0,39.0,2026-08-30 05:47:00,2026-08-30 18:31:00,False,Kanpur
